# 3ds Max Wavefront OBJ Exporter v0.97b - (c)2007 guruware
# File Created: 25.03.2020 18:20:41

mtllib Macbook Pro 2020.mtl

#
# object Rectangle004
#

v  -166.9592 124.1616 -118.9608
v  -169.6935 123.8461 -118.9608
v  -169.6375 123.6060 -118.9608
v  -166.9451 123.9168 -118.9608
v  -172.2026 122.9483 -118.9608
v  -172.0943 122.7270 -118.9608
v  -174.4168 121.5398 -118.9608
v  -174.2627 121.3476 -118.9608
v  -176.2640 119.6925 -118.9608
v  -176.0719 119.5384 -118.9608
v  -177.6725 117.4784 -118.9608
v  -177.4512 117.3700 -118.9608
v  -178.5703 114.9693 -118.9608
v  -178.3302 114.9132 -118.9608
v  -178.8858 112.2349 -118.9608
v  -178.6410 112.2208 -118.9608
v  -178.8858 108.9945 -118.9608
v  -178.6410 108.9945 -118.9608
v  -169.3583 122.4096 -119.0931
v  -166.8749 122.6962 -119.0931
v  -166.9273 123.6074 -119.0931
v  -169.5667 123.3028 -119.0931
v  -171.5545 121.6238 -119.0931
v  -171.9575 122.4474 -119.0931
v  -173.4944 120.3898 -119.0931
v  -174.0680 121.1049 -119.0931
v  -175.1140 118.7702 -119.0931
v  -175.8291 119.3437 -119.0931
v  -176.3480 116.8302 -119.0931
v  -177.1716 117.2332 -119.0931
v  -177.1339 114.6341 -119.0931
v  -178.0271 114.8425 -119.0931
v  -178.3316 112.2030 -119.0931
v  -177.4204 112.1507 -119.0931
v  -178.3316 108.9945 -119.0931
v  -177.4204 108.9945 -119.0931
v  -166.8749 112.1506 -119.0931
v  -162.2669 112.1506 -119.0931
v  -162.2669 114.6341 -119.0931
v  -166.8749 114.6341 -119.0931
v  -2.2069 124.1616 -118.9608
v  -4.4675 124.1616 -118.9608
v  -4.4675 123.9168 -118.9608
v  -2.2069 123.9168 -118.9608
v  -4.4675 122.6962 -119.0931
v  -2.2069 122.6962 -119.0931
v  -2.2069 123.6074 -119.0931
v  -4.4675 123.6074 -119.0931
v  -0.0069 124.1616 -118.9608
v  -0.0069 123.9168 -118.9608
v  -0.0069 122.6962 -119.0931
v  -0.0069 123.6074 -119.0931
v  -169.3583 112.1506 -119.0931
v  -169.3583 114.6341 -119.0931
v  -171.5545 114.6341 -119.0931
v  -171.5545 112.1506 -119.0931
v  -2.2069 118.7702 -119.0931
v  -4.4675 118.7702 -119.0931
v  -4.4675 116.8302 -119.0931
v  -2.2069 116.8302 -119.0931
v  -166.8749 118.7702 -119.0931
v  -169.3583 118.7702 -119.0931
v  -169.3583 116.8302 -119.0931
v  -166.8749 116.8302 -119.0931
v  -171.5545 118.7702 -119.0931
v  -171.5545 116.8302 -119.0931
v  -171.5545 108.9945 -119.0931
v  -162.2669 116.8302 -119.0931
v  -0.0069 118.7702 -119.0931
v  -178.8858 106.5705 -118.9608
v  -178.6410 106.5705 -118.9608
v  -177.4204 106.5705 -119.0931
v  -178.3316 106.5705 -119.0931
v  -171.5545 106.5705 -119.0931
v  -86.6462 112.1506 -119.0931
v  -86.6462 114.6341 -119.0931
v  -122.3265 114.6341 -119.0931
v  -122.3265 112.1506 -119.0931
v  -162.2669 124.1616 -118.9608
v  -162.2669 123.9168 -118.9608
v  -162.2669 122.6962 -119.0931
v  -162.2669 123.6074 -119.0931
v  -162.2669 118.7702 -119.0931
v  -86.6462 116.8302 -119.0931
v  -122.3265 116.8302 -119.0931
v  -178.8858 82.4806 -118.9608
v  -178.8858 60.8147 -118.9608
v  -178.6410 60.8147 -118.9608
v  -178.6410 82.4806 -118.9608
v  -177.4204 60.8147 -119.0931
v  -177.4204 82.4806 -119.0931
v  -178.3316 82.4806 -119.0931
v  -178.3316 60.8147 -119.0931
v  -171.5545 60.8147 -119.0931
v  -171.5545 82.4806 -119.0931
v  -12.0576 124.1616 -118.9608
v  -12.0576 123.9168 -118.9608
v  -12.0576 122.6962 -119.0931
v  -12.0576 123.6074 -119.0931
v  -12.0576 118.7702 -119.0931
v  -12.0576 116.8302 -119.0931
v  -2.2069 112.1507 -119.0931
v  -2.2069 114.6341 -119.0931
v  -4.4675 114.6341 -119.0931
v  -4.4675 112.1507 -119.0931
v  -12.0576 112.1507 -119.0931
v  -12.0576 114.6341 -119.0931
v  -13.8796 114.6341 -119.0931
v  -13.8796 112.1507 -119.0931
v  -13.8796 116.8302 -119.0931
v  -13.8796 124.1616 -118.9608
v  -15.2854 124.1616 -118.9608
v  -15.2854 123.9168 -118.9608
v  -13.8796 123.9168 -118.9608
v  -15.2854 122.6962 -119.0931
v  -13.8796 122.6962 -119.0931
v  -13.8796 123.6074 -119.0931
v  -15.2854 123.6074 -119.0931
v  -15.2854 118.7702 -119.0931
v  -15.2854 116.8302 -119.0931
v  -13.8796 118.7702 -119.0931
v  -166.9612 124.1962 -119.9745
v  -166.3803 123.7059 -120.1511
v  -169.1108 123.3910 -120.1511
v  -169.7014 123.8800 -119.9745
v  -171.6183 122.4941 -120.1511
v  -172.2179 122.9796 -119.9745
v  -173.8310 121.0871 -120.1511
v  -174.4386 121.5670 -119.9745
v  -175.6771 119.2418 -120.1511
v  -176.2912 119.7143 -119.9745
v  -177.0846 117.0299 -120.1511
v  -177.7038 117.4937 -119.9745
v  -177.9818 114.5234 -120.1511
v  -178.6042 114.9772 -119.9745
v  -178.2969 111.7940 -120.1511
v  -178.9204 112.2369 -119.9745
v  -178.2969 108.5644 -120.1511
v  -178.9204 108.9945 -119.9745
v  -2.2069 124.1962 -119.9745
v  -2.1991 123.7059 -120.1511
v  -4.4516 123.7059 -120.1511
v  -4.4675 124.1962 -119.9745
v  -0.0069 123.7059 -120.1511
v  -0.0069 124.1962 -119.9745
v  -178.2969 106.1500 -120.1511
v  -178.9204 106.5705 -119.9745
v  -162.2669 124.1962 -119.9745
v  -161.7028 123.7059 -120.1511
v  -178.2969 82.1705 -120.1511
v  -178.2969 60.6054 -120.1511
v  -178.9204 60.8147 -119.9745
v  -178.9204 82.4806 -119.9745
v  -12.0146 123.7059 -120.1511
v  -12.0576 124.1962 -119.9745
v  -13.8796 124.1962 -119.9745
v  -13.8301 123.7059 -120.1511
v  -15.2309 123.7059 -120.1511
v  -15.2854 124.1962 -119.9745
v  -178.8858 104.1465 -118.9608
v  -178.6410 104.1465 -118.9608
v  -178.3316 104.1465 -119.0931
v  -177.4204 104.1465 -119.0931
v  -171.5545 104.1465 -119.0931
v  -178.2969 103.7357 -120.1511
v  -178.9204 104.1465 -119.9745
v  -162.0036 116.0429 -121.8427
v  -165.8457 120.6875 -121.1275
v  -163.1693 120.9955 -121.1275
v  -159.3877 116.3359 -121.8437
v  -164.4070 115.2040 -121.8415
v  -168.3035 119.8103 -121.1275
v  -166.5290 113.8864 -121.8402
v  -170.4724 118.4343 -121.1275
v  -172.2819 116.6295 -121.1275
v  -168.3006 112.1575 -121.8387
v  -173.6615 114.4663 -121.1275
v  -169.6529 110.0845 -121.8372
v  -174.5410 112.0149 -121.1275
v  -170.5170 107.7346 -121.8357
v  -174.8498 109.3454 -121.1275
v  -170.8239 105.1751 -121.8341
v  -174.8498 106.1869 -121.1275
v  -170.8300 102.1462 -121.8324
v  -4.2555 116.2016 -121.8921
v  -4.3635 120.9955 -121.1275
v  -2.1556 120.9955 -121.1275
v  -2.1024 116.2014 -121.8921
v  -0.0069 120.9955 -121.1275
v  -0.0069 116.2014 -121.8921
v  -174.8498 103.8256 -121.1275
v  -170.8346 99.8817 -121.8311
v  -158.5844 120.9955 -121.1275
v  -154.9075 116.3320 -121.8451
v  -11.7767 120.9955 -121.1275
v  -11.4850 116.2030 -121.8915
v  -13.2205 116.2034 -121.8914
v  -13.5563 120.9955 -121.1275
v  -84.6269 120.9955 -121.1275
v  -82.6042 116.2683 -121.8680
v  -116.6259 116.3002 -121.8565
v  -119.4757 120.9955 -121.1275
v  -174.8498 101.4643 -121.1275
v  -170.8392 97.6171 -121.8298
v  -158.4739 111.0360 -122.2805
v  -155.9196 111.3183 -122.2805
v  -160.8196 110.2321 -122.2805
v  -162.8895 108.9707 -122.2805
v  -164.6164 107.3165 -122.2805
v  -165.9332 105.3337 -122.2805
v  -166.7725 103.0867 -122.2805
v  -167.0672 100.6400 -122.2805
v  -167.0672 97.7448 -122.2805
v  -4.1648 111.3183 -122.2805
v  -2.0576 111.3183 -122.2805
v  -0.0069 111.3183 -122.2805
v  -167.0672 95.5805 -122.2805
v  -151.5439 111.3183 -122.2805
v  -11.2397 111.3183 -122.2805
v  -12.9381 111.3183 -122.2805
v  -80.7662 111.3183 -122.2805
v  -114.0251 111.3183 -122.2805
v  -167.0672 93.4161 -122.2805
v  -11.2397 15.8512 -122.2805
v  -11.2397 17.2845 -122.2805
v  -4.1648 17.2845 -122.2805
v  -4.1648 15.8512 -122.2805
v  -4.1648 95.5805 -122.2805
v  -11.2397 95.5805 -122.2805
v  -11.2398 97.7448 -122.2805
v  -4.1647 97.7448 -122.2805
v  -12.9381 95.5805 -122.2805
v  -11.2398 93.4161 -122.2805
v  -12.9381 93.4161 -122.2805
v  -4.1648 100.6400 -122.2805
v  -11.2397 100.6400 -122.2805
v  -11.2397 103.0867 -122.2805
v  -4.1648 103.0867 -122.2805
v  -12.9381 100.6400 -122.2805
v  -12.9381 97.7448 -122.2805
v  -4.1647 105.3337 -122.2805
v  -11.2397 105.3337 -122.2805
v  -11.2397 107.3165 -122.2805
v  -4.1648 107.3165 -122.2805
v  -12.9381 105.3337 -122.2805
v  -12.9381 103.0867 -122.2805
v  -155.9196 107.3165 -122.2805
v  -158.4739 107.3165 -122.2805
v  -155.9196 105.3337 -122.2805
v  -158.4739 105.3337 -122.2805
v  -155.9196 103.0867 -122.2805
v  -158.4739 103.0867 -122.2805
v  -155.9196 100.6400 -122.2805
v  -158.4739 100.6400 -122.2805
v  -155.9196 97.7448 -122.2805
v  -158.4739 97.7448 -122.2805
v  -155.9196 95.5805 -122.2805
v  -158.4739 95.5805 -122.2805
v  -155.9196 93.4161 -122.2805
v  -158.4739 93.4161 -122.2805
v  -155.9196 55.3503 -122.2805
v  -158.4739 55.3503 -122.2805
v  -158.4739 74.3832 -122.2805
v  -155.9196 74.3832 -122.2805
v  -155.9196 15.8512 -122.2805
v  -155.9196 17.2845 -122.2805
v  -151.5439 17.2845 -122.2805
v  -151.5439 15.8512 -122.2805
v  -151.5439 93.4161 -122.2805
v  -151.5439 95.5805 -122.2805
v  -151.5439 97.7448 -122.2805
v  -151.5439 100.6400 -122.2805
v  -151.5439 103.0867 -122.2805
v  -151.5439 105.3337 -122.2805
v  -151.5439 107.3165 -122.2805
v  -160.8196 107.3165 -122.2805
v  -160.8196 105.3337 -122.2805
v  -160.8196 103.0867 -122.2805
v  -160.8196 100.6400 -122.2805
v  -160.8196 97.7448 -122.2805
v  -160.8196 95.5805 -122.2805
v  -160.8196 93.4161 -122.2805
v  -160.8196 55.3503 -122.2805
v  -167.0672 55.3503 -122.2805
v  -167.0672 74.3832 -122.2805
v  -160.8196 74.3832 -122.2805
v  -160.8196 15.8512 -122.2805
v  -160.8196 17.2845 -122.2805
v  -158.4739 17.2845 -122.2805
v  -158.4739 15.8512 -122.2805
v  -12.9381 107.3165 -122.2805
v  -14.2485 107.3165 -122.2805
v  -14.2485 111.3183 -122.2805
v  -14.2485 105.3337 -122.2805
v  -14.2485 103.0867 -122.2805
v  -14.2485 100.6400 -122.2805
v  -14.2485 97.7448 -122.2805
v  -14.2485 95.5805 -122.2805
v  -14.2485 93.4161 -122.2805
v  -12.9381 55.3503 -122.2805
v  -14.2485 55.3503 -122.2805
v  -14.2485 74.3832 -122.2805
v  -12.9381 74.3832 -122.2805
v  -0.0069 95.5805 -122.2805
v  -0.0069 93.4161 -122.2805
v  -2.0576 93.4161 -122.2805
v  -2.0576 95.5805 -122.2805
v  -0.0069 97.7448 -122.2805
v  -2.0576 97.7448 -122.2805
v  -0.0069 100.6400 -122.2805
v  -2.0576 100.6400 -122.2805
v  -0.0069 103.0867 -122.2805
v  -2.0576 103.0867 -122.2805
v  -0.0069 105.3337 -122.2805
v  -2.0576 105.3337 -122.2805
v  -0.0069 107.3165 -122.2805
v  -2.0576 107.3165 -122.2805
v  -0.0069 55.3503 -122.2805
v  -2.0576 55.3503 -122.2805
v  -2.0576 74.3832 -122.2805
v  -0.0069 74.3832 -122.2805
v  -174.8498 15.8512 -121.1275
v  -174.8498 17.4332 -121.1275
v  -170.9572 17.3621 -121.7964
v  -170.9595 15.8512 -121.7957
v  -167.0672 17.2845 -122.2805
v  -167.0672 15.8512 -122.2805
v  -169.6375 -115.9036 -118.9608
v  -169.6935 -116.1437 -118.9608
v  -166.9592 -116.4592 -118.9608
v  -166.9451 -116.2144 -118.9608
v  -172.2026 -115.2459 -118.9608
v  -172.0943 -115.0246 -118.9608
v  -174.4168 -113.8374 -118.9608
v  -174.2627 -113.6452 -118.9608
v  -176.2640 -111.9901 -118.9608
v  -176.0719 -111.8360 -118.9608
v  -177.6725 -109.7760 -118.9608
v  -177.4512 -109.6677 -118.9608
v  -178.5703 -107.2669 -118.9608
v  -178.3302 -107.2108 -118.9608
v  -178.8858 -104.5325 -118.9608
v  -178.6410 -104.5184 -118.9608
v  -178.8858 -101.2921 -118.9608
v  -178.6410 -101.2921 -118.9608
v  -166.8749 -114.9938 -119.0931
v  -169.3583 -114.7072 -119.0931
v  -169.5667 -115.6004 -119.0931
v  -166.9273 -115.9050 -119.0931
v  -171.5545 -113.9214 -119.0931
v  -171.9575 -114.7450 -119.0931
v  -173.4944 -112.6874 -119.0931
v  -174.0680 -113.4025 -119.0931
v  -175.1140 -111.0678 -119.0931
v  -175.8291 -111.6413 -119.0931
v  -176.3480 -109.1278 -119.0931
v  -177.1716 -109.5309 -119.0931
v  -177.1339 -106.9317 -119.0931
v  -178.0271 -107.1401 -119.0931
v  -177.4204 -104.4483 -119.0931
v  -178.3316 -104.5006 -119.0931
v  -177.4204 -101.2921 -119.0931
v  -178.3316 -101.2921 -119.0931
v  -166.8749 -104.4482 -119.0931
v  -166.8749 -106.9317 -119.0931
v  -162.2669 -106.9317 -119.0931
v  -162.2669 -104.4482 -119.0931
v  -4.4675 -116.4592 -118.9608
v  -2.2069 -116.4592 -118.9608
v  -2.2069 -116.2144 -118.9608
v  -4.4675 -116.2144 -118.9608
v  -2.2069 -114.9938 -119.0931
v  -4.4675 -114.9938 -119.0931
v  -4.4675 -115.9050 -119.0931
v  -2.2069 -115.9050 -119.0931
v  -0.0069 -116.4592 -118.9608
v  -0.0069 -116.2144 -118.9608
v  -0.0069 -114.9938 -119.0931
v  -0.0069 -115.9050 -119.0931
v  -169.3583 -104.4482 -119.0931
v  -171.5545 -104.4482 -119.0931
v  -171.5545 -106.9317 -119.0931
v  -169.3583 -106.9317 -119.0931
v  -169.3583 -101.2921 -119.0931
v  -166.8749 -101.2921 -119.0931
v  -162.2669 -101.2921 -119.0931
v  -2.2069 -101.2921 -119.0931
v  -2.2069 -104.4483 -119.0931
v  -0.0069 -104.4483 -119.0931
v  -0.0069 -101.2921 -119.0931
v  -166.8749 -111.0678 -119.0931
v  -166.8749 -109.1278 -119.0931
v  -169.3583 -109.1278 -119.0931
v  -169.3583 -111.0678 -119.0931
v  -171.5545 -109.1278 -119.0931
v  -171.5545 -111.0678 -119.0931
v  -171.5545 -101.2921 -119.0931
v  -162.2669 -109.1278 -119.0931
v  -178.8858 -98.8681 -118.9608
v  -178.6410 -98.8681 -118.9608
v  -177.4204 -98.8681 -119.0931
v  -178.3316 -98.8681 -119.0931
v  -171.5545 -98.8681 -119.0931
v  -86.6462 -106.9317 -119.0931
v  -86.6462 -104.4482 -119.0931
v  -122.3265 -104.4482 -119.0931
v  -122.3265 -106.9317 -119.0931
v  -162.2669 -116.4592 -118.9608
v  -162.2669 -116.2144 -118.9608
v  -162.2669 -114.9938 -119.0931
v  -162.2669 -115.9050 -119.0931
v  -86.6462 -101.2921 -119.0931
v  -122.3265 -101.2921 -119.0931
v  -162.2669 -111.0678 -119.0931
v  -86.6462 -109.1278 -119.0931
v  -122.3265 -109.1278 -119.0931
v  -178.8858 -93.6200 -118.9608
v  -178.8858 -96.4441 -118.9608
v  -178.6410 -96.4441 -118.9608
v  -178.6410 -93.6200 -118.9608
v  -177.4204 -96.4441 -119.0931
v  -177.4204 -93.6200 -119.0931
v  -178.3316 -93.6200 -119.0931
v  -178.3316 -96.4441 -119.0931
v  -171.5545 -96.4441 -119.0931
v  -171.5545 -93.6200 -119.0931
v  -12.0576 -116.4592 -118.9608
v  -12.0576 -116.2144 -118.9608
v  -12.0576 -114.9938 -119.0931
v  -12.0576 -115.9050 -119.0931
v  -4.4675 -101.2921 -119.0931
v  -4.4675 -104.4483 -119.0931
v  -13.8796 -104.4483 -119.0931
v  -12.0576 -104.4483 -119.0931
v  -12.0576 -101.2921 -119.0931
v  -13.8796 -101.2921 -119.0931
v  -15.2854 -116.4592 -118.9608
v  -13.8796 -116.4592 -118.9608
v  -13.8796 -116.2144 -118.9608
v  -15.2854 -116.2144 -118.9608
v  -13.8796 -114.9938 -119.0931
v  -15.2854 -114.9938 -119.0931
v  -15.2854 -115.9050 -119.0931
v  -13.8796 -115.9050 -119.0931
v  -13.8796 -109.1278 -119.0931
v  -15.2854 -109.1278 -119.0931
v  -15.2854 -111.0678 -119.0931
v  -13.8796 -111.0678 -119.0931
v  -166.9612 -116.4938 -119.9746
v  -169.7014 -116.1776 -119.9746
v  -169.1108 -115.6886 -120.1512
v  -166.3803 -116.0035 -120.1512
v  -172.2179 -115.2772 -119.9746
v  -171.6183 -114.7917 -120.1512
v  -174.4386 -113.8646 -119.9745
v  -173.8310 -113.3847 -120.1512
v  -176.2912 -112.0119 -119.9745
v  -175.6771 -111.5394 -120.1512
v  -177.7038 -109.7913 -119.9745
v  -177.0846 -109.3275 -120.1512
v  -178.6042 -107.2748 -119.9745
v  -177.9818 -106.8210 -120.1512
v  -178.9204 -104.5345 -119.9745
v  -178.2969 -104.0916 -120.1512
v  -178.9204 -101.2921 -119.9745
v  -178.2969 -100.8620 -120.1512
v  -2.2069 -116.4938 -119.9746
v  -4.4675 -116.4938 -119.9746
v  -4.4516 -116.0035 -120.1512
v  -2.1991 -116.0035 -120.1512
v  -0.0069 -116.0035 -120.1512
v  -0.0069 -116.4938 -119.9746
v  -178.9204 -98.8681 -119.9745
v  -178.2969 -98.4477 -120.1512
v  -162.2669 -116.4938 -119.9746
v  -161.7028 -116.0035 -120.1512
v  -178.9204 -93.6200 -119.9745
v  -178.2969 -93.2223 -120.1512
v  -178.2969 -96.0333 -120.1512
v  -178.9204 -96.4441 -119.9745
v  -12.0576 -116.4938 -119.9746
v  -12.0146 -116.0035 -120.1512
v  -13.8796 -116.4938 -119.9746
v  -15.2854 -116.4938 -119.9746
v  -15.2309 -116.0035 -120.1512
v  -13.8301 -116.0035 -120.1512
v  -162.0036 -108.3405 -121.8427
v  -159.3877 -108.6335 -121.8437
v  -163.1693 -113.2931 -121.1275
v  -165.8457 -112.9851 -121.1275
v  -164.4070 -107.5016 -121.8416
v  -168.3035 -112.1079 -121.1275
v  -166.5290 -106.1841 -121.8402
v  -170.4724 -110.7319 -121.1275
v  -172.2819 -108.9271 -121.1275
v  -168.3006 -104.4551 -121.8388
v  -173.6615 -106.7639 -121.1275
v  -169.6529 -102.3821 -121.8372
v  -174.5410 -104.3125 -121.1275
v  -170.5170 -100.0322 -121.8357
v  -174.8498 -101.6431 -121.1275
v  -170.8239 -97.4727 -121.8342
v  -174.8498 -98.4845 -121.1275
v  -170.8300 -94.4438 -121.8324
v  -4.2555 -108.4992 -121.8921
v  -2.1024 -108.4991 -121.8921
v  -2.1556 -113.2931 -121.1275
v  -4.3635 -113.2931 -121.1275
v  -0.0069 -108.4990 -121.8922
v  -0.0069 -113.2931 -121.1275
v  -174.8498 -96.1232 -121.1275
v  -170.8346 -92.1793 -121.8311
v  -154.9075 -108.6297 -121.8451
v  -158.5844 -113.2931 -121.1275
v  -13.2205 -108.5010 -121.8914
v  -11.4850 -108.5006 -121.8916
v  -11.7767 -113.2931 -121.1275
v  -13.5563 -113.2931 -121.1275
v  -116.6259 -108.5978 -121.8566
v  -82.6042 -108.5659 -121.8680
v  -84.6269 -113.2931 -121.1275
v  -119.4757 -113.2931 -121.1275
v  -174.8498 -93.7619 -121.1275
v  -170.8392 -89.9147 -121.8298
v  -158.4739 -103.3336 -122.2805
v  -155.9196 -103.6160 -122.2805
v  -160.8196 -102.5297 -122.2805
v  -162.8895 -101.2684 -122.2805
v  -164.6164 -99.6141 -122.2805
v  -165.9332 -97.6313 -122.2805
v  -166.7725 -95.3844 -122.2805
v  -167.0672 -92.9376 -122.2805
v  -167.0672 -90.0424 -122.2805
v  -4.1648 -103.6160 -122.2805
v  -2.0576 -103.6160 -122.2805
v  -0.0069 -103.6160 -122.2805
v  -167.0672 -87.8781 -122.2805
v  -151.5439 -103.6160 -122.2805
v  -12.9381 -103.6160 -122.2805
v  -11.2397 -103.6160 -122.2805
v  -114.0251 -103.6160 -122.2805
v  -80.7662 -103.6160 -122.2805
v  -167.0672 -85.7137 -122.2805
v  -4.1648 -10.7874 -122.2805
v  -11.2397 -10.7874 -122.2805
v  -11.2397 -8.1488 -122.2805
v  -4.1648 -8.1488 -122.2805
v  -11.2398 -90.0424 -122.2805
v  -11.2397 -87.8781 -122.2805
v  -4.1648 -87.8781 -122.2805
v  -4.1647 -90.0424 -122.2805
v  -11.2398 -85.7137 -122.2805
v  -12.9381 -87.8781 -122.2805
v  -12.9381 -85.7137 -122.2805
v  -11.2397 -95.3843 -122.2805
v  -11.2397 -92.9376 -122.2805
v  -4.1648 -92.9376 -122.2805
v  -4.1648 -95.3843 -122.2805
v  -12.9381 -92.9376 -122.2805
v  -12.9381 -90.0424 -122.2805
v  -11.2397 -99.6141 -122.2805
v  -11.2397 -97.6313 -122.2805
v  -4.1647 -97.6313 -122.2805
v  -4.1648 -99.6141 -122.2805
v  -12.9381 -97.6313 -122.2805
v  -12.9381 -95.3843 -122.2805
v  -158.4739 -99.6141 -122.2805
v  -155.9196 -99.6141 -122.2805
v  -158.4739 -97.6313 -122.2805
v  -155.9196 -97.6313 -122.2805
v  -158.4739 -95.3844 -122.2805
v  -155.9196 -95.3844 -122.2805
v  -158.4739 -92.9376 -122.2805
v  -155.9196 -92.9376 -122.2805
v  -158.4739 -90.0424 -122.2805
v  -155.9196 -90.0424 -122.2805
v  -158.4739 -87.8781 -122.2805
v  -155.9196 -87.8781 -122.2805
v  -158.4739 -85.7137 -122.2805
v  -155.9196 -85.7137 -122.2805
v  -158.4739 -83.2328 -122.2805
v  -155.9196 -83.2328 -122.2805
v  -151.5439 -10.7874 -122.2805
v  -155.9196 -10.7874 -122.2805
v  -155.9196 -8.1488 -122.2805
v  -151.5439 -8.1488 -122.2805
v  -151.5439 -85.7137 -122.2805
v  -151.5439 -87.8781 -122.2805
v  -151.5439 -90.0424 -122.2805
v  -151.5439 -92.9376 -122.2805
v  -151.5439 -95.3844 -122.2805
v  -151.5439 -97.6313 -122.2805
v  -151.5439 -99.6141 -122.2805
v  -160.8196 -99.6141 -122.2805
v  -160.8196 -97.6313 -122.2805
v  -160.8196 -95.3844 -122.2805
v  -160.8196 -92.9376 -122.2805
v  -160.8196 -90.0424 -122.2805
v  -160.8196 -87.8781 -122.2805
v  -160.8196 -85.7137 -122.2805
v  -167.0672 -83.2328 -122.2805
v  -160.8196 -83.2328 -122.2805
v  -158.4739 -10.7874 -122.2805
v  -160.8196 -10.7874 -122.2805
v  -160.8196 -8.1488 -122.2805
v  -158.4739 -8.1488 -122.2805
v  -14.2485 -103.6160 -122.2805
v  -14.2485 -99.6141 -122.2805
v  -12.9381 -99.6141 -122.2805
v  -14.2485 -97.6313 -122.2805
v  -14.2485 -95.3843 -122.2805
v  -14.2485 -92.9376 -122.2805
v  -14.2485 -90.0424 -122.2805
v  -14.2485 -87.8781 -122.2805
v  -14.2485 -85.7137 -122.2805
v  -14.2485 -83.2328 -122.2805
v  -12.9381 -83.2328 -122.2805
v  -0.0069 -85.7137 -122.2805
v  -0.0069 -87.8781 -122.2805
v  -2.0576 -87.8781 -122.2805
v  -2.0576 -85.7137 -122.2805
v  -0.0069 -90.0424 -122.2805
v  -2.0576 -90.0424 -122.2805
v  -0.0069 -92.9376 -122.2805
v  -2.0576 -92.9376 -122.2805
v  -0.0069 -95.3843 -122.2805
v  -2.0576 -95.3843 -122.2805
v  -0.0069 -97.6313 -122.2805
v  -2.0576 -97.6313 -122.2805
v  -0.0069 -99.6141 -122.2805
v  -2.0576 -99.6141 -122.2805
v  -2.0576 -83.2328 -122.2805
v  -0.0069 -83.2328 -122.2805
v  -174.8498 -8.1488 -121.1275
v  -170.9595 -8.1488 -121.7958
v  -170.9554 -10.9303 -121.7969
v  -174.8498 -11.0612 -121.1275
v  -167.0672 -8.1488 -122.2805
v  -167.0672 -10.7874 -122.2805
v  -4.1647 -85.7137 -122.2805
v  -4.1647 -83.2328 -122.2805
v  -2.0576 17.2845 -122.2805
v  -2.0576 15.8512 -122.2805
v  -4.1647 93.4161 -122.2805
v  -174.8498 80.4565 -121.1275
v  -174.8498 59.4487 -121.1275
v  -14.9293 120.9955 -121.1275
v  -178.2969 -8.1488 -120.1511
v  -178.2969 -11.1384 -120.1512
v  -86.3369 -116.0035 -120.1512
v  -121.8898 -116.0035 -120.1512
v  -177.4204 12.8512 -119.0931
v  -177.4204 15.8512 -119.0931
v  -178.3316 15.8512 -119.0931
v  -178.3316 12.8512 -119.0931
v  -170.9617 12.8512 -121.7951
v  -174.8498 12.8512 -121.1275
v  -178.8858 -5.1488 -118.9608
v  -178.8858 -8.1488 -118.9608
v  -178.6410 -8.1488 -118.9608
v  -178.6410 -5.1488 -118.9608
v  -171.5545 -5.1488 -119.0931
v  -177.4204 -5.1488 -119.0931
v  -177.4204 -8.1488 -119.0931
v  -171.5545 -8.1488 -119.0931
v  -178.9204 -5.1488 -119.9745
v  -178.2969 -5.1488 -120.1511
v  -178.9204 -8.1488 -119.9745
v  -158.4739 -5.1488 -122.2805
v  -155.9196 -5.1488 -122.2805
v  -151.5439 -5.1488 -122.2805
v  -167.0672 -5.1488 -122.2805
v  -160.8196 -5.1488 -122.2805
v  -80.7662 3.8512 -122.2805
v  -80.7662 0.8512 -122.2805
v  -114.0251 0.8512 -122.2805
v  -114.0251 3.8512 -122.2805
v  -170.9617 -5.1488 -121.7951
v  -174.8498 -5.1488 -121.1275
v  -177.4204 0.8512 -119.0931
v  -177.4204 3.8512 -119.0931
v  -178.3316 3.8512 -119.0931
v  -178.3316 0.8512 -119.0931
v  -170.9661 0.8512 -121.7939
v  -174.8498 0.8512 -121.1275
v  -174.8498 3.8512 -121.1275
v  -170.9683 3.8512 -121.7933
v  -178.8858 6.8512 -118.9608
v  -178.8858 3.8512 -118.9608
v  -178.6410 3.8512 -118.9608
v  -178.6410 6.8512 -118.9608
v  -171.5545 6.8512 -119.0931
v  -177.4204 6.8512 -119.0931
v  -171.5545 3.8512 -119.0931
v  -178.9204 6.8512 -119.9745
v  -178.2969 6.8512 -120.1511
v  -178.2969 3.8512 -120.1511
v  -178.9204 3.8512 -119.9745
v  -158.4739 6.8512 -122.2805
v  -155.9196 6.8512 -122.2805
v  -155.9196 3.8512 -122.2805
v  -158.4739 3.8512 -122.2805
v  -151.5439 6.8512 -122.2805
v  -151.5439 3.8512 -122.2805
v  -167.0672 6.8512 -122.2805
v  -160.8196 6.8512 -122.2805
v  -160.8196 3.8512 -122.2805
v  -167.0672 3.8512 -122.2805
v  -80.7662 15.8512 -122.2805
v  -80.7662 12.8512 -122.2805
v  -114.0251 12.8512 -122.2805
v  -114.0251 15.8512 -122.2805
v  -170.9661 6.8512 -121.7939
v  -174.8498 6.8512 -121.1275
v  -4.4675 -106.9317 -119.0931
v  -2.2069 -106.9317 -119.0931
v  -4.4675 -109.1278 -119.0931
v  -2.2069 -109.1278 -119.0931
v  -13.8796 -106.9317 -119.0931
v  -12.0576 -106.9317 -119.0931
v  -12.0576 -109.1278 -119.0931
v  -0.0069 -109.1278 -119.0931
v  -0.0069 -106.9317 -119.0931
v  -11.2397 -5.1488 -122.2805
v  -4.1648 -5.1488 -122.2805
v  -2.0576 -8.1488 -122.2805
v  -2.0576 -5.1488 -122.2805
v  -0.0069 -5.1488 -122.2805
v  -0.0069 -8.1488 -122.2805
v  -11.2397 3.8512 -122.2805
v  -11.2397 6.8512 -122.2805
v  -4.1648 6.8512 -122.2805
v  -4.1648 3.8512 -122.2805
v  -2.0576 3.8512 -122.2805
v  -2.0576 6.8512 -122.2805
v  -0.0069 6.8512 -122.2805
v  -0.0069 3.8512 -122.2805
v  -12.9381 15.8512 -122.2805
v  -12.9381 17.2845 -122.2805
v  -11.2398 -83.2328 -122.2805
v  -12.9381 -8.1488 -122.2805
v  -12.9381 -5.1488 -122.2805
v  -12.9381 3.8512 -122.2805
v  -12.9381 6.8512 -122.2805
v  -15.2854 114.6341 -119.0931
v  -15.2854 112.1507 -119.0931
v  -50.9658 124.1616 -118.9608
v  -86.6462 124.1616 -118.9608
v  -86.6462 123.9168 -118.9608
v  -50.9658 123.9168 -118.9608
v  -86.6462 122.6962 -119.0931
v  -50.9658 122.6962 -119.0931
v  -50.9658 123.6074 -119.0931
v  -86.6462 123.6074 -119.0931
v  -86.6462 118.7702 -119.0931
v  -50.9658 116.8302 -119.0931
v  -50.9658 118.7702 -119.0931
v  -86.3368 123.7059 -120.1511
v  -86.6462 124.1962 -119.9745
v  -50.9658 124.1962 -119.9745
v  -50.7839 123.7059 -120.1511
v  -14.5609 116.2046 -121.8910
v  -80.7662 107.3165 -122.2805
v  -47.5074 111.3183 -122.2805
v  -47.5074 107.3165 -122.2805
v  -80.7662 105.3337 -122.2805
v  -47.5074 105.3337 -122.2805
v  -80.7662 103.0867 -122.2805
v  -47.5074 103.0867 -122.2805
v  -80.7662 100.6400 -122.2805
v  -47.5074 100.6400 -122.2805
v  -80.7662 97.7448 -122.2805
v  -47.5074 97.7448 -122.2805
v  -80.7662 95.5805 -122.2805
v  -47.5074 95.5805 -122.2805
v  -80.7662 93.4161 -122.2805
v  -47.5074 93.4161 -122.2805
v  -80.7662 17.2845 -122.2805
v  -47.5074 17.2845 -122.2805
v  -47.5074 15.8512 -122.2805
v  -15.2854 -104.4483 -119.0931
v  -15.2854 -106.9317 -119.0931
v  -15.2854 -101.2921 -119.0931
v  -86.6462 -116.4592 -118.9608
v  -50.9658 -116.4592 -118.9608
v  -50.9658 -116.2144 -118.9608
v  -86.6462 -116.2144 -118.9608
v  -86.6462 -115.9050 -119.0931
v  -50.9658 -115.9050 -119.0931
v  -50.9658 -114.9938 -119.0931
v  -86.6462 -114.9938 -119.0931
v  -86.6462 -111.0678 -119.0931
v  -50.9658 -111.0678 -119.0931
v  -50.9658 -109.1278 -119.0931
v  -50.9658 -116.4938 -119.9746
v  -86.6462 -116.4938 -119.9746
v  -50.7839 -116.0035 -120.1512
v  -14.5609 -108.5022 -121.8910
v  -14.9293 -113.2931 -121.1275
v  -80.7662 -99.6141 -122.2805
v  -47.5074 -99.6141 -122.2805
v  -47.5074 -103.6160 -122.2805
v  -80.7662 -97.6313 -122.2805
v  -47.5074 -97.6313 -122.2805
v  -80.7662 -95.3843 -122.2805
v  -47.5074 -95.3843 -122.2805
v  -80.7662 -92.9376 -122.2805
v  -47.5074 -92.9376 -122.2805
v  -80.7662 -90.0424 -122.2805
v  -47.5074 -90.0424 -122.2805
v  -80.7662 -87.8781 -122.2805
v  -47.5074 -87.8781 -122.2805
v  -80.7662 -85.7137 -122.2805
v  -47.5074 -85.7137 -122.2805
v  -80.7662 -83.2328 -122.2805
v  -47.5074 -83.2328 -122.2805
v  -49.7781 120.9955 -121.1275
v  -12.9381 0.8512 -122.2805
v  -14.2485 0.8512 -122.2805
v  -14.2485 3.8512 -122.2805
v  -12.9381 12.8512 -122.2805
v  -14.2485 12.8512 -122.2805
v  -14.2485 15.8512 -122.2805
v  -178.8858 17.4828 -118.9608
v  -178.8858 15.8512 -118.9608
v  -178.6410 15.8512 -118.9608
v  -178.6410 17.4828 -118.9608
v  -177.4204 17.4828 -119.0931
v  -178.3316 17.4828 -119.0931
v  -171.5545 15.8512 -119.0931
v  -171.5545 17.4828 -119.0931
v  -178.2969 15.8512 -120.1511
v  -178.9204 15.8512 -119.9745
v  -178.9204 17.4828 -119.9745
v  -178.2969 17.4752 -120.1511
v  -11.2398 55.3503 -122.2805
v  -4.1647 55.3503 -122.2805
v  -4.1648 36.3174 -122.2805
v  -11.2398 36.3174 -122.2805
v  -151.5439 55.3503 -122.2805
v  -151.5439 36.3174 -122.2805
v  -155.9196 36.3174 -122.2805
v  -158.4739 36.3174 -122.2805
v  -160.8196 36.3174 -122.2805
v  -14.2485 17.2845 -122.2805
v  -0.0069 15.8512 -122.2805
v  -0.0069 17.2845 -122.2805
v  -174.8498 38.4410 -121.1275
v  -170.8982 57.4896 -121.8131
v  -170.9277 37.4258 -121.8047
v  -167.0672 36.3174 -122.2805
v  -2.0576 36.3174 -122.2805
v  -12.9381 36.3174 -122.2805
v  -80.7662 55.3503 -122.2805
v  -80.7662 36.3174 -122.2805
v  -114.0251 36.3174 -122.2805
v  -114.0251 55.3503 -122.2805
v  -178.8858 -11.1524 -118.9608
v  -178.6410 -11.1524 -118.9608
v  -178.3316 -11.1524 -119.0931
v  -177.4204 -11.1524 -119.0931
v  -178.3316 -8.1488 -119.0931
v  -171.5545 -11.1524 -119.0931
v  -178.9204 -11.1524 -119.9745
v  -4.1647 -47.0101 -122.2805
v  -11.2398 -47.0101 -122.2805
v  -11.2398 -28.8987 -122.2805
v  -4.1648 -28.8987 -122.2805
v  -151.5439 -47.0101 -122.2805
v  -155.9196 -47.0101 -122.2805
v  -155.9196 -28.8987 -122.2805
v  -151.5439 -28.8987 -122.2805
v  -158.4739 -47.0101 -122.2805
v  -160.8196 -47.0101 -122.2805
v  -160.8196 -28.8987 -122.2805
v  -158.4739 -28.8987 -122.2805
v  -14.2485 -8.1488 -122.2805
v  -12.9381 -10.7874 -122.2805
v  -14.2485 -10.7874 -122.2805
v  -0.0069 -10.7874 -122.2805
v  -2.0576 -10.7874 -122.2805
v  -170.8992 -49.1148 -121.8128
v  -174.8498 -51.0423 -121.1275
v  -174.8498 -31.0517 -121.1275
v  -170.9273 -30.0225 -121.8049
v  -167.0672 -47.0101 -122.2805
v  -167.0672 -28.8987 -122.2805
v  -178.2969 -52.1803 -120.1512
v  -178.2969 -31.6594 -120.1512
v  -80.7662 -8.1488 -122.2805
v  -80.7662 -10.7874 -122.2805
v  -114.0251 -10.7874 -122.2805
v  -114.0251 -8.1488 -122.2805
v  -178.8858 -52.3862 -118.9608
v  -178.8858 -73.0031 -118.9608
v  -178.6410 -73.0031 -118.9608
v  -178.6410 -52.3862 -118.9608
v  -178.3316 -52.3862 -119.0931
v  -178.3316 -73.0031 -119.0931
v  -177.4204 -73.0031 -119.0931
v  -177.4204 -52.3862 -119.0931
v  -171.5545 -52.3862 -119.0931
v  -171.5545 -73.0031 -119.0931
v  -178.9204 -52.3862 -119.9745
v  -178.2969 -72.7013 -120.1512
v  -178.9204 -73.0031 -119.9745
v  -155.9196 -65.1214 -122.2805
v  -158.4739 -65.1214 -122.2805
v  -160.8196 -65.1214 -122.2805
v  -167.0672 -65.1214 -122.2805
v  -14.2485 -47.0101 -122.2805
v  -12.9381 -47.0101 -122.2805
v  -12.9381 -65.1214 -122.2805
v  -14.2485 -65.1214 -122.2805
v  -2.0576 -47.0101 -122.2805
v  -0.0069 -47.0101 -122.2805
v  -0.0069 -65.1214 -122.2805
v  -2.0576 -65.1214 -122.2805
v  -4.1647 -65.1214 -122.2805
v  -11.2398 -65.1214 -122.2805
v  -80.7662 -47.0101 -122.2805
v  -80.7662 -65.1214 -122.2805
v  -114.0251 -65.1214 -122.2805
v  -114.0251 -47.0101 -122.2805
v  -151.5439 -83.2328 -122.2805
v  -174.8498 -91.0235 -121.1275
v  -170.8431 -87.2994 -121.8287
v  169.6503 123.6060 -118.9608
v  169.7063 123.8461 -118.9608
v  166.9720 124.1616 -118.9608
v  166.9579 123.9168 -118.9608
v  172.2154 122.9483 -118.9608
v  172.1071 122.7270 -118.9608
v  174.4296 121.5398 -118.9608
v  174.2755 121.3476 -118.9608
v  176.2769 119.6925 -118.9608
v  176.0847 119.5384 -118.9608
v  177.6853 117.4784 -118.9608
v  177.4640 117.3700 -118.9608
v  178.5831 114.9693 -118.9608
v  178.3430 114.9132 -118.9608
v  178.8986 112.2349 -118.9608
v  178.6538 112.2208 -118.9608
v  178.8986 108.9945 -118.9608
v  178.6538 108.9945 -118.9608
v  166.8877 122.6962 -119.0931
v  169.3711 122.4096 -119.0931
v  169.5796 123.3028 -119.0931
v  166.9401 123.6074 -119.0931
v  171.5673 121.6238 -119.0931
v  171.9703 122.4474 -119.0931
v  173.5072 120.3898 -119.0931
v  174.0807 121.1049 -119.0931
v  175.1268 118.7702 -119.0931
v  175.8419 119.3437 -119.0931
v  176.3608 116.8302 -119.0931
v  177.1844 117.2332 -119.0931
v  177.1467 114.6341 -119.0931
v  178.0399 114.8425 -119.0931
v  177.4332 112.1507 -119.0931
v  178.3444 112.2030 -119.0931
v  177.4332 108.9945 -119.0931
v  178.3444 108.9945 -119.0931
v  166.8877 112.1506 -119.0931
v  166.8877 114.6341 -119.0931
v  162.2797 114.6341 -119.0931
v  162.2797 112.1506 -119.0931
v  4.4536 124.1616 -118.9608
v  2.1931 124.1616 -118.9608
v  2.1931 123.9168 -118.9608
v  4.4536 123.9168 -118.9608
v  2.1931 122.6962 -119.0931
v  4.4536 122.6962 -119.0931
v  4.4536 123.6074 -119.0931
v  2.1931 123.6074 -119.0931
v  169.3711 112.1506 -119.0931
v  171.5673 112.1506 -119.0931
v  171.5673 114.6341 -119.0931
v  169.3711 114.6341 -119.0931
v  2.1931 118.7702 -119.0931
v  2.1931 116.8302 -119.0931
v  4.4536 116.8302 -119.0931
v  4.4536 118.7702 -119.0931
v  166.8877 118.7702 -119.0931
v  166.8877 116.8302 -119.0931
v  169.3711 116.8302 -119.0931
v  169.3711 118.7702 -119.0931
v  171.5673 116.8302 -119.0931
v  171.5673 118.7702 -119.0931
v  171.5673 108.9945 -119.0931
v  162.2797 116.8302 -119.0931
v  178.8986 106.5705 -118.9608
v  178.6538 106.5705 -118.9608
v  177.4332 106.5705 -119.0931
v  178.3444 106.5705 -119.0931
v  171.5673 106.5705 -119.0931
v  86.6323 114.6341 -119.0931
v  86.6323 112.1506 -119.0931
v  122.3127 112.1506 -119.0931
v  122.3127 114.6341 -119.0931
v  162.2797 124.1616 -118.9608
v  162.2797 123.9168 -118.9608
v  162.2797 122.6962 -119.0931
v  162.2797 123.6074 -119.0931
v  162.2797 118.7702 -119.0931
v  86.6323 116.8302 -119.0931
v  122.3127 116.8302 -119.0931
v  178.8986 60.8146 -118.9608
v  178.8986 82.4806 -118.9608
v  178.6538 82.4806 -118.9608
v  178.6538 60.8146 -118.9608
v  178.3444 60.8146 -119.0931
v  178.3444 82.4806 -119.0931
v  177.4332 82.4806 -119.0931
v  177.4332 60.8146 -119.0931
v  171.5673 60.8146 -119.0931
v  171.5673 82.4806 -119.0931
v  12.0437 124.1616 -118.9608
v  12.0437 123.9168 -118.9608
v  12.0437 122.6962 -119.0931
v  12.0437 123.6074 -119.0931
v  12.0437 118.7702 -119.0931
v  12.0437 116.8302 -119.0931
v  2.1931 112.1507 -119.0931
v  4.4536 112.1507 -119.0931
v  4.4536 114.6341 -119.0931
v  2.1931 114.6341 -119.0931
v  12.0437 112.1507 -119.0931
v  13.8658 112.1507 -119.0931
v  13.8658 114.6341 -119.0931
v  12.0437 114.6341 -119.0931
v  13.8658 116.8302 -119.0931
v  15.2716 124.1616 -118.9608
v  13.8658 124.1616 -118.9608
v  13.8658 123.9168 -118.9608
v  15.2716 123.9168 -118.9608
v  13.8658 122.6962 -119.0931
v  15.2716 122.6962 -119.0931
v  15.2716 123.6074 -119.0931
v  13.8658 123.6074 -119.0931
v  15.2716 118.7702 -119.0931
v  13.8658 118.7702 -119.0931
v  15.2716 116.8302 -119.0931
v  166.9739 124.1962 -119.9745
v  169.7142 123.8800 -119.9745
v  169.1236 123.3910 -120.1511
v  166.3931 123.7059 -120.1511
v  172.2307 122.9796 -119.9745
v  171.6311 122.4941 -120.1511
v  174.4514 121.5670 -119.9745
v  173.8438 121.0871 -120.1511
v  176.3040 119.7143 -119.9745
v  175.6898 119.2418 -120.1511
v  177.7166 117.4937 -119.9745
v  177.0974 117.0299 -120.1511
v  178.6170 114.9772 -119.9745
v  177.9946 114.5234 -120.1511
v  178.9332 112.2369 -119.9745
v  178.3097 111.7940 -120.1511
v  178.9332 108.9945 -119.9745
v  178.3097 108.5644 -120.1511
v  2.1931 124.1962 -119.9745
v  4.4536 124.1962 -119.9745
v  4.4377 123.7059 -120.1511
v  2.1852 123.7059 -120.1511
v  178.9332 106.5705 -119.9745
v  178.3097 106.1500 -120.1511
v  162.2797 124.1962 -119.9745
v  161.7156 123.7059 -120.1511
v  178.9332 60.8146 -119.9745
v  178.3097 60.6054 -120.1511
v  178.3097 82.1705 -120.1511
v  178.9332 82.4806 -119.9745
v  12.0437 124.1962 -119.9745
v  12.0007 123.7059 -120.1511
v  13.8658 124.1962 -119.9745
v  15.2716 124.1962 -119.9745
v  15.2170 123.7059 -120.1511
v  13.8163 123.7059 -120.1511
v  178.8986 104.1465 -118.9608
v  178.6538 104.1465 -118.9608
v  178.3444 104.1465 -119.0931
v  177.4332 104.1465 -119.0931
v  171.5673 104.1465 -119.0931
v  178.9332 104.1465 -119.9745
v  178.3097 103.7357 -120.1511
v  162.0164 116.0429 -121.8427
v  159.4005 116.3359 -121.8437
v  163.1821 120.9955 -121.1275
v  165.8585 120.6875 -121.1275
v  164.4198 115.2040 -121.8415
v  168.3163 119.8103 -121.1275
v  166.5418 113.8864 -121.8402
v  170.4852 118.4343 -121.1275
v  172.2946 116.6295 -121.1275
v  168.3134 112.1575 -121.8387
v  173.6743 114.4663 -121.1275
v  169.6657 110.0845 -121.8372
v  174.5538 112.0149 -121.1275
v  170.5298 107.7346 -121.8357
v  174.8626 109.3454 -121.1275
v  170.8367 105.1751 -121.8341
v  174.8626 106.1869 -121.1275
v  170.8428 102.1462 -121.8324
v  4.2416 116.2016 -121.8921
v  2.0885 116.2014 -121.8921
v  2.1418 120.9955 -121.1275
v  4.3497 120.9955 -121.1275
v  174.8626 103.8256 -121.1275
v  170.8474 99.8817 -121.8311
v  154.9203 116.3320 -121.8451
v  158.5972 120.9955 -121.1275
v  11.7629 120.9955 -121.1275
v  13.5425 120.9955 -121.1275
v  13.2066 116.2034 -121.8914
v  11.4711 116.2030 -121.8915
v  116.6120 116.3002 -121.8565
v  82.5904 116.2683 -121.8680
v  84.6130 120.9955 -121.1275
v  119.4618 120.9955 -121.1275
v  174.8626 101.4643 -121.1275
v  170.8520 97.6171 -121.8298
v  158.4867 111.0360 -122.2805
v  155.9324 111.3183 -122.2805
v  160.8324 110.2321 -122.2805
v  162.9023 108.9707 -122.2805
v  164.6292 107.3165 -122.2805
v  165.9460 105.3337 -122.2805
v  166.7853 103.0867 -122.2805
v  167.0800 100.6400 -122.2805
v  167.0800 97.7448 -122.2805
v  4.1509 111.3183 -122.2805
v  2.0438 111.3183 -122.2805
v  167.0800 95.5805 -122.2805
v  151.5567 111.3183 -122.2805
v  12.9243 111.3183 -122.2805
v  11.2259 111.3183 -122.2805
v  114.0112 111.3183 -122.2805
v  80.7524 111.3183 -122.2805
v  167.0800 93.4161 -122.2805
v  11.2259 15.8512 -122.2805
v  4.1509 15.8512 -122.2805
v  4.1509 17.2845 -122.2805
v  11.2259 17.2845 -122.2805
v  4.1509 95.5805 -122.2805
v  4.1509 97.7448 -122.2805
v  11.2259 97.7448 -122.2805
v  11.2259 95.5805 -122.2805
v  12.9243 95.5805 -122.2805
v  12.9243 93.4161 -122.2805
v  11.2259 93.4161 -122.2805
v  4.1509 100.6400 -122.2805
v  4.1509 103.0867 -122.2805
v  11.2259 103.0867 -122.2805
v  11.2259 100.6400 -122.2805
v  12.9243 100.6400 -122.2805
v  12.9243 97.7448 -122.2805
v  4.1509 105.3337 -122.2805
v  4.1509 107.3165 -122.2805
v  11.2259 107.3165 -122.2805
v  11.2259 105.3337 -122.2805
v  12.9243 105.3337 -122.2805
v  12.9243 103.0867 -122.2805
v  158.4867 107.3165 -122.2805
v  155.9324 107.3165 -122.2805
v  158.4867 105.3337 -122.2805
v  155.9324 105.3337 -122.2805
v  158.4867 103.0867 -122.2805
v  155.9324 103.0867 -122.2805
v  158.4867 100.6400 -122.2805
v  155.9324 100.6400 -122.2805
v  158.4867 97.7448 -122.2805
v  155.9324 97.7448 -122.2805
v  158.4867 95.5805 -122.2805
v  155.9324 95.5805 -122.2805
v  158.4867 93.4161 -122.2805
v  155.9324 93.4161 -122.2805
v  158.4867 55.3503 -122.2805
v  155.9324 55.3503 -122.2805
v  155.9324 74.3832 -122.2805
v  158.4867 74.3832 -122.2805
v  155.9324 15.8512 -122.2805
v  151.5567 15.8512 -122.2805
v  151.5567 17.2845 -122.2805
v  155.9324 17.2845 -122.2805
v  151.5567 93.4161 -122.2805
v  151.5567 95.5805 -122.2805
v  151.5567 97.7448 -122.2805
v  151.5567 100.6400 -122.2805
v  151.5567 103.0867 -122.2805
v  151.5567 105.3337 -122.2805
v  151.5567 107.3165 -122.2805
v  160.8324 107.3165 -122.2805
v  160.8324 105.3337 -122.2805
v  160.8324 103.0867 -122.2805
v  160.8324 100.6400 -122.2805
v  160.8324 97.7448 -122.2805
v  160.8324 95.5805 -122.2805
v  160.8324 93.4161 -122.2805
v  167.0800 55.3503 -122.2805
v  160.8324 55.3503 -122.2805
v  160.8324 74.3832 -122.2805
v  167.0800 74.3832 -122.2805
v  160.8324 15.8512 -122.2805
v  158.4867 15.8512 -122.2805
v  158.4867 17.2845 -122.2805
v  160.8324 17.2845 -122.2805
v  12.9243 107.3165 -122.2805
v  14.2347 111.3183 -122.2805
v  14.2347 107.3165 -122.2805
v  14.2347 105.3337 -122.2805
v  14.2347 103.0867 -122.2805
v  14.2347 100.6400 -122.2805
v  14.2347 97.7448 -122.2805
v  14.2347 95.5805 -122.2805
v  14.2347 93.4161 -122.2805
v  14.2347 55.3503 -122.2805
v  12.9243 55.3503 -122.2805
v  12.9243 74.3832 -122.2805
v  14.2347 74.3832 -122.2805
v  2.0438 95.5805 -122.2805
v  2.0438 93.4161 -122.2805
v  2.0438 97.7448 -122.2805
v  2.0438 100.6400 -122.2805
v  2.0438 103.0867 -122.2805
v  2.0438 105.3337 -122.2805
v  2.0438 107.3165 -122.2805
v  2.0438 55.3503 -122.2805
v  2.0438 74.3832 -122.2805
v  174.8626 15.8512 -121.1275
v  170.9723 15.8512 -121.7957
v  170.9700 17.3621 -121.7964
v  174.8626 17.4332 -121.1275
v  167.0800 15.8512 -122.2805
v  167.0800 17.2845 -122.2805
v  166.9720 -116.4592 -118.9608
v  169.7063 -116.1437 -118.9608
v  169.6503 -115.9036 -118.9608
v  166.9579 -116.2144 -118.9608
v  172.2154 -115.2459 -118.9608
v  172.1071 -115.0246 -118.9608
v  174.4296 -113.8374 -118.9608
v  174.2755 -113.6452 -118.9608
v  176.2769 -111.9901 -118.9608
v  176.0847 -111.8360 -118.9608
v  177.6853 -109.7760 -118.9608
v  177.4640 -109.6677 -118.9608
v  178.5831 -107.2669 -118.9608
v  178.3430 -107.2108 -118.9608
v  178.8986 -104.5325 -118.9608
v  178.6538 -104.5184 -118.9608
v  178.8986 -101.2921 -118.9608
v  178.6538 -101.2921 -118.9608
v  169.3711 -114.7072 -119.0931
v  166.8877 -114.9938 -119.0931
v  166.9401 -115.9050 -119.0931
v  169.5796 -115.6004 -119.0931
v  171.5673 -113.9214 -119.0931
v  171.9703 -114.7450 -119.0931
v  173.5072 -112.6874 -119.0931
v  174.0807 -113.4025 -119.0931
v  175.1268 -111.0678 -119.0931
v  175.8419 -111.6413 -119.0931
v  176.3608 -109.1278 -119.0931
v  177.1844 -109.5309 -119.0931
v  177.1467 -106.9317 -119.0931
v  178.0399 -107.1401 -119.0931
v  178.3444 -104.5006 -119.0931
v  177.4332 -104.4483 -119.0931
v  178.3444 -101.2921 -119.0931
v  177.4332 -101.2921 -119.0931
v  166.8877 -104.4482 -119.0931
v  162.2797 -104.4482 -119.0931
v  162.2797 -106.9317 -119.0931
v  166.8877 -106.9317 -119.0931
v  2.1931 -116.4592 -118.9608
v  4.4536 -116.4592 -118.9608
v  4.4536 -116.2144 -118.9608
v  2.1931 -116.2144 -118.9608
v  4.4536 -114.9938 -119.0931
v  2.1931 -114.9938 -119.0931
v  2.1931 -115.9050 -119.0931
v  4.4536 -115.9050 -119.0931
v  169.3711 -104.4482 -119.0931
v  169.3711 -106.9317 -119.0931
v  171.5673 -106.9317 -119.0931
v  171.5673 -104.4482 -119.0931
v  169.3711 -101.2921 -119.0931
v  166.8877 -101.2921 -119.0931
v  162.2797 -101.2921 -119.0931
v  2.1931 -101.2921 -119.0931
v  2.1931 -104.4483 -119.0931
v  166.8877 -111.0678 -119.0931
v  169.3711 -111.0678 -119.0931
v  169.3711 -109.1278 -119.0931
v  166.8877 -109.1278 -119.0931
v  171.5673 -111.0678 -119.0931
v  171.5673 -109.1278 -119.0931
v  171.5673 -101.2921 -119.0931
v  162.2797 -109.1278 -119.0931
v  178.8986 -98.8681 -118.9608
v  178.6538 -98.8681 -118.9608
v  177.4332 -98.8681 -119.0931
v  178.3444 -98.8681 -119.0931
v  171.5673 -98.8681 -119.0931
v  86.6323 -104.4482 -119.0931
v  86.6323 -106.9317 -119.0931
v  122.3127 -106.9317 -119.0931
v  122.3127 -104.4482 -119.0931
v  162.2797 -116.4592 -118.9608
v  162.2797 -116.2144 -118.9608
v  162.2797 -114.9938 -119.0931
v  162.2797 -115.9050 -119.0931
v  86.6323 -101.2921 -119.0931
v  122.3127 -101.2921 -119.0931
v  162.2797 -111.0678 -119.0931
v  86.6323 -109.1278 -119.0931
v  122.3127 -109.1278 -119.0931
v  178.8986 -96.4441 -118.9608
v  178.8986 -93.6200 -118.9608
v  178.6538 -93.6200 -118.9608
v  178.6538 -96.4441 -118.9608
v  177.4332 -93.6200 -119.0931
v  177.4332 -96.4441 -119.0931
v  178.3444 -96.4441 -119.0931
v  178.3444 -93.6200 -119.0931
v  171.5673 -96.4441 -119.0931
v  171.5673 -93.6200 -119.0931
v  12.0437 -116.4592 -118.9608
v  12.0437 -116.2144 -118.9608
v  12.0437 -114.9938 -119.0931
v  12.0437 -115.9050 -119.0931
v  4.4536 -104.4483 -119.0931
v  4.4536 -101.2921 -119.0931
v  13.8658 -104.4483 -119.0931
v  13.8658 -101.2921 -119.0931
v  12.0437 -101.2921 -119.0931
v  12.0437 -104.4483 -119.0931
v  13.8658 -116.4592 -118.9608
v  15.2716 -116.4592 -118.9608
v  15.2716 -116.2144 -118.9608
v  13.8658 -116.2144 -118.9608
v  15.2716 -114.9938 -119.0931
v  13.8658 -114.9938 -119.0931
v  13.8658 -115.9050 -119.0931
v  15.2716 -115.9050 -119.0931
v  13.8658 -109.1278 -119.0931
v  13.8658 -111.0678 -119.0931
v  15.2716 -111.0678 -119.0931
v  15.2716 -109.1278 -119.0931
v  166.9739 -116.4938 -119.9746
v  166.3931 -116.0035 -120.1512
v  169.1236 -115.6886 -120.1512
v  169.7142 -116.1776 -119.9746
v  171.6311 -114.7917 -120.1512
v  172.2307 -115.2772 -119.9746
v  173.8438 -113.3847 -120.1512
v  174.4514 -113.8646 -119.9745
v  175.6898 -111.5394 -120.1512
v  176.3040 -112.0119 -119.9745
v  177.7166 -109.7913 -119.9745
v  177.0974 -109.3275 -120.1512
v  178.6170 -107.2748 -119.9745
v  177.9946 -106.8210 -120.1512
v  178.9332 -104.5345 -119.9745
v  178.3097 -104.0916 -120.1512
v  178.9332 -101.2921 -119.9745
v  178.3097 -100.8620 -120.1512
v  2.1931 -116.4938 -119.9746
v  2.1852 -116.0035 -120.1512
v  4.4377 -116.0035 -120.1512
v  4.4536 -116.4938 -119.9746
v  178.9332 -98.8681 -119.9745
v  178.3097 -98.4476 -120.1512
v  162.2797 -116.4938 -119.9746
v  161.7156 -116.0035 -120.1512
v  178.9332 -93.6200 -119.9745
v  178.9332 -96.4441 -119.9745
v  178.3097 -96.0333 -120.1512
v  178.3097 -93.2223 -120.1512
v  12.0007 -116.0035 -120.1512
v  12.0437 -116.4938 -119.9746
v  13.8658 -116.4938 -119.9746
v  13.8163 -116.0035 -120.1512
v  15.2170 -116.0035 -120.1512
v  15.2716 -116.4938 -119.9746
v  162.0164 -108.3405 -121.8427
v  165.8585 -112.9851 -121.1275
v  163.1821 -113.2931 -121.1275
v  159.4005 -108.6335 -121.8437
v  164.4198 -107.5016 -121.8416
v  168.3163 -112.1079 -121.1275
v  166.5418 -106.1841 -121.8402
v  170.4852 -110.7319 -121.1275
v  172.2946 -108.9271 -121.1275
v  168.3134 -104.4551 -121.8388
v  173.6743 -106.7639 -121.1275
v  169.6657 -102.3821 -121.8372
v  174.5538 -104.3125 -121.1275
v  170.5298 -100.0322 -121.8357
v  174.8626 -101.6431 -121.1275
v  170.8367 -97.4727 -121.8342
v  174.8626 -98.4845 -121.1275
v  170.8428 -94.4438 -121.8324
v  4.2416 -108.4992 -121.8921
v  4.3497 -113.2931 -121.1275
v  2.1418 -113.2931 -121.1275
v  2.0885 -108.4991 -121.8921
v  174.8626 -96.1232 -121.1275
v  170.8474 -92.1793 -121.8311
v  158.5972 -113.2931 -121.1275
v  154.9203 -108.6297 -121.8451
v  13.2066 -108.5010 -121.8914
v  13.5425 -113.2931 -121.1275
v  11.7629 -113.2931 -121.1275
v  11.4711 -108.5006 -121.8916
v  84.6130 -113.2931 -121.1275
v  82.5904 -108.5659 -121.8680
v  116.6120 -108.5978 -121.8566
v  119.4618 -113.2931 -121.1275
v  174.8626 -93.7619 -121.1275
v  170.8520 -89.9147 -121.8298
v  158.4867 -103.3336 -122.2805
v  155.9324 -103.6160 -122.2805
v  160.8324 -102.5297 -122.2805
v  162.9023 -101.2684 -122.2805
v  164.6292 -99.6141 -122.2805
v  165.9460 -97.6313 -122.2805
v  166.7853 -95.3844 -122.2805
v  167.0800 -92.9376 -122.2805
v  167.0800 -90.0424 -122.2805
v  4.1509 -103.6160 -122.2805
v  2.0438 -103.6160 -122.2805
v  167.0800 -87.8781 -122.2805
v  151.5567 -103.6160 -122.2805
v  12.9243 -103.6160 -122.2805
v  11.2259 -103.6160 -122.2805
v  80.7524 -103.6160 -122.2805
v  114.0112 -103.6160 -122.2805
v  167.0800 -85.7137 -122.2805
v  4.1509 -10.7874 -122.2805
v  4.1509 -8.1488 -122.2805
v  11.2259 -8.1488 -122.2805
v  11.2259 -10.7874 -122.2805
v  11.2259 -90.0424 -122.2805
v  4.1509 -90.0424 -122.2805
v  4.1509 -87.8781 -122.2805
v  11.2259 -87.8781 -122.2805
v  11.2259 -85.7137 -122.2805
v  12.9243 -85.7137 -122.2805
v  12.9243 -87.8781 -122.2805
v  11.2259 -95.3843 -122.2805
v  4.1509 -95.3843 -122.2805
v  4.1509 -92.9376 -122.2805
v  11.2259 -92.9376 -122.2805
v  12.9243 -90.0424 -122.2805
v  12.9243 -92.9376 -122.2805
v  11.2259 -99.6141 -122.2805
v  4.1509 -99.6141 -122.2805
v  4.1509 -97.6313 -122.2805
v  11.2259 -97.6313 -122.2805
v  12.9243 -95.3843 -122.2805
v  12.9243 -97.6313 -122.2805
v  155.9324 -99.6141 -122.2805
v  158.4867 -99.6141 -122.2805
v  155.9324 -97.6313 -122.2805
v  158.4867 -97.6313 -122.2805
v  155.9324 -95.3844 -122.2805
v  158.4867 -95.3844 -122.2805
v  155.9324 -92.9376 -122.2805
v  158.4867 -92.9376 -122.2805
v  155.9324 -90.0424 -122.2805
v  158.4867 -90.0424 -122.2805
v  155.9324 -87.8781 -122.2805
v  158.4867 -87.8781 -122.2805
v  155.9324 -85.7137 -122.2805
v  158.4867 -85.7137 -122.2805
v  155.9324 -83.2328 -122.2805
v  158.4867 -83.2328 -122.2805
v  151.5567 -10.7874 -122.2805
v  151.5567 -8.1488 -122.2805
v  155.9324 -8.1488 -122.2805
v  155.9324 -10.7874 -122.2805
v  151.5567 -85.7137 -122.2805
v  151.5567 -87.8781 -122.2805
v  151.5567 -90.0424 -122.2805
v  151.5567 -92.9376 -122.2805
v  151.5567 -95.3844 -122.2805
v  151.5567 -97.6313 -122.2805
v  151.5567 -99.6141 -122.2805
v  160.8324 -99.6141 -122.2805
v  160.8324 -97.6313 -122.2805
v  160.8324 -95.3844 -122.2805
v  160.8324 -92.9376 -122.2805
v  160.8324 -90.0424 -122.2805
v  160.8324 -87.8781 -122.2805
v  160.8324 -85.7137 -122.2805
v  160.8324 -83.2328 -122.2805
v  167.0800 -83.2328 -122.2805
v  158.4867 -10.7874 -122.2805
v  158.4867 -8.1488 -122.2805
v  160.8324 -8.1488 -122.2805
v  160.8324 -10.7874 -122.2805
v  14.2347 -103.6160 -122.2805
v  12.9243 -99.6141 -122.2805
v  14.2347 -99.6141 -122.2805
v  14.2347 -97.6313 -122.2805
v  14.2347 -95.3843 -122.2805
v  14.2347 -92.9376 -122.2805
v  14.2347 -90.0424 -122.2805
v  14.2347 -87.8781 -122.2805
v  14.2347 -85.7137 -122.2805
v  12.9243 -83.2328 -122.2805
v  14.2347 -83.2328 -122.2805
v  2.0438 -85.7137 -122.2805
v  2.0438 -87.8781 -122.2805
v  2.0438 -90.0424 -122.2805
v  2.0438 -92.9376 -122.2805
v  2.0438 -95.3843 -122.2805
v  2.0438 -97.6313 -122.2805
v  2.0438 -99.6141 -122.2805
v  2.0438 -83.2328 -122.2805
v  174.8626 -8.1488 -121.1275
v  174.8626 -11.0612 -121.1275
v  170.9682 -10.9303 -121.7969
v  170.9723 -8.1488 -121.7958
v  167.0800 -10.7874 -122.2805
v  167.0800 -8.1488 -122.2805
v  4.1509 -85.7137 -122.2805
v  4.1509 -83.2328 -122.2805
v  2.0438 15.8512 -122.2805
v  2.0438 17.2845 -122.2805
v  4.1509 93.4161 -122.2805
v  174.8626 59.4487 -121.1275
v  174.8626 80.4565 -121.1275
v  14.9155 120.9955 -121.1275
v  178.3097 -8.1488 -120.1511
v  178.3097 -11.1384 -120.1512
v  86.3230 -116.0035 -120.1512
v  121.8760 -116.0035 -120.1512
v  177.4332 15.8512 -119.0931
v  177.4332 12.8512 -119.0931
v  178.3444 12.8512 -119.0931
v  178.3444 15.8512 -119.0931
v  174.8626 12.8512 -121.1275
v  170.9745 12.8512 -121.7951
v  178.8986 -8.1488 -118.9608
v  178.8986 -5.1488 -118.9608
v  178.6538 -5.1488 -118.9608
v  178.6538 -8.1488 -118.9608
v  177.4332 -8.1488 -119.0931
v  177.4332 -5.1488 -119.0931
v  171.5673 -5.1488 -119.0931
v  171.5673 -8.1488 -119.0931
v  178.3097 -5.1488 -120.1511
v  178.9332 -5.1488 -119.9745
v  178.9332 -8.1488 -119.9745
v  155.9324 -5.1488 -122.2805
v  158.4867 -5.1488 -122.2805
v  151.5567 -5.1488 -122.2805
v  160.8324 -5.1488 -122.2805
v  167.0800 -5.1488 -122.2805
v  80.7524 -8.1488 -122.2805
v  80.7524 -5.1488 -122.2805
v  114.0112 -5.1488 -122.2805
v  114.0112 -8.1488 -122.2805
v  170.9745 -5.1488 -121.7951
v  174.8626 -5.1488 -121.1275
v  177.4332 3.8512 -119.0931
v  177.4332 0.8512 -119.0931
v  178.3444 0.8512 -119.0931
v  178.3444 3.8512 -119.0931
v  174.8626 3.8512 -121.1275
v  174.8626 0.8512 -121.1275
v  170.9789 0.8512 -121.7939
v  170.9811 3.8512 -121.7933
v  178.8986 3.8512 -118.9608
v  178.8986 6.8512 -118.9608
v  178.6538 6.8512 -118.9608
v  178.6538 3.8512 -118.9608
v  177.4332 6.8512 -119.0931
v  171.5673 6.8512 -119.0931
v  171.5673 3.8512 -119.0931
v  178.3097 3.8512 -120.1511
v  178.3097 6.8512 -120.1511
v  178.9332 6.8512 -119.9745
v  178.9332 3.8512 -119.9745
v  155.9324 3.8512 -122.2805
v  155.9324 6.8512 -122.2805
v  158.4867 6.8512 -122.2805
v  158.4867 3.8512 -122.2805
v  151.5567 3.8512 -122.2805
v  151.5567 6.8512 -122.2805
v  160.8324 3.8512 -122.2805
v  160.8324 6.8512 -122.2805
v  167.0800 6.8512 -122.2805
v  167.0800 3.8512 -122.2805
v  80.7524 3.8512 -122.2805
v  80.7524 6.8512 -122.2805
v  114.0112 6.8512 -122.2805
v  114.0112 3.8512 -122.2805
v  170.9789 6.8512 -121.7939
v  174.8626 6.8512 -121.1275
v  2.1931 -106.9317 -119.0931
v  4.4536 -106.9317 -119.0931
v  2.1931 -109.1278 -119.0931
v  4.4536 -109.1278 -119.0931
v  13.8658 -106.9317 -119.0931
v  12.0437 -106.9317 -119.0931
v  12.0437 -109.1278 -119.0931
v  4.1509 -5.1488 -122.2805
v  11.2259 -5.1488 -122.2805
v  2.0438 -5.1488 -122.2805
v  2.0438 -8.1488 -122.2805
v  4.1509 6.8512 -122.2805
v  11.2259 6.8512 -122.2805
v  11.2259 3.8512 -122.2805
v  4.1509 3.8512 -122.2805
v  2.0438 6.8512 -122.2805
v  2.0438 3.8512 -122.2805
v  12.9243 15.8512 -122.2805
v  12.9243 17.2845 -122.2805
v  11.2259 -83.2328 -122.2805
v  12.9243 -5.1488 -122.2805
v  12.9243 -8.1488 -122.2805
v  12.9243 6.8512 -122.2805
v  12.9243 3.8512 -122.2805
v  15.2716 112.1507 -119.0931
v  15.2716 114.6341 -119.0931
v  86.6323 124.1616 -118.9608
v  50.9519 124.1616 -118.9608
v  50.9519 123.9168 -118.9608
v  86.6323 123.9168 -118.9608
v  86.6323 123.6074 -119.0931
v  50.9519 123.6074 -119.0931
v  50.9519 122.6962 -119.0931
v  86.6323 122.6962 -119.0931
v  86.6323 118.7702 -119.0931
v  50.9519 118.7702 -119.0931
v  50.9519 116.8302 -119.0931
v  50.9519 124.1962 -119.9745
v  86.6323 124.1962 -119.9745
v  86.3230 123.7059 -120.1511
v  50.7700 123.7059 -120.1511
v  14.5471 116.2047 -121.8910
v  80.7524 107.3165 -122.2805
v  47.4935 107.3165 -122.2805
v  47.4935 111.3183 -122.2805
v  80.7524 105.3337 -122.2805
v  47.4935 105.3337 -122.2805
v  80.7524 103.0867 -122.2805
v  47.4935 103.0867 -122.2805
v  80.7524 100.6400 -122.2805
v  47.4935 100.6400 -122.2805
v  80.7524 97.7448 -122.2805
v  47.4935 97.7448 -122.2805
v  80.7524 95.5805 -122.2805
v  47.4935 95.5805 -122.2805
v  80.7524 93.4161 -122.2805
v  47.4935 93.4161 -122.2805
v  80.7524 17.2845 -122.2805
v  80.7524 15.8512 -122.2805
v  47.4935 15.8512 -122.2805
v  47.4935 17.2845 -122.2805
v  15.2716 -106.9317 -119.0931
v  15.2716 -104.4483 -119.0931
v  15.2716 -101.2921 -119.0931
v  50.9519 -116.4592 -118.9608
v  86.6323 -116.4592 -118.9608
v  86.6323 -116.2144 -118.9608
v  50.9519 -116.2144 -118.9608
v  86.6323 -114.9938 -119.0931
v  50.9519 -114.9938 -119.0931
v  50.9519 -115.9050 -119.0931
v  86.6323 -115.9050 -119.0931
v  86.6323 -111.0678 -119.0931
v  50.9519 -109.1278 -119.0931
v  50.9519 -111.0678 -119.0931
v  86.6323 -116.4938 -119.9746
v  50.9519 -116.4938 -119.9746
v  50.7700 -116.0035 -120.1512
v  14.5471 -108.5022 -121.8910
v  14.9155 -113.2931 -121.1275
v  80.7524 -99.6141 -122.2805
v  47.4935 -103.6160 -122.2805
v  47.4935 -99.6141 -122.2805
v  80.7524 -97.6313 -122.2805
v  47.4935 -97.6313 -122.2805
v  80.7524 -95.3843 -122.2805
v  47.4935 -95.3843 -122.2805
v  80.7524 -92.9376 -122.2805
v  47.4935 -92.9376 -122.2805
v  80.7524 -90.0424 -122.2805
v  47.4935 -90.0424 -122.2805
v  80.7524 -87.8781 -122.2805
v  47.4935 -87.8781 -122.2805
v  80.7524 -85.7137 -122.2805
v  47.4935 -85.7137 -122.2805
v  80.7524 -83.2328 -122.2805
v  47.4935 -83.2328 -122.2805
v  49.7643 120.9955 -121.1275
v  14.2347 0.8512 -122.2805
v  12.9243 0.8512 -122.2805
v  14.2347 3.8512 -122.2805
v  14.2347 12.8512 -122.2805
v  12.9243 12.8512 -122.2805
v  14.2347 15.8512 -122.2805
v  178.8986 15.8512 -118.9608
v  178.8986 17.4828 -118.9608
v  178.6538 17.4828 -118.9608
v  178.6538 15.8512 -118.9608
v  177.4332 17.4828 -119.0931
v  178.3444 17.4828 -119.0931
v  171.5673 17.4828 -119.0931
v  171.5673 15.8512 -119.0931
v  178.3097 15.8512 -120.1511
v  178.3097 17.4752 -120.1511
v  178.9332 17.4828 -119.9745
v  178.9332 15.8512 -119.9745
v  4.1509 55.3503 -122.2805
v  11.2259 55.3503 -122.2805
v  11.2259 36.3174 -122.2805
v  4.1509 36.3174 -122.2805
v  151.5567 55.3503 -122.2805
v  155.9324 36.3174 -122.2805
v  151.5567 36.3174 -122.2805
v  160.8324 36.3174 -122.2805
v  158.4867 36.3174 -122.2805
v  14.2347 17.2845 -122.2805
v  170.9110 57.4896 -121.8131
v  174.8626 38.4410 -121.1275
v  170.9405 37.4258 -121.8047
v  167.0800 36.3174 -122.2805
v  2.0438 36.3174 -122.2805
v  12.9243 36.3174 -122.2805
v  80.7524 55.3503 -122.2805
v  80.7524 36.3174 -122.2805
v  47.4935 36.3174 -122.2805
v  47.4935 55.3503 -122.2805
v  178.8986 -11.1524 -118.9608
v  178.6538 -11.1524 -118.9608
v  178.3444 -8.1488 -119.0931
v  177.4332 -11.1524 -119.0931
v  178.3444 -11.1524 -119.0931
v  171.5673 -11.1524 -119.0931
v  178.9332 -11.1524 -119.9745
v  11.2259 -47.0101 -122.2805
v  4.1509 -47.0101 -122.2805
v  4.1509 -28.8987 -122.2805
v  11.2259 -28.8987 -122.2805
v  155.9324 -47.0101 -122.2805
v  151.5567 -47.0101 -122.2805
v  151.5567 -28.8987 -122.2805
v  155.9324 -28.8987 -122.2805
v  160.8324 -47.0101 -122.2805
v  158.4867 -47.0101 -122.2805
v  158.4867 -28.8987 -122.2805
v  160.8324 -28.8987 -122.2805
v  14.2347 -8.1488 -122.2805
v  14.2347 -10.7874 -122.2805
v  12.9243 -10.7874 -122.2805
v  2.0438 -10.7874 -122.2805
v  174.8626 -31.0517 -121.1275
v  174.8626 -51.0423 -121.1275
v  170.9120 -49.1148 -121.8128
v  170.9401 -30.0225 -121.8049
v  167.0800 -47.0101 -122.2805
v  167.0800 -28.8987 -122.2805
v  178.3097 -31.6594 -120.1512
v  178.3097 -52.1803 -120.1512
v  80.7524 -10.7874 -122.2805
v  114.0112 -10.7874 -122.2805
v  178.8986 -73.0031 -118.9608
v  178.8986 -52.3862 -118.9608
v  178.6538 -52.3862 -118.9608
v  178.6538 -73.0031 -118.9608
v  177.4332 -52.3862 -119.0931
v  177.4332 -73.0031 -119.0931
v  178.3444 -73.0031 -119.0931
v  178.3444 -52.3862 -119.0931
v  171.5673 -52.3862 -119.0931
v  171.5673 -73.0031 -119.0931
v  178.3097 -72.7013 -120.1512
v  178.9332 -52.3862 -119.9745
v  178.9332 -73.0031 -119.9745
v  158.4867 -65.1214 -122.2805
v  155.9324 -65.1214 -122.2805
v  167.0800 -65.1214 -122.2805
v  160.8324 -65.1214 -122.2805
v  12.9243 -47.0101 -122.2805
v  14.2347 -47.0101 -122.2805
v  14.2347 -65.1214 -122.2805
v  12.9243 -65.1214 -122.2805
v  2.0438 -47.0101 -122.2805
v  2.0438 -65.1214 -122.2805
v  4.1509 -65.1214 -122.2805
v  11.2259 -65.1214 -122.2805
v  80.7524 -47.0101 -122.2805
v  80.7524 -65.1214 -122.2805
v  47.4935 -65.1214 -122.2805
v  47.4935 -47.0101 -122.2805
v  151.5567 -83.2328 -122.2805
v  170.8559 -87.2994 -121.8287
v  174.8626 -91.0235 -121.1275
v  -178.8858 39.1487 -118.9608
v  -178.6410 39.1487 -118.9608
v  -177.4204 39.1487 -119.0931
v  -178.3316 39.1487 -119.0931
v  -171.5545 39.1487 -119.0931
v  -178.2969 39.0403 -120.1511
v  -178.9204 39.1487 -119.9745
v  -14.2485 36.3174 -122.2805
v  -0.0069 36.3174 -122.2805
v  -4.1647 74.3832 -122.2805
v  -11.2398 74.3832 -122.2805
v  -151.5439 74.3832 -122.2805
v  -170.8687 77.5533 -121.8214
v  -80.7662 74.3832 -122.2805
v  -114.0251 74.3832 -122.2805
v  -114.0251 93.4161 -122.2805
v  -47.5074 36.3174 -122.2805
v  -151.5439 -65.1214 -122.2805
v  -174.8498 -71.0329 -121.1275
v  -170.8712 -68.2071 -121.8208
v  -178.8858 -31.7693 -118.9608
v  -178.6410 -31.7693 -118.9608
v  -178.3316 -31.7693 -119.0931
v  -177.4204 -31.7693 -119.0931
v  -171.5545 -31.7693 -119.0931
v  -178.9204 -31.7693 -119.9745
v  -12.9381 -28.8987 -122.2805
v  -14.2485 -28.8987 -122.2805
v  -0.0069 -28.8987 -122.2805
v  -2.0576 -28.8987 -122.2805
v  -80.7662 -28.8987 -122.2805
v  -114.0251 -28.8987 -122.2805
v  -47.5074 -65.1214 -122.2805
v  178.8986 39.1487 -118.9608
v  178.6538 39.1487 -118.9608
v  178.3444 39.1487 -119.0931
v  177.4332 39.1487 -119.0931
v  171.5673 39.1487 -119.0931
v  178.3097 39.0403 -120.1511
v  178.9332 39.1487 -119.9745
v  14.2347 36.3174 -122.2805
v  11.2259 74.3832 -122.2805
v  4.1509 74.3832 -122.2805
v  151.5567 74.3832 -122.2805
v  170.8815 77.5533 -121.8214
v  80.7524 74.3832 -122.2805
v  47.4935 74.3832 -122.2805
v  114.0112 36.3174 -122.2805
v  114.0112 17.2845 -122.2805
v  151.5567 -65.1214 -122.2805
v  174.8626 -71.0329 -121.1275
v  170.8839 -68.2071 -121.8208
v  178.8986 -31.7693 -118.9608
v  178.6538 -31.7693 -118.9608
v  177.4332 -31.7693 -119.0931
v  178.3444 -31.7693 -119.0931
v  171.5673 -31.7693 -119.0931
v  178.9332 -31.7693 -119.9745
v  14.2347 -28.8987 -122.2805
v  12.9243 -28.8987 -122.2805
v  2.0438 -28.8987 -122.2805
v  80.7524 -28.8987 -122.2805
v  47.4935 -28.8987 -122.2805
v  47.4935 -10.7874 -122.2805
v  114.0112 -65.1214 -122.2805
v  114.0112 -83.2328 -122.2805
v  -50.9658 114.6341 -119.0931
v  -50.9658 112.1507 -119.0931
v  -48.5826 116.2365 -121.8795
v  -50.9658 -104.4483 -119.0931
v  -50.9658 -106.9317 -119.0931
v  -50.9658 -101.2921 -119.0931
v  -48.5826 -108.5341 -121.8795
v  -49.7781 -113.2931 -121.1275
v  -47.5074 0.8512 -122.2805
v  -47.5074 3.8512 -122.2805
v  -114.0251 -5.1488 -122.2805
v  -47.5074 12.8512 -122.2805
v  -114.0251 6.8512 -122.2805
v  -122.3265 124.1616 -118.9608
v  -122.3265 123.9168 -118.9608
v  -122.3265 122.6962 -119.0931
v  -122.3265 123.6074 -119.0931
v  -122.3265 118.7702 -119.0931
v  -122.3265 124.1962 -119.9745
v  -121.8898 123.7059 -120.1511
v  -114.0250 107.3165 -122.2805
v  -114.0250 105.3337 -122.2805
v  -114.0251 103.0867 -122.2805
v  -114.0250 100.6400 -122.2805
v  -114.0251 97.7448 -122.2805
v  -114.0250 95.5805 -122.2805
v  -114.0251 17.2845 -122.2805
v  -122.3265 -116.4592 -118.9608
v  -122.3265 -116.2144 -118.9608
v  -122.3265 -115.9050 -119.0931
v  -122.3265 -114.9938 -119.0931
v  -122.3265 -111.0678 -119.0931
v  -122.3265 -116.4938 -119.9746
v  -114.0250 -99.6141 -122.2805
v  -114.0250 -97.6313 -122.2805
v  -114.0251 -95.3843 -122.2805
v  -114.0251 -92.9376 -122.2805
v  -114.0251 -90.0424 -122.2805
v  -114.0251 -87.8781 -122.2805
v  -114.0251 -85.7137 -122.2805
v  -114.0251 -83.2328 -122.2805
v  -47.5074 55.3503 -122.2805
v  -47.5074 -10.7874 -122.2805
v  -47.5074 -8.1488 -122.2805
v  -47.5074 -47.0101 -122.2805
v  50.9519 112.1507 -119.0931
v  50.9519 114.6341 -119.0931
v  48.5687 116.2365 -121.8795
v  50.9519 -106.9317 -119.0931
v  50.9519 -104.4482 -119.0931
v  50.9519 -101.2921 -119.0931
v  48.5687 -108.5341 -121.8795
v  49.7643 -113.2931 -121.1275
v  14.2347 -5.1488 -122.2805
v  47.4935 -5.1488 -122.2805
v  47.4935 -8.1488 -122.2805
v  151.5567 0.8512 -122.2805
v  114.0112 0.8512 -122.2805
v  14.2347 6.8512 -122.2805
v  47.4935 6.8512 -122.2805
v  47.4935 3.8512 -122.2805
v  151.5567 12.8512 -122.2805
v  114.0112 12.8512 -122.2805
v  114.0112 15.8512 -122.2805
v  122.3127 124.1616 -118.9608
v  122.3127 123.9168 -118.9608
v  122.3127 123.6074 -119.0931
v  122.3127 122.6962 -119.0931
v  122.3127 118.7702 -119.0931
v  122.3127 124.1962 -119.9745
v  121.8760 123.7059 -120.1511
v  114.0112 107.3165 -122.2805
v  114.0112 105.3337 -122.2805
v  114.0112 103.0867 -122.2805
v  114.0112 100.6400 -122.2805
v  114.0112 97.7448 -122.2805
v  114.0112 95.5805 -122.2805
v  114.0112 93.4161 -122.2805
v  122.3127 -116.4592 -118.9608
v  122.3127 -116.2144 -118.9608
v  122.3127 -114.9938 -119.0931
v  122.3127 -115.9050 -119.0931
v  122.3127 -111.0678 -119.0931
v  122.3127 -116.4938 -119.9746
v  114.0112 -99.6141 -122.2805
v  114.0112 -97.6313 -122.2805
v  114.0112 -95.3843 -122.2805
v  114.0112 -92.9376 -122.2805
v  114.0112 -90.0424 -122.2805
v  114.0112 -87.8781 -122.2805
v  114.0112 -85.7137 -122.2805
v  114.0112 55.3503 -122.2805
v  114.0112 -47.0101 -122.2805
v  -47.5074 74.3832 -122.2805
v  -47.5074 -28.8987 -122.2805
v  114.0112 74.3832 -122.2805
v  114.0112 -28.8987 -122.2805
v  -177.4204 9.8512 -119.0931
v  -178.3316 9.8512 -119.0931
v  -178.3316 6.8512 -119.0931
v  -174.8498 9.8512 -121.1275
v  -170.9639 9.8512 -121.7945
v  -178.8858 0.8512 -118.9608
v  -178.8858 -2.1488 -118.9608
v  -178.6410 -2.1488 -118.9608
v  -178.6410 0.8512 -118.9608
v  -171.5545 0.8512 -119.0931
v  -177.4204 -2.1488 -119.0931
v  -171.5545 -2.1488 -119.0931
v  -178.9204 0.8512 -119.9745
v  -178.2969 0.8512 -120.1511
v  -178.2969 -2.1488 -120.1511
v  -178.9204 -2.1488 -119.9745
v  -158.4739 0.8512 -122.2805
v  -155.9196 0.8512 -122.2805
v  -155.9196 -2.1488 -122.2805
v  -158.4739 -2.1488 -122.2805
v  -151.5439 0.8512 -122.2805
v  -151.5439 -2.1488 -122.2805
v  -167.0672 0.8512 -122.2805
v  -160.8196 0.8512 -122.2805
v  -160.8196 -2.1488 -122.2805
v  -167.0672 -2.1488 -122.2805
v  -80.7662 -5.1488 -122.2805
v  -114.0251 -2.1488 -122.2805
v  -80.7662 -2.1488 -122.2805
v  -170.9639 -2.1488 -121.7945
v  -174.8498 -2.1488 -121.1275
v  -178.3316 -2.1488 -119.0931
v  -178.3316 -5.1488 -119.0931
v  -178.8858 12.8512 -118.9608
v  -178.8858 9.8512 -118.9608
v  -178.6410 9.8512 -118.9608
v  -178.6410 12.8512 -118.9608
v  -171.5545 12.8512 -119.0931
v  -171.5545 9.8512 -119.0931
v  -178.9204 12.8512 -119.9745
v  -178.2969 12.8512 -120.1511
v  -178.2969 9.8512 -120.1511
v  -178.9204 9.8512 -119.9745
v  -158.4739 12.8512 -122.2805
v  -155.9196 12.8512 -122.2805
v  -155.9196 9.8512 -122.2805
v  -158.4739 9.8512 -122.2805
v  -151.5439 12.8512 -122.2805
v  -151.5439 9.8512 -122.2805
v  -167.0672 12.8512 -122.2805
v  -160.8196 12.8512 -122.2805
v  -160.8196 9.8512 -122.2805
v  -167.0672 9.8512 -122.2805
v  -80.7662 6.8512 -122.2805
v  -114.0251 9.8512 -122.2805
v  -80.7662 9.8512 -122.2805
v  -11.2397 0.8512 -122.2805
v  -4.1648 0.8512 -122.2805
v  -4.1648 -2.1488 -122.2805
v  -11.2397 -2.1488 -122.2805
v  -2.0576 0.8512 -122.2805
v  -0.0069 0.8512 -122.2805
v  -0.0069 -2.1488 -122.2805
v  -2.0576 -2.1488 -122.2805
v  -11.2397 12.8512 -122.2805
v  -4.1648 12.8512 -122.2805
v  -4.1648 9.8512 -122.2805
v  -11.2397 9.8512 -122.2805
v  -2.0576 12.8512 -122.2805
v  -0.0069 12.8512 -122.2805
v  -0.0069 9.8512 -122.2805
v  -2.0576 9.8512 -122.2805
v  -12.9381 -2.1488 -122.2805
v  -12.9381 9.8512 -122.2805
v  -14.2485 -5.1488 -122.2805
v  -14.2485 -2.1488 -122.2805
v  -14.2485 6.8512 -122.2805
v  -14.2485 9.8512 -122.2805
v  178.3444 6.8512 -119.0931
v  178.3444 9.8512 -119.0931
v  177.4332 9.8512 -119.0931
v  170.9767 9.8512 -121.7945
v  174.8626 9.8512 -121.1275
v  178.8986 -2.1488 -118.9608
v  178.8986 0.8512 -118.9608
v  178.6538 0.8512 -118.9608
v  178.6538 -2.1488 -118.9608
v  171.5673 0.8512 -119.0931
v  171.5673 -2.1488 -119.0931
v  177.4332 -2.1488 -119.0931
v  178.3097 0.8512 -120.1511
v  178.9332 0.8512 -119.9745
v  178.9332 -2.1488 -119.9745
v  178.3097 -2.1488 -120.1511
v  155.9324 0.8512 -122.2805
v  158.4867 0.8512 -122.2805
v  158.4867 -2.1488 -122.2805
v  155.9324 -2.1488 -122.2805
v  151.5567 -2.1488 -122.2805
v  160.8324 0.8512 -122.2805
v  167.0800 0.8512 -122.2805
v  167.0800 -2.1488 -122.2805
v  160.8324 -2.1488 -122.2805
v  80.7524 0.8512 -122.2805
v  114.0112 -2.1488 -122.2805
v  80.7524 -2.1488 -122.2805
v  170.9767 -2.1488 -121.7945
v  174.8626 -2.1488 -121.1275
v  178.3444 -5.1488 -119.0931
v  178.3444 -2.1488 -119.0931
v  178.8986 9.8512 -118.9608
v  178.8986 12.8512 -118.9608
v  178.6538 12.8512 -118.9608
v  178.6538 9.8512 -118.9608
v  171.5673 12.8512 -119.0931
v  171.5673 9.8512 -119.0931
v  178.3097 12.8512 -120.1511
v  178.9332 12.8512 -119.9745
v  178.9332 9.8512 -119.9745
v  178.3097 9.8512 -120.1511
v  155.9324 12.8512 -122.2805
v  158.4867 12.8512 -122.2805
v  158.4867 9.8512 -122.2805
v  155.9324 9.8512 -122.2805
v  151.5567 9.8512 -122.2805
v  160.8324 12.8512 -122.2805
v  167.0800 12.8512 -122.2805
v  167.0800 9.8512 -122.2805
v  160.8324 9.8512 -122.2805
v  80.7524 12.8512 -122.2805
v  114.0112 9.8512 -122.2805
v  80.7524 9.8512 -122.2805
v  4.1509 0.8512 -122.2805
v  11.2259 0.8512 -122.2805
v  11.2259 -2.1488 -122.2805
v  4.1509 -2.1488 -122.2805
v  2.0438 0.8512 -122.2805
v  2.0438 -2.1488 -122.2805
v  4.1509 12.8512 -122.2805
v  11.2259 12.8512 -122.2805
v  11.2259 9.8512 -122.2805
v  4.1509 9.8512 -122.2805
v  2.0438 12.8512 -122.2805
v  2.0438 9.8512 -122.2805
v  12.9243 -2.1488 -122.2805
v  12.9243 9.8512 -122.2805
v  14.2347 -2.1488 -122.2805
v  14.2347 9.8512 -122.2805
v  -47.5074 -5.1488 -122.2805
v  -47.5074 -2.1488 -122.2805
v  -47.5074 6.8512 -122.2805
v  -47.5074 9.8512 -122.2805
v  47.4935 0.8512 -122.2805
v  47.4935 -2.1488 -122.2805
v  47.4935 12.8512 -122.2805
v  47.4935 9.8512 -122.2805
v  -0.0069 114.6341 -119.0931
v  -0.0069 112.1507 -119.0931
v  -1.8968 116.7397 -119.0931
v  -1.3432 118.0760 -119.0931
v  -1.3432 115.4034 -119.0931
v  -0.0069 114.8499 -119.0931
v  1.3294 115.4034 -119.0931
v  1.8829 116.7397 -119.0931
v  1.3294 118.0760 -119.0931
v  -0.0069 118.6295 -119.0931
v  -1.7885 116.7397 -119.0931
v  -1.2667 117.9995 -119.0931
v  -1.2667 115.4799 -119.0931
v  -0.0069 114.9581 -119.0931
v  1.2528 115.4799 -119.0931
v  1.7747 116.7397 -119.0931
v  1.2528 117.9995 -119.0931
v  -0.0069 118.5213 -119.0931
v  -1.7885 116.7397 -119.2096
v  -1.2667 117.9995 -119.2096
v  -1.2667 117.9995 -119.0120
v  -1.7885 116.7397 -119.0120
v  -1.2667 115.4799 -119.2096
v  -1.2667 115.4799 -119.0120
v  -0.0069 114.9581 -119.2096
v  -0.0069 114.9581 -119.0120
v  1.2528 115.4799 -119.2096
v  1.2528 115.4799 -119.0120
v  1.7747 116.7397 -119.2096
v  1.7747 116.7397 -119.0120
v  1.2528 117.9995 -119.2096
v  1.2528 117.9995 -119.0120
v  -0.0069 118.5213 -119.2096
v  -0.0069 118.5213 -119.0120
v  -1.7885 116.7397 -119.2608
v  -1.2667 117.9995 -119.2608
v  -1.2667 117.9995 -118.9608
v  -1.7885 116.7397 -118.9608
v  -1.2667 115.4799 -119.2608
v  -1.2667 115.4799 -118.9608
v  -0.0069 114.9581 -119.2608
v  -0.0069 114.9581 -118.9608
v  1.2528 115.4799 -119.2608
v  1.2528 115.4799 -118.9608
v  1.7747 116.7397 -119.2608
v  1.7747 116.7397 -118.9608
v  1.2528 117.9995 -119.2608
v  1.2528 117.9995 -118.9608
v  -0.0069 118.5213 -119.2608
v  -0.0069 118.5213 -118.9608
v  -1.6803 116.7397 -119.2608
v  -1.1902 117.9229 -119.2608
v  -1.1902 115.5565 -119.2608
v  -0.0069 115.0663 -119.2608
v  1.1763 115.5565 -119.2608
v  1.6664 116.7397 -119.2608
v  1.1763 117.9229 -119.2608
v  -0.0069 118.4130 -119.2608
v  -0.0069 116.7397 -119.2608
v  -0.0069 -111.0678 -119.0931
v  -2.2069 -111.0678 -119.0931
v  -4.4675 -111.0678 -119.0931
v  -12.0576 -111.0678 -119.0931
v  2.1931 -111.0678 -119.0931
v  4.4536 -111.0678 -119.0931
v  12.0437 -111.0678 -119.0931
v  -169.3583 108.9945 -119.0931
v  -166.8749 108.9945 -119.0931
v  -162.2669 108.9945 -119.0931
v  -2.2069 108.9945 -119.0931
v  -0.0069 108.9945 -119.0931
v  -86.6462 108.9945 -119.0931
v  -122.3265 108.9945 -119.0931
v  -4.4675 108.9945 -119.0931
v  -12.0576 108.9945 -119.0931
v  -13.8796 108.9945 -119.0931
v  -169.3583 17.4828 -119.0931
v  -169.3583 15.8512 -119.0931
v  -169.3583 106.5705 -119.0931
v  -166.8749 106.5705 -119.0931
v  -162.2669 106.5705 -119.0931
v  -2.2069 106.5705 -119.0931
v  -0.0069 106.5705 -119.0931
v  -169.3583 104.1465 -119.0931
v  -169.3583 60.8147 -119.0931
v  -166.8749 60.8147 -119.0931
v  -166.8749 82.4806 -119.0931
v  -169.3583 82.4806 -119.0931
v  -162.2669 60.8147 -119.0931
v  -162.2669 82.4806 -119.0931
v  -4.4675 104.1465 -119.0931
v  -2.2069 104.1465 -119.0931
v  -4.4675 106.5705 -119.0931
v  -12.0576 106.5705 -119.0931
v  -15.2854 108.9945 -119.0931
v  -15.2854 106.5705 -119.0931
v  -13.8796 106.5705 -119.0931
v  -166.8749 104.1465 -119.0931
v  -162.2669 104.1465 -119.0931
v  -0.0069 104.1465 -119.0931
v  -12.0576 104.1465 -119.0931
v  -15.2854 104.1465 -119.0931
v  -13.8796 104.1465 -119.0931
v  -169.3583 -11.1524 -119.0931
v  -169.3583 -8.1488 -119.0931
v  -166.8749 -98.8681 -119.0931
v  -169.3583 -98.8681 -119.0931
v  -162.2669 -98.8681 -119.0931
v  -0.0069 -98.8681 -119.0931
v  -2.2069 -98.8681 -119.0931
v  -169.3583 -96.4441 -119.0931
v  -166.8749 -96.4441 -119.0931
v  -166.8749 -93.6200 -119.0931
v  -169.3583 -93.6200 -119.0931
v  -162.2669 -96.4441 -119.0931
v  -162.2669 -93.6200 -119.0931
v  -4.4675 -96.4441 -119.0931
v  -4.4675 -98.8681 -119.0931
v  -2.2069 -96.4441 -119.0931
v  -12.0576 -98.8681 -119.0931
v  -13.8796 -98.8681 -119.0931
v  -15.2854 -98.8681 -119.0931
v  -0.0069 -96.4441 -119.0931
v  -12.0576 -96.4441 -119.0931
v  -13.8796 -96.4441 -119.0931
v  -15.2854 -96.4441 -119.0931
v  -169.3583 12.8512 -119.0931
v  -166.8749 12.8512 -119.0931
v  -166.8749 15.8512 -119.0931
v  -162.2669 -5.1488 -119.0931
v  -166.8749 -5.1488 -119.0931
v  -166.8749 -8.1488 -119.0931
v  -162.2669 -8.1488 -119.0931
v  -169.3583 0.8512 -119.0931
v  -169.3583 3.8512 -119.0931
v  -166.8749 0.8512 -119.0931
v  -166.8749 3.8512 -119.0931
v  -162.2669 6.8512 -119.0931
v  -166.8749 6.8512 -119.0931
v  -162.2669 3.8512 -119.0931
v  -86.6462 15.8512 -119.0931
v  -86.6462 17.4828 -119.0931
v  -122.3265 17.4828 -119.0931
v  -122.3265 15.8512 -119.0931
v  -86.6462 -11.1524 -119.0931
v  -86.6462 -8.1488 -119.0931
v  -122.3265 -8.1488 -119.0931
v  -122.3265 -11.1524 -119.0931
v  -2.2069 60.8147 -119.0931
v  -0.0069 60.8147 -119.0931
v  -0.0069 82.4806 -119.0931
v  -2.2069 82.4806 -119.0931
v  -0.0069 -93.6200 -119.0931
v  -2.2069 -93.6200 -119.0931
v  -2.2069 15.8512 -119.0931
v  -2.2069 17.4828 -119.0931
v  -4.4675 17.4828 -119.0931
v  -4.4675 15.8512 -119.0931
v  -4.4675 -93.6200 -119.0931
v  -12.0576 15.8512 -119.0931
v  -12.0576 17.4828 -119.0931
v  -13.8796 17.4828 -119.0931
v  -13.8796 15.8512 -119.0931
v  -12.0576 -93.6200 -119.0931
v  -13.8796 -93.6200 -119.0931
v  -2.2069 12.8512 -119.0931
v  -0.0069 12.8512 -119.0931
v  -0.0069 15.8512 -119.0931
v  -86.6462 3.8512 -119.0931
v  -86.6462 6.8512 -119.0931
v  -122.3265 6.8512 -119.0931
v  -122.3265 3.8512 -119.0931
v  -4.4675 12.8512 -119.0931
v  -13.8796 12.8512 -119.0931
v  -12.0576 12.8512 -119.0931
v  -2.2069 0.8512 -119.0931
v  -0.0069 0.8512 -119.0931
v  -0.0069 3.8512 -119.0931
v  -2.2069 3.8512 -119.0931
v  -86.6462 -5.1488 -119.0931
v  -122.3265 -5.1488 -119.0931
v  -4.4675 0.8512 -119.0931
v  -4.4675 3.8512 -119.0931
v  -13.8796 0.8512 -119.0931
v  -12.0576 0.8512 -119.0931
v  -12.0576 3.8512 -119.0931
v  -13.8796 3.8512 -119.0931
v  -4.4675 6.8512 -119.0931
v  -12.0576 6.8512 -119.0931
v  -4.4675 -8.1488 -119.0931
v  -4.4675 -5.1488 -119.0931
v  -12.0576 -5.1488 -119.0931
v  -12.0576 -8.1488 -119.0931
v  -86.6462 106.5705 -119.0931
v  -50.9658 106.5705 -119.0931
v  -50.9658 108.9945 -119.0931
v  -86.6462 104.1465 -119.0931
v  -50.9658 104.1465 -119.0931
v  -86.6462 -98.8681 -119.0931
v  -50.9658 -98.8681 -119.0931
v  -86.6462 -96.4441 -119.0931
v  -50.9658 -96.4441 -119.0931
v  -15.2854 17.4828 -119.0931
v  -15.2854 15.8512 -119.0931
v  -15.2854 -93.6200 -119.0931
v  -13.8796 6.8512 -119.0931
v  -15.2854 6.8512 -119.0931
v  -15.2854 3.8512 -119.0931
v  -13.8796 -8.1488 -119.0931
v  -13.8796 -5.1488 -119.0931
v  -15.2854 -5.1488 -119.0931
v  -15.2854 -8.1488 -119.0931
v  -169.3583 39.1487 -119.0931
v  -166.8749 17.4828 -119.0931
v  -162.2669 15.8512 -119.0931
v  -162.2669 17.4828 -119.0931
v  -86.6462 60.8147 -119.0931
v  -86.6462 39.1487 -119.0931
v  -50.9658 39.1487 -119.0931
v  -50.9658 60.8147 -119.0931
v  -0.0069 17.4828 -119.0931
v  -4.4675 60.8147 -119.0931
v  -4.4675 39.1487 -119.0931
v  -2.2069 39.1487 -119.0931
v  -12.0576 60.8146 -119.0931
v  -13.8796 60.8147 -119.0931
v  -13.8796 39.1487 -119.0931
v  -12.0576 39.1487 -119.0931
v  -15.2854 60.8147 -119.0931
v  -15.2854 39.1487 -119.0931
v  -169.3583 -52.3862 -119.0931
v  -169.3583 -31.7693 -119.0931
v  -166.8749 -11.1524 -119.0931
v  -162.2669 -11.1524 -119.0931
v  -86.6462 -52.3862 -119.0931
v  -86.6462 -31.7693 -119.0931
v  -122.3265 -31.7693 -119.0931
v  -122.3265 -52.3862 -119.0931
v  -0.0069 -8.1488 -119.0931
v  -2.2069 -8.1488 -119.0931
v  -2.2069 -11.1524 -119.0931
v  -0.0069 -11.1524 -119.0931
v  -4.4675 -11.1524 -119.0931
v  -13.8796 -11.1524 -119.0931
v  -12.0576 -11.1524 -119.0931
v  -15.2854 -11.1524 -119.0931
v  -166.8749 -52.3862 -119.0931
v  -169.3583 -73.0031 -119.0931
v  -166.8749 -73.0031 -119.0931
v  -162.2669 -52.3862 -119.0931
v  -162.2669 -73.0031 -119.0931
v  -0.0069 -52.3862 -119.0931
v  -2.2069 -52.3862 -119.0931
v  -2.2069 -73.0031 -119.0931
v  -0.0069 -73.0031 -119.0931
v  -4.4675 -52.3862 -119.0931
v  -4.4675 -73.0031 -119.0931
v  -12.0576 -52.3862 -119.0931
v  -13.8796 -52.3862 -119.0931
v  -13.8796 -73.0031 -119.0931
v  -12.0576 -73.0031 -119.0931
v  -15.2854 -52.3862 -119.0931
v  -15.2854 -73.0031 -119.0931
v  -86.6462 -93.6200 -119.0931
v  -122.3265 -93.6200 -119.0931
v  -122.3265 -96.4441 -119.0931
v  169.3711 108.9945 -119.0931
v  166.8877 108.9945 -119.0931
v  162.2797 108.9945 -119.0931
v  2.1931 108.9945 -119.0931
v  86.6323 108.9945 -119.0931
v  122.3127 108.9945 -119.0931
v  4.4536 108.9945 -119.0931
v  12.0437 108.9945 -119.0931
v  13.8658 108.9945 -119.0931
v  169.3711 17.4828 -119.0931
v  169.3711 15.8512 -119.0931
v  166.8877 106.5705 -119.0931
v  169.3711 106.5705 -119.0931
v  162.2797 106.5705 -119.0931
v  2.1931 106.5705 -119.0931
v  169.3711 104.1465 -119.0931
v  166.8877 60.8146 -119.0931
v  169.3711 60.8146 -119.0931
v  169.3711 82.4806 -119.0931
v  166.8877 82.4806 -119.0931
v  162.2797 60.8146 -119.0931
v  162.2797 82.4806 -119.0931
v  4.4536 104.1465 -119.0931
v  4.4536 106.5705 -119.0931
v  2.1931 104.1465 -119.0931
v  12.0437 106.5705 -119.0931
v  15.2716 108.9945 -119.0931
v  13.8658 106.5705 -119.0931
v  15.2716 106.5705 -119.0931
v  166.8877 104.1465 -119.0931
v  162.2797 104.1465 -119.0931
v  12.0437 104.1465 -119.0931
v  13.8658 104.1465 -119.0931
v  15.2716 104.1465 -119.0931
v  169.3711 -8.1488 -119.0931
v  169.3711 -11.1524 -119.0931
v  169.3711 -98.8681 -119.0931
v  166.8877 -98.8681 -119.0931
v  162.2797 -98.8681 -119.0931
v  2.1931 -98.8681 -119.0931
v  169.3711 -96.4441 -119.0931
v  166.8877 -96.4441 -119.0931
v  169.3711 -93.6200 -119.0931
v  166.8877 -93.6200 -119.0931
v  162.2797 -96.4441 -119.0931
v  162.2797 -93.6200 -119.0931
v  4.4536 -96.4441 -119.0931
v  2.1931 -96.4441 -119.0931
v  4.4536 -98.8681 -119.0931
v  12.0437 -98.8681 -119.0931
v  13.8658 -98.8681 -119.0931
v  15.2716 -98.8681 -119.0931
v  12.0437 -96.4441 -119.0931
v  13.8658 -96.4441 -119.0931
v  15.2716 -96.4441 -119.0931
v  169.3711 12.8512 -119.0931
v  166.8877 15.8512 -119.0931
v  166.8877 12.8512 -119.0931
v  166.8877 -8.1488 -119.0931
v  166.8877 -5.1488 -119.0931
v  162.2797 -5.1488 -119.0931
v  162.2797 -8.1488 -119.0931
v  169.3711 3.8512 -119.0931
v  169.3711 0.8512 -119.0931
v  166.8877 3.8512 -119.0931
v  166.8877 0.8512 -119.0931
v  166.8877 6.8512 -119.0931
v  162.2797 6.8512 -119.0931
v  162.2797 3.8512 -119.0931
v  86.6323 17.4828 -119.0931
v  86.6323 15.8512 -119.0931
v  122.3127 15.8512 -119.0931
v  122.3127 17.4828 -119.0931
v  86.6323 -8.1488 -119.0931
v  86.6323 -11.1524 -119.0931
v  122.3127 -11.1524 -119.0931
v  122.3127 -8.1488 -119.0931
v  2.1931 60.8146 -119.0931
v  2.1931 82.4806 -119.0931
v  2.1931 -93.6200 -119.0931
v  2.1931 15.8512 -119.0931
v  4.4536 15.8512 -119.0931
v  4.4536 17.4828 -119.0931
v  2.1931 17.4828 -119.0931
v  4.4536 -93.6200 -119.0931
v  12.0437 15.8512 -119.0931
v  13.8658 15.8512 -119.0931
v  13.8658 17.4828 -119.0931
v  12.0437 17.4828 -119.0931
v  13.8658 -93.6200 -119.0931
v  12.0437 -93.6200 -119.0931
v  2.1931 12.8512 -119.0931
v  86.6323 12.8512 -119.0931
v  122.3127 12.8512 -119.0931
v  4.4536 12.8512 -119.0931
v  12.0437 12.8512 -119.0931
v  13.8658 12.8512 -119.0931
v  2.1931 0.8512 -119.0931
v  2.1931 3.8512 -119.0931
v  86.6323 3.8512 -119.0931
v  86.6323 0.8512 -119.0931
v  122.3127 0.8512 -119.0931
v  122.3127 3.8512 -119.0931
v  4.4536 0.8512 -119.0931
v  4.4536 3.8512 -119.0931
v  12.0437 3.8512 -119.0931
v  12.0437 0.8512 -119.0931
v  13.8658 0.8512 -119.0931
v  13.8658 3.8512 -119.0931
v  12.0437 6.8512 -119.0931
v  4.4536 6.8512 -119.0931
v  12.0437 -5.1488 -119.0931
v  4.4536 -5.1488 -119.0931
v  4.4536 -8.1488 -119.0931
v  12.0437 -8.1488 -119.0931
v  86.6323 106.5705 -119.0931
v  50.9519 108.9945 -119.0931
v  50.9519 106.5705 -119.0931
v  86.6323 104.1465 -119.0931
v  50.9519 104.1465 -119.0931
v  86.6323 -98.8681 -119.0931
v  50.9519 -98.8681 -119.0931
v  86.6323 -96.4441 -119.0931
v  50.9519 -96.4441 -119.0931
v  15.2716 15.8512 -119.0931
v  15.2716 17.4828 -119.0931
v  15.2716 -93.6200 -119.0931
v  15.2716 6.8512 -119.0931
v  13.8658 6.8512 -119.0931
v  15.2716 3.8512 -119.0931
v  15.2716 -5.1488 -119.0931
v  13.8658 -5.1488 -119.0931
v  13.8658 -8.1488 -119.0931
v  15.2716 -8.1488 -119.0931
v  169.3711 39.1487 -119.0931
v  166.8877 17.4828 -119.0931
v  162.2797 17.4828 -119.0931
v  162.2797 15.8512 -119.0931
v  86.6323 60.8146 -119.0931
v  86.6323 39.1487 -119.0931
v  122.3127 39.1487 -119.0931
v  122.3127 60.8146 -119.0931
v  4.4536 60.8146 -119.0931
v  2.1931 39.1487 -119.0931
v  4.4536 39.1487 -119.0931
v  13.8658 60.8146 -119.0931
v  12.0437 60.8147 -119.0931
v  12.0437 39.1487 -119.0931
v  13.8658 39.1487 -119.0931
v  15.2716 60.8146 -119.0931
v  15.2716 39.1487 -119.0931
v  169.3711 -52.3862 -119.0931
v  169.3711 -31.7693 -119.0931
v  166.8877 -11.1524 -119.0931
v  162.2797 -11.1524 -119.0931
v  86.6323 -52.3862 -119.0931
v  86.6323 -31.7693 -119.0931
v  50.9519 -31.7693 -119.0931
v  50.9519 -52.3862 -119.0931
v  2.1931 -11.1524 -119.0931
v  2.1931 -8.1488 -119.0931
v  4.4536 -11.1524 -119.0931
v  12.0437 -11.1524 -119.0931
v  13.8658 -11.1524 -119.0931
v  15.2716 -11.1524 -119.0931
v  166.8877 -52.3862 -119.0931
v  166.8877 -73.0031 -119.0931
v  169.3711 -73.0031 -119.0931
v  162.2797 -52.3862 -119.0931
v  162.2797 -73.0031 -119.0931
v  2.1931 -52.3862 -119.0931
v  2.1931 -73.0031 -119.0931
v  4.4536 -52.3862 -119.0931
v  4.4536 -73.0031 -119.0931
v  13.8658 -52.3862 -119.0931
v  12.0437 -52.3862 -119.0931
v  12.0437 -73.0031 -119.0931
v  13.8658 -73.0031 -119.0931
v  15.2716 -52.3862 -119.0931
v  15.2716 -73.0031 -119.0931
v  86.6323 -93.6200 -119.0931
v  122.3127 -96.4441 -119.0931
v  122.3127 -93.6200 -119.0931
v  -166.8749 39.1487 -119.0931
v  -162.2669 39.1487 -119.0931
v  -0.0069 39.1487 -119.0931
v  -86.6462 82.4806 -119.0931
v  -50.9658 82.4806 -119.0931
v  -122.3265 39.1487 -119.0931
v  -4.4675 82.4806 -119.0931
v  -13.8796 82.4806 -119.0931
v  -12.0576 82.4806 -119.0931
v  -15.2854 82.4806 -119.0931
v  -86.6462 -73.0031 -119.0931
v  -122.3265 -73.0031 -119.0931
v  -50.9658 -31.7693 -119.0931
v  -50.9658 -11.1524 -119.0931
v  -166.8749 -31.7693 -119.0931
v  -162.2669 -31.7693 -119.0931
v  -2.2069 -31.7693 -119.0931
v  -0.0069 -31.7693 -119.0931
v  -4.4675 -31.7693 -119.0931
v  -13.8796 -31.7693 -119.0931
v  -12.0576 -31.7693 -119.0931
v  -15.2854 -31.7693 -119.0931
v  166.8877 39.1487 -119.0931
v  162.2797 39.1487 -119.0931
v  86.6323 82.4806 -119.0931
v  122.3127 82.4806 -119.0931
v  122.3127 104.1465 -119.0931
v  50.9519 39.1487 -119.0931
v  50.9519 17.4828 -119.0931
v  4.4536 82.4806 -119.0931
v  12.0437 82.4806 -119.0931
v  13.8658 82.4806 -119.0931
v  15.2716 82.4806 -119.0931
v  86.6323 -73.0031 -119.0931
v  50.9519 -73.0031 -119.0931
v  50.9519 -93.6200 -119.0931
v  122.3127 -31.7693 -119.0931
v  166.8877 -31.7693 -119.0931
v  162.2797 -31.7693 -119.0931
v  2.1931 -31.7693 -119.0931
v  4.4536 -31.7693 -119.0931
v  12.0437 -31.7693 -119.0931
v  13.8658 -31.7693 -119.0931
v  15.2716 -31.7693 -119.0931
v  -50.9658 17.4828 -119.0931
v  -50.9658 15.8512 -119.0931
v  -50.9658 -8.1488 -119.0931
v  -50.9658 6.8512 -119.0931
v  -50.9658 3.8512 -119.0931
v  -162.2669 12.8512 -119.0931
v  -122.3265 12.8512 -119.0931
v  -50.9658 -5.1488 -119.0931
v  -162.2669 0.8512 -119.0931
v  -122.3265 0.8512 -119.0931
v  -122.3265 106.5705 -119.0931
v  -122.3265 104.1465 -119.0931
v  -122.3265 -98.8681 -119.0931
v  -122.3265 60.8147 -119.0931
v  -50.9658 -52.3862 -119.0931
v  -50.9658 -93.6200 -119.0931
v  50.9519 15.8512 -119.0931
v  50.9519 -11.1524 -119.0931
v  50.9519 -8.1488 -119.0931
v  15.2716 12.8512 -119.0931
v  50.9519 12.8512 -119.0931
v  122.3127 6.8512 -119.0931
v  15.2716 0.8512 -119.0931
v  50.9519 0.8512 -119.0931
v  50.9519 3.8512 -119.0931
v  122.3127 -5.1488 -119.0931
v  122.3127 106.5705 -119.0931
v  122.3127 -98.8681 -119.0931
v  50.9519 60.8146 -119.0931
v  122.3127 -52.3862 -119.0931
v  -122.3265 82.4806 -119.0931
v  -50.9658 -73.0031 -119.0931
v  50.9519 82.4806 -119.0931
v  122.3127 -73.0031 -119.0931
v  -169.3583 6.8512 -119.0931
v  -169.3583 9.8512 -119.0931
v  -166.8749 9.8512 -119.0931
v  -166.8749 -2.1488 -119.0931
v  -162.2669 -2.1488 -119.0931
v  -169.3583 -5.1488 -119.0931
v  -169.3583 -2.1488 -119.0931
v  -162.2669 9.8512 -119.0931
v  -2.2069 6.8512 -119.0931
v  -0.0069 6.8512 -119.0931
v  -0.0069 9.8512 -119.0931
v  -2.2069 9.8512 -119.0931
v  -86.6462 12.8512 -119.0931
v  -122.3265 9.8512 -119.0931
v  -86.6462 9.8512 -119.0931
v  -4.4675 9.8512 -119.0931
v  -12.0576 9.8512 -119.0931
v  -13.8796 9.8512 -119.0931
v  -2.2069 -5.1488 -119.0931
v  -0.0069 -5.1488 -119.0931
v  -0.0069 -2.1488 -119.0931
v  -2.2069 -2.1488 -119.0931
v  -86.6462 0.8512 -119.0931
v  -122.3265 -2.1488 -119.0931
v  -86.6462 -2.1488 -119.0931
v  -4.4675 -2.1488 -119.0931
v  -12.0576 -2.1488 -119.0931
v  -13.8796 -2.1488 -119.0931
v  -15.2854 12.8512 -119.0931
v  -15.2854 9.8512 -119.0931
v  -15.2854 0.8512 -119.0931
v  -15.2854 -2.1488 -119.0931
v  169.3711 6.8512 -119.0931
v  169.3711 9.8512 -119.0931
v  166.8877 9.8512 -119.0931
v  162.2797 0.8512 -119.0931
v  162.2797 -2.1488 -119.0931
v  166.8877 -2.1488 -119.0931
v  169.3711 -5.1488 -119.0931
v  169.3711 -2.1488 -119.0931
v  162.2797 12.8512 -119.0931
v  162.2797 9.8512 -119.0931
v  2.1931 6.8512 -119.0931
v  2.1931 9.8512 -119.0931
v  86.6323 6.8512 -119.0931
v  122.3127 9.8512 -119.0931
v  86.6323 9.8512 -119.0931
v  4.4536 9.8512 -119.0931
v  13.8658 9.8512 -119.0931
v  12.0437 9.8512 -119.0931
v  2.1931 -5.1488 -119.0931
v  2.1931 -2.1488 -119.0931
v  86.6323 -5.1488 -119.0931
v  122.3127 -2.1488 -119.0931
v  86.6323 -2.1488 -119.0931
v  4.4536 -2.1488 -119.0931
v  13.8658 -2.1488 -119.0931
v  12.0437 -2.1488 -119.0931
v  15.2716 9.8512 -119.0931
v  15.2716 -2.1488 -119.0931
v  -50.9658 12.8512 -119.0931
v  -50.9658 9.8512 -119.0931
v  -50.9658 0.8512 -119.0931
v  -50.9658 -2.1488 -119.0931
v  50.9519 6.8512 -119.0931
v  50.9519 9.8512 -119.0931
v  50.9519 -5.1488 -119.0931
v  50.9519 -2.1488 -119.0931
v  177.7166 117.4937 -119.8015
v  176.3040 119.7143 -119.8015
v  176.3040 119.7143 -119.1337
v  177.7166 117.4937 -119.1337
v  178.6170 114.9772 -119.8015
v  178.6170 114.9772 -119.1337
v  178.9332 112.2369 -119.8015
v  178.9332 112.2369 -119.1337
v  178.9332 108.9945 -119.8015
v  178.9332 108.9945 -119.1337
v  178.9332 106.5705 -119.8015
v  178.9332 106.5705 -119.1337
v  178.9332 104.1465 -119.8015
v  178.9332 104.1465 -119.1337
v  178.9332 82.4806 -119.8016
v  178.9332 82.4806 -119.1337
v  178.9332 60.8146 -119.8016
v  178.9332 60.8146 -119.1337
v  178.9332 39.1487 -119.8016
v  178.9332 39.1487 -119.1337
v  178.9332 17.4828 -119.8016
v  178.9332 17.4828 -119.1338
v  178.9332 15.8512 -119.8016
v  178.9332 15.8512 -119.1338
v  178.9332 12.8512 -119.8016
v  178.9332 12.8512 -119.1338
v  178.9332 9.8512 -119.8016
v  178.9332 9.8512 -119.1338
v  178.9332 6.8512 -119.8016
v  178.9332 6.8512 -119.1338
v  178.9332 3.8512 -119.8016
v  178.9332 3.8512 -119.1338
v  178.9332 0.8512 -119.8016
v  178.9332 0.8512 -119.1338
v  178.9332 -2.1488 -119.8016
v  178.9332 -2.1488 -119.1338
v  178.9332 -5.1488 -119.8016
v  178.9332 -5.1488 -119.1338
v  178.9332 -8.1488 -119.8016
v  178.9332 -8.1488 -119.1338
v  178.9332 -11.1524 -119.8016
v  178.9332 -11.1524 -119.1338
v  178.9332 -31.7693 -119.8016
v  178.9332 -31.7693 -119.1338
v  178.9332 -52.3862 -119.8016
v  178.9332 -52.3862 -119.1338
v  178.9332 -73.0031 -119.8016
v  178.9332 -73.0031 -119.1338
v  178.9332 -93.6200 -119.8016
v  178.9332 -93.6200 -119.1338
v  178.9332 -96.4441 -119.8016
v  178.9332 -96.4441 -119.1338
v  178.9332 -98.8681 -119.8016
v  178.9332 -98.8681 -119.1338
v  178.9332 -101.2921 -119.8016
v  178.9332 -101.2921 -119.1338
v  178.9332 -104.5345 -119.8016
v  178.9332 -104.5345 -119.1338
v  178.6170 -107.2748 -119.8016
v  178.6170 -107.2748 -119.1338
v  177.7166 -109.7913 -119.8016
v  177.7166 -109.7913 -119.1338
v  176.3040 -112.0119 -119.8016
v  176.3040 -112.0119 -119.1338
v  174.4514 -113.8646 -119.8016
v  174.4514 -113.8646 -119.1338
v  172.2307 -115.2772 -119.8016
v  172.2307 -115.2772 -119.1338
v  169.7142 -116.1776 -119.8016
v  169.7142 -116.1776 -119.1338
v  166.9739 -116.4938 -119.8016
v  166.9739 -116.4938 -119.1338
v  162.2797 -116.4938 -119.8016
v  162.2797 -116.4938 -119.1338
v  122.3127 -116.4938 -119.8016
v  122.3127 -116.4938 -119.1338
v  86.6323 -116.4938 -119.8016
v  86.6323 -116.4938 -119.1338
v  50.9519 -116.4938 -119.8016
v  50.9519 -116.4938 -119.1338
v  15.2716 -116.4938 -119.8016
v  15.2716 -116.4938 -119.1338
v  13.8658 -116.4938 -119.8016
v  13.8658 -116.4938 -119.1338
v  12.0437 -116.4938 -119.8016
v  12.0437 -116.4938 -119.1338
v  4.4536 -116.4938 -119.8016
v  4.4536 -116.4938 -119.1338
v  2.1931 -116.4938 -119.8016
v  2.1931 -116.4938 -119.1338
v  -0.0069 -116.4938 -119.8016
v  -0.0069 -116.4938 -119.1338
v  -2.2069 -116.4938 -119.8016
v  -2.2069 -116.4938 -119.1338
v  -4.4675 -116.4938 -119.8016
v  -4.4675 -116.4938 -119.1338
v  -12.0576 -116.4938 -119.8016
v  -12.0576 -116.4938 -119.1338
v  -13.8796 -116.4938 -119.8016
v  -13.8796 -116.4938 -119.1338
v  -15.2854 -116.4938 -119.8016
v  -15.2854 -116.4938 -119.1338
v  -50.9658 -116.4938 -119.8016
v  -50.9658 -116.4938 -119.1338
v  -86.6462 -116.4938 -119.8016
v  -86.6462 -116.4938 -119.1338
v  -122.3265 -116.4938 -119.8016
v  -122.3265 -116.4938 -119.1338
v  -162.2669 -116.4938 -119.8016
v  -162.2669 -116.4938 -119.1338
v  -166.9612 -116.4938 -119.8016
v  -166.9612 -116.4938 -119.1338
v  -169.7014 -116.1776 -119.8016
v  -169.7014 -116.1776 -119.1338
v  -172.2179 -115.2772 -119.8016
v  -172.2179 -115.2772 -119.1338
v  -174.4386 -113.8646 -119.8016
v  -174.4386 -113.8646 -119.1338
v  -176.2912 -112.0119 -119.8016
v  -176.2912 -112.0119 -119.1338
v  -177.7038 -109.7913 -119.8016
v  -177.7038 -109.7913 -119.1338
v  -178.6042 -107.2748 -119.8016
v  -178.6042 -107.2748 -119.1338
v  -178.9204 -104.5345 -119.8016
v  -178.9204 -104.5345 -119.1338
v  -178.9204 -101.2921 -119.8016
v  -178.9204 -101.2921 -119.1338
v  -178.9204 -98.8681 -119.8016
v  -178.9204 -98.8681 -119.1338
v  -178.9204 -96.4441 -119.8016
v  -178.9204 -96.4441 -119.1338
v  -178.9204 -93.6200 -119.8016
v  -178.9204 -93.6200 -119.1338
v  -178.9204 -73.0031 -119.8016
v  -178.9204 -73.0031 -119.1338
v  -178.9204 -52.3862 -119.8016
v  -178.9204 -52.3862 -119.1338
v  -178.9204 -31.7693 -119.8016
v  -178.9204 -31.7693 -119.1338
v  -178.9204 -11.1524 -119.8016
v  -178.9204 -11.1524 -119.1338
v  -178.9204 -8.1488 -119.8016
v  -178.9204 -8.1488 -119.1338
v  -178.9204 -5.1488 -119.8016
v  -178.9204 -5.1488 -119.1338
v  -178.9204 -2.1488 -119.8016
v  -178.9204 -2.1488 -119.1338
v  -178.9204 0.8512 -119.8016
v  -178.9204 0.8512 -119.1338
v  -178.9204 3.8512 -119.8016
v  -178.9204 3.8512 -119.1338
v  -178.9204 6.8512 -119.8016
v  -178.9204 6.8512 -119.1338
v  -178.9204 9.8512 -119.8016
v  -178.9204 9.8512 -119.1338
v  -178.9204 12.8512 -119.8016
v  -178.9204 12.8512 -119.1338
v  -178.9204 15.8512 -119.8016
v  -178.9204 15.8512 -119.1338
v  -178.9204 17.4828 -119.8016
v  -178.9204 17.4828 -119.1338
v  -178.9204 39.1487 -119.8016
v  -178.9204 39.1487 -119.1337
v  -178.9204 60.8147 -119.8016
v  -178.9204 60.8147 -119.1337
v  -178.9204 82.4806 -119.8016
v  -178.9204 82.4806 -119.1337
v  -178.9204 104.1465 -119.8015
v  -178.9204 104.1465 -119.1337
v  -178.9204 106.5705 -119.8015
v  -178.9204 106.5705 -119.1337
v  -178.9204 108.9945 -119.8015
v  -178.9204 108.9945 -119.1337
v  -178.9204 112.2369 -119.8015
v  -178.9204 112.2369 -119.1337
v  -178.6042 114.9772 -119.8015
v  -178.6042 114.9772 -119.1337
v  -177.7038 117.4937 -119.8015
v  -177.7038 117.4937 -119.1337
v  -176.2912 119.7143 -119.8015
v  -176.2912 119.7143 -119.1337
v  -174.4386 121.5670 -119.8015
v  -174.4386 121.5670 -119.1337
v  -172.2179 122.9796 -119.8015
v  -172.2179 122.9796 -119.1337
v  -169.7014 123.8800 -119.8015
v  -169.7014 123.8800 -119.1337
v  -166.9612 124.1962 -119.8015
v  -166.9612 124.1962 -119.1337
v  -162.2669 124.1962 -119.8015
v  -162.2669 124.1962 -119.1337
v  -122.3265 124.1962 -119.8015
v  -122.3265 124.1962 -119.1337
v  -86.6462 124.1962 -119.8015
v  -86.6462 124.1962 -119.1337
v  -50.9658 124.1962 -119.8015
v  -50.9658 124.1962 -119.1337
v  -15.2854 124.1962 -119.8015
v  -15.2854 124.1962 -119.1337
v  -13.8796 124.1962 -119.8015
v  -13.8796 124.1962 -119.1337
v  -12.0576 124.1962 -119.8015
v  -12.0576 124.1962 -119.1337
v  -4.4675 124.1962 -119.8015
v  -4.4675 124.1962 -119.1337
v  -2.2069 124.1962 -119.8015
v  -2.2069 124.1962 -119.1337
v  -0.0069 124.1962 -119.8015
v  -0.0069 124.1962 -119.1337
v  2.1931 124.1962 -119.8015
v  2.1931 124.1962 -119.1337
v  4.4536 124.1962 -119.8015
v  4.4536 124.1962 -119.1337
v  12.0437 124.1962 -119.8015
v  12.0437 124.1962 -119.1337
v  13.8658 124.1962 -119.8015
v  13.8658 124.1962 -119.1337
v  15.2716 124.1962 -119.8015
v  15.2716 124.1962 -119.1337
v  50.9519 124.1962 -119.8015
v  50.9519 124.1962 -119.1337
v  86.6323 124.1962 -119.8015
v  86.6323 124.1962 -119.1337
v  122.3127 124.1962 -119.8015
v  122.3127 124.1962 -119.1337
v  162.2797 124.1962 -119.8015
v  162.2797 124.1962 -119.1337
v  166.9739 124.1962 -119.8015
v  166.9739 124.1962 -119.1337
v  169.7142 123.8800 -119.8015
v  169.7142 123.8800 -119.1337
v  172.2307 122.9796 -119.8015
v  172.2307 122.9796 -119.1337
v  174.4514 121.5670 -119.8015
v  174.4514 121.5670 -119.1337
v  176.3040 119.7143 -118.9608
v  177.7166 117.4937 -118.9608
v  178.6170 114.9772 -118.9608
v  178.9332 112.2369 -118.9608
v  178.9332 108.9945 -118.9608
v  178.9332 106.5705 -118.9608
v  178.9332 104.1465 -118.9608
v  178.9332 82.4806 -118.9608
v  178.9332 60.8146 -118.9608
v  178.9332 39.1487 -118.9608
v  178.9332 17.4828 -118.9608
v  178.9332 15.8512 -118.9608
v  178.9332 12.8512 -118.9608
v  178.9332 9.8512 -118.9608
v  178.9332 6.8512 -118.9608
v  178.9332 3.8512 -118.9608
v  178.9332 0.8512 -118.9608
v  178.9332 -2.1488 -118.9608
v  178.9332 -5.1488 -118.9608
v  178.9332 -8.1488 -118.9608
v  178.9332 -11.1524 -118.9608
v  178.9332 -31.7693 -118.9608
v  178.9332 -52.3862 -118.9608
v  178.9332 -73.0031 -118.9608
v  178.9332 -93.6200 -118.9608
v  178.9332 -96.4441 -118.9608
v  178.9332 -98.8681 -118.9608
v  178.9332 -101.2921 -118.9608
v  178.9332 -104.5345 -118.9608
v  178.6170 -107.2748 -118.9608
v  177.7166 -109.7913 -118.9608
v  176.3040 -112.0119 -118.9608
v  174.4514 -113.8646 -118.9608
v  172.2307 -115.2772 -118.9608
v  169.7142 -116.1776 -118.9608
v  166.9739 -116.4938 -118.9608
v  162.2797 -116.4938 -118.9608
v  122.3127 -116.4938 -118.9608
v  86.6323 -116.4938 -118.9608
v  50.9519 -116.4938 -118.9608
v  15.2716 -116.4938 -118.9608
v  13.8658 -116.4938 -118.9608
v  12.0437 -116.4938 -118.9608
v  4.4536 -116.4938 -118.9608
v  2.1931 -116.4938 -118.9608
v  -0.0069 -116.4938 -118.9608
v  -2.2069 -116.4938 -118.9608
v  -4.4675 -116.4938 -118.9608
v  -12.0576 -116.4938 -118.9608
v  -13.8796 -116.4938 -118.9608
v  -15.2854 -116.4938 -118.9608
v  -50.9658 -116.4938 -118.9608
v  -86.6462 -116.4938 -118.9608
v  -122.3265 -116.4938 -118.9608
v  -162.2669 -116.4938 -118.9608
v  -166.9612 -116.4938 -118.9608
v  -169.7014 -116.1776 -118.9608
v  -172.2179 -115.2772 -118.9608
v  -174.4386 -113.8646 -118.9608
v  -176.2912 -112.0119 -118.9608
v  -177.7038 -109.7913 -118.9608
v  -178.6042 -107.2748 -118.9608
v  -178.9204 -104.5345 -118.9608
v  -178.9204 -101.2921 -118.9608
v  -178.9204 -98.8681 -118.9608
v  -178.9204 -96.4441 -118.9608
v  -178.9204 -93.6200 -118.9608
v  -178.9204 -73.0031 -118.9608
v  -178.9204 -52.3862 -118.9608
v  -178.9204 -31.7693 -118.9608
v  -178.9204 -11.1524 -118.9608
v  -178.9204 -8.1488 -118.9608
v  -178.9204 -5.1488 -118.9608
v  -178.9204 -2.1488 -118.9608
v  -178.9204 0.8512 -118.9608
v  -178.9204 3.8512 -118.9608
v  -178.9204 6.8512 -118.9608
v  -178.9204 9.8512 -118.9608
v  -178.9204 12.8512 -118.9608
v  -178.9204 15.8512 -118.9608
v  -178.9204 17.4828 -118.9608
v  -178.9204 39.1487 -118.9608
v  -178.9204 60.8147 -118.9608
v  -178.9204 82.4806 -118.9608
v  -178.9204 104.1465 -118.9608
v  -178.9204 106.5705 -118.9608
v  -178.9204 108.9945 -118.9608
v  -178.9204 112.2369 -118.9608
v  -178.6042 114.9772 -118.9608
v  -177.7038 117.4937 -118.9608
v  -176.2912 119.7143 -118.9608
v  -174.4386 121.5670 -118.9608
v  -172.2179 122.9796 -118.9608
v  -169.7014 123.8800 -118.9608
v  -166.9612 124.1962 -118.9608
v  -162.2669 124.1962 -118.9608
v  -122.3265 124.1962 -118.9608
v  -86.6462 124.1962 -118.9608
v  -50.9658 124.1962 -118.9608
v  -15.2854 124.1962 -118.9608
v  -13.8796 124.1962 -118.9608
v  -12.0576 124.1962 -118.9608
v  -4.4675 124.1962 -118.9608
v  -2.2069 124.1962 -118.9608
v  -0.0069 124.1962 -118.9608
v  2.1931 124.1962 -118.9608
v  4.4536 124.1962 -118.9608
v  12.0437 124.1962 -118.9608
v  13.8658 124.1962 -118.9608
v  15.2716 124.1962 -118.9608
v  50.9519 124.1962 -118.9608
v  86.6323 124.1962 -118.9608
v  122.3127 124.1962 -118.9608
v  162.2797 124.1962 -118.9608
v  166.9739 124.1962 -118.9608
v  169.7142 123.8800 -118.9608
v  172.2307 122.9796 -118.9608
v  174.4514 121.5670 -118.9608
v  -169.5756 123.3409 -118.9608
v  -169.5756 123.3409 -119.0269
v  -166.9295 123.6462 -119.0269
v  -166.9295 123.6462 -118.9608
v  -171.9747 122.4825 -118.9608
v  -171.9747 122.4825 -119.0269
v  -174.0924 121.1353 -118.9608
v  -174.0924 121.1353 -119.0269
v  -175.8596 119.3681 -118.9608
v  -175.8596 119.3681 -119.0269
v  -177.2067 117.2504 -118.9608
v  -177.2067 117.2504 -119.0269
v  -178.0651 114.8514 -118.9608
v  -178.0651 114.8514 -119.0269
v  -178.3704 112.2053 -118.9608
v  -178.3704 112.2053 -119.0269
v  -178.3704 108.9945 -118.9608
v  -178.3704 108.9945 -119.0269
v  -178.3704 106.5705 -118.9608
v  -178.3704 106.5705 -119.0269
v  -178.3704 104.1465 -118.9608
v  -178.3704 104.1465 -119.0269
v  -178.3704 82.4806 -118.9608
v  -178.3704 82.4806 -119.0269
v  -178.3704 60.8147 -118.9608
v  -178.3704 60.8147 -119.0269
v  -178.3704 39.1487 -118.9608
v  -178.3704 39.1487 -119.0269
v  -178.3704 17.4828 -118.9608
v  -178.3704 17.4828 -119.0269
v  -178.3704 15.8512 -118.9608
v  -178.3704 15.8512 -119.0269
v  -178.3704 12.8512 -118.9608
v  -178.3704 12.8512 -119.0269
v  -178.3704 9.8512 -118.9608
v  -178.3704 9.8512 -119.0269
v  -178.3704 6.8512 -118.9608
v  -178.3704 6.8512 -119.0269
v  -178.3704 3.8512 -118.9608
v  -178.3704 3.8512 -119.0269
v  -178.3704 0.8512 -118.9608
v  -178.3704 0.8512 -119.0269
v  -178.3704 -2.1488 -118.9608
v  -178.3704 -2.1488 -119.0269
v  -178.3704 -5.1488 -118.9608
v  -178.3704 -5.1488 -119.0269
v  -178.3704 -8.1488 -118.9608
v  -178.3704 -8.1488 -119.0269
v  -178.3704 -11.1524 -118.9608
v  -178.3704 -11.1524 -119.0269
v  -178.3704 -31.7693 -118.9608
v  -178.3704 -31.7693 -119.0270
v  -178.3704 -52.3862 -118.9608
v  -178.3704 -52.3862 -119.0270
v  -178.3704 -73.0031 -118.9608
v  -178.3704 -73.0031 -119.0270
v  -178.3704 -93.6200 -118.9608
v  -178.3704 -93.6200 -119.0270
v  -178.3704 -96.4441 -118.9608
v  -178.3704 -96.4441 -119.0270
v  -178.3704 -98.8681 -118.9608
v  -178.3704 -98.8681 -119.0270
v  -178.3704 -101.2921 -118.9608
v  -178.3704 -101.2921 -119.0270
v  -178.3704 -104.5029 -118.9608
v  -178.3704 -104.5029 -119.0270
v  -178.0651 -107.1490 -118.9608
v  -178.0651 -107.1490 -119.0270
v  -177.2067 -109.5480 -118.9608
v  -177.2067 -109.5480 -119.0270
v  -175.8596 -111.6657 -118.9608
v  -175.8596 -111.6657 -119.0270
v  -174.0924 -113.4329 -118.9608
v  -174.0924 -113.4329 -119.0270
v  -171.9747 -114.7801 -118.9608
v  -171.9747 -114.7801 -119.0270
v  -169.5756 -115.6385 -118.9608
v  -169.5756 -115.6385 -119.0270
v  -166.9295 -115.9438 -118.9608
v  -166.9295 -115.9438 -119.0270
v  -162.2669 -115.9438 -118.9608
v  -162.2669 -115.9438 -119.0270
v  -122.3265 -115.9438 -118.9608
v  -122.3265 -115.9438 -119.0270
v  -86.6462 -115.9438 -118.9608
v  -86.6462 -115.9438 -119.0270
v  -50.9658 -115.9438 -118.9608
v  -50.9658 -115.9438 -119.0270
v  -15.2854 -115.9438 -118.9608
v  -15.2854 -115.9438 -119.0270
v  -13.8796 -115.9438 -118.9608
v  -13.8796 -115.9438 -119.0270
v  -12.0576 -115.9438 -118.9608
v  -12.0576 -115.9438 -119.0270
v  -4.4675 -115.9438 -118.9608
v  -4.4675 -115.9438 -119.0270
v  -2.2069 -115.9438 -118.9608
v  -2.2069 -115.9438 -119.0270
v  -0.0069 -115.9438 -118.9608
v  -0.0069 -115.9438 -119.0270
v  2.1931 -115.9438 -118.9608
v  2.1931 -115.9438 -119.0270
v  4.4536 -115.9438 -118.9608
v  4.4536 -115.9438 -119.0270
v  12.0437 -115.9438 -118.9608
v  12.0437 -115.9438 -119.0270
v  13.8658 -115.9438 -118.9608
v  13.8658 -115.9438 -119.0270
v  15.2716 -115.9438 -118.9608
v  15.2716 -115.9438 -119.0270
v  50.9519 -115.9438 -118.9608
v  50.9519 -115.9438 -119.0270
v  86.6323 -115.9438 -118.9608
v  86.6323 -115.9438 -119.0270
v  122.3127 -115.9438 -118.9608
v  122.3127 -115.9438 -119.0270
v  162.2797 -115.9438 -118.9608
v  162.2797 -115.9438 -119.0270
v  166.9423 -115.9438 -118.9608
v  166.9423 -115.9438 -119.0270
v  169.5884 -115.6385 -118.9608
v  169.5884 -115.6385 -119.0270
v  171.9875 -114.7801 -118.9608
v  171.9875 -114.7801 -119.0270
v  174.1052 -113.4329 -118.9608
v  174.1052 -113.4329 -119.0270
v  175.8723 -111.6657 -118.9608
v  175.8723 -111.6657 -119.0270
v  177.2195 -109.5480 -118.9608
v  177.2195 -109.5480 -119.0270
v  178.0779 -107.1490 -118.9608
v  178.0779 -107.1490 -119.0270
v  178.3832 -104.5029 -118.9608
v  178.3832 -104.5029 -119.0270
v  178.3832 -101.2921 -118.9608
v  178.3832 -101.2921 -119.0270
v  178.3832 -98.8681 -118.9608
v  178.3832 -98.8681 -119.0270
v  178.3832 -96.4441 -118.9608
v  178.3832 -96.4441 -119.0270
v  178.3832 -93.6200 -118.9608
v  178.3832 -93.6200 -119.0270
v  178.3832 -73.0031 -118.9608
v  178.3832 -73.0031 -119.0270
v  178.3832 -52.3862 -118.9608
v  178.3832 -52.3862 -119.0270
v  178.3832 -31.7693 -118.9608
v  178.3832 -31.7693 -119.0270
v  178.3832 -11.1524 -118.9608
v  178.3832 -11.1524 -119.0269
v  178.3832 -8.1488 -118.9608
v  178.3832 -8.1488 -119.0269
v  178.3832 -5.1488 -118.9608
v  178.3832 -5.1488 -119.0269
v  178.3832 -2.1488 -118.9608
v  178.3832 -2.1488 -119.0269
v  178.3832 0.8512 -118.9608
v  178.3832 0.8512 -119.0269
v  178.3832 3.8512 -118.9608
v  178.3832 3.8512 -119.0269
v  178.3832 6.8512 -118.9608
v  178.3832 6.8512 -119.0269
v  178.3832 9.8512 -118.9608
v  178.3832 9.8512 -119.0269
v  178.3832 12.8512 -118.9608
v  178.3832 12.8512 -119.0269
v  178.3832 15.8512 -118.9608
v  178.3832 15.8512 -119.0269
v  178.3832 17.4828 -118.9608
v  178.3832 17.4828 -119.0269
v  178.3832 39.1487 -118.9608
v  178.3832 39.1487 -119.0269
v  178.3832 60.8146 -118.9608
v  178.3832 60.8146 -119.0269
v  178.3832 82.4806 -118.9608
v  178.3832 82.4806 -119.0269
v  178.3832 104.1465 -118.9608
v  178.3832 104.1465 -119.0269
v  178.3832 106.5705 -118.9608
v  178.3832 106.5705 -119.0269
v  178.3832 108.9945 -118.9608
v  178.3832 108.9945 -119.0269
v  178.3832 112.2053 -118.9608
v  178.3832 112.2053 -119.0269
v  178.0779 114.8514 -118.9608
v  178.0779 114.8514 -119.0269
v  177.2195 117.2504 -118.9608
v  177.2195 117.2504 -119.0269
v  175.8723 119.3681 -118.9608
v  175.8723 119.3681 -119.0269
v  174.1052 121.1353 -118.9608
v  174.1052 121.1353 -119.0269
v  171.9875 122.4825 -118.9608
v  171.9875 122.4825 -119.0269
v  169.5884 123.3409 -118.9608
v  169.5884 123.3409 -119.0269
v  166.9423 123.6462 -118.9608
v  166.9423 123.6462 -119.0269
v  162.2797 123.6461 -118.9608
v  162.2797 123.6461 -119.0269
v  122.3127 123.6461 -118.9608
v  122.3127 123.6461 -119.0269
v  86.6323 123.6461 -118.9608
v  86.6323 123.6461 -119.0269
v  50.9519 123.6461 -118.9608
v  50.9519 123.6461 -119.0269
v  15.2716 123.6461 -118.9608
v  15.2716 123.6461 -119.0269
v  13.8658 123.6461 -118.9608
v  13.8658 123.6461 -119.0269
v  12.0437 123.6461 -118.9608
v  12.0437 123.6461 -119.0269
v  4.4536 123.6462 -118.9608
v  4.4536 123.6462 -119.0269
v  2.1931 123.6462 -118.9608
v  2.1931 123.6462 -119.0269
v  -0.0069 123.6462 -118.9608
v  -0.0069 123.6462 -119.0269
v  -2.2069 123.6462 -118.9608
v  -2.2069 123.6462 -119.0269
v  -4.4675 123.6462 -118.9608
v  -4.4675 123.6462 -119.0269
v  -12.0576 123.6461 -118.9608
v  -12.0576 123.6461 -119.0269
v  -13.8796 123.6461 -118.9608
v  -13.8796 123.6461 -119.0269
v  -15.2854 123.6461 -118.9608
v  -15.2854 123.6461 -119.0269
v  -50.9658 123.6461 -118.9608
v  -50.9658 123.6461 -119.0269
v  -86.6462 123.6461 -118.9608
v  -86.6462 123.6461 -119.0269
v  -122.3265 123.6461 -118.9608
v  -122.3265 123.6461 -119.0269
v  -162.2669 123.6461 -118.9608
v  -162.2669 123.6461 -119.0269
v  -166.9295 123.6462 -119.0931
v  -169.5756 123.3409 -119.0931
v  -171.9747 122.4825 -119.0931
v  -174.0924 121.1353 -119.0931
v  -175.8596 119.3681 -119.0931
v  -177.2067 117.2504 -119.0931
v  -178.0651 114.8514 -119.0931
v  -178.3704 112.2053 -119.0931
v  -178.3704 108.9945 -119.0931
v  -2.2069 123.6462 -119.0931
v  -4.4675 123.6462 -119.0931
v  -0.0069 123.6462 -119.0931
v  -178.3704 106.5705 -119.0931
v  -162.2669 123.6461 -119.0931
v  -178.3704 82.4806 -119.0931
v  -178.3704 60.8147 -119.0931
v  -12.0576 123.6461 -119.0931
v  -13.8796 123.6461 -119.0931
v  -15.2854 123.6461 -119.0931
v  -178.3704 104.1465 -119.0931
v  -169.5756 -115.6385 -119.0931
v  -166.9295 -115.9438 -119.0931
v  -171.9747 -114.7801 -119.0931
v  -174.0924 -113.4329 -119.0931
v  -175.8596 -111.6657 -119.0931
v  -177.2067 -109.5480 -119.0931
v  -178.0651 -107.1490 -119.0931
v  -178.3704 -104.5029 -119.0931
v  -178.3704 -101.2921 -119.0931
v  -4.4675 -115.9438 -119.0931
v  -2.2069 -115.9438 -119.0931
v  -0.0069 -115.9438 -119.0931
v  -178.3704 -98.8681 -119.0931
v  -162.2669 -115.9438 -119.0931
v  -178.3704 -93.6200 -119.0931
v  -178.3704 -96.4441 -119.0931
v  -12.0576 -115.9438 -119.0931
v  -15.2854 -115.9438 -119.0931
v  -13.8796 -115.9438 -119.0931
v  -178.3704 15.8512 -119.0931
v  -178.3704 12.8512 -119.0931
v  -178.3704 3.8512 -119.0931
v  -178.3704 0.8512 -119.0931
v  -50.9658 123.6461 -119.0931
v  -86.6462 123.6461 -119.0931
v  -86.6462 -115.9438 -119.0931
v  -50.9658 -115.9438 -119.0931
v  -178.3704 17.4828 -119.0931
v  -178.3704 -8.1488 -119.0931
v  -178.3704 -11.1524 -119.0931
v  -178.3704 -52.3862 -119.0931
v  -178.3704 -73.0031 -119.0931
v  169.5884 123.3409 -119.0931
v  166.9423 123.6462 -119.0931
v  171.9875 122.4825 -119.0931
v  174.1052 121.1353 -119.0931
v  175.8723 119.3681 -119.0931
v  177.2195 117.2504 -119.0931
v  178.0779 114.8514 -119.0931
v  178.3832 112.2053 -119.0931
v  178.3832 108.9945 -119.0931
v  4.4536 123.6462 -119.0931
v  2.1931 123.6462 -119.0931
v  178.3832 106.5705 -119.0931
v  162.2797 123.6461 -119.0931
v  178.3832 60.8146 -119.0931
v  178.3832 82.4806 -119.0931
v  12.0437 123.6461 -119.0931
v  15.2716 123.6461 -119.0931
v  13.8658 123.6461 -119.0931
v  178.3832 104.1465 -119.0931
v  166.9423 -115.9438 -119.0931
v  169.5884 -115.6385 -119.0931
v  171.9875 -114.7801 -119.0931
v  174.1052 -113.4329 -119.0931
v  175.8723 -111.6657 -119.0931
v  177.2195 -109.5480 -119.0931
v  178.0779 -107.1490 -119.0931
v  178.3832 -104.5029 -119.0931
v  178.3832 -101.2921 -119.0931
v  2.1931 -115.9438 -119.0931
v  4.4536 -115.9438 -119.0931
v  178.3832 -98.8681 -119.0931
v  162.2797 -115.9438 -119.0931
v  178.3832 -96.4441 -119.0931
v  178.3832 -93.6200 -119.0931
v  12.0437 -115.9438 -119.0931
v  13.8658 -115.9438 -119.0931
v  15.2716 -115.9438 -119.0931
v  178.3832 12.8512 -119.0931
v  178.3832 15.8512 -119.0931
v  178.3832 0.8512 -119.0931
v  178.3832 3.8512 -119.0931
v  86.6323 123.6461 -119.0931
v  50.9519 123.6461 -119.0931
v  50.9519 -115.9438 -119.0931
v  86.6323 -115.9438 -119.0931
v  178.3832 17.4828 -119.0931
v  178.3832 -11.1524 -119.0931
v  178.3832 -8.1488 -119.0931
v  178.3832 -73.0031 -119.0931
v  178.3832 -52.3862 -119.0931
v  -178.3704 39.1487 -119.0931
v  -178.3704 -31.7693 -119.0931
v  178.3832 39.1487 -119.0931
v  178.3832 -31.7693 -119.0931
v  -122.3265 123.6461 -119.0931
v  -122.3265 -115.9438 -119.0931
v  122.3127 123.6461 -119.0931
v  122.3127 -115.9438 -119.0931
v  -178.3704 9.8512 -119.0931
v  -178.3704 6.8512 -119.0931
v  -178.3704 -2.1488 -119.0931
v  -178.3704 -5.1488 -119.0931
v  178.3832 6.8512 -119.0931
v  178.3832 9.8512 -119.0931
v  178.3832 -5.1488 -119.0931
v  178.3832 -2.1488 -119.0931
v  -169.6296 123.5721 -118.9608
v  -166.9431 123.8822 -118.9608
v  -172.0790 122.6957 -118.9608
v  -174.2409 121.3205 -118.9608
v  -176.0447 119.5166 -118.9608
v  -177.4199 117.3548 -118.9608
v  -178.2963 114.9053 -118.9608
v  -178.6064 112.2188 -118.9608
v  -178.6064 108.9945 -118.9608
v  -4.4675 123.8822 -118.9608
v  -2.2069 123.8822 -118.9608
v  -0.0069 123.8822 -118.9608
v  -178.6064 106.5705 -118.9608
v  -162.2669 123.8822 -118.9608
v  -178.6064 60.8147 -118.9608
v  -178.6064 82.4806 -118.9608
v  -12.0576 123.8822 -118.9608
v  -15.2854 123.8822 -118.9608
v  -13.8796 123.8822 -118.9608
v  -178.6064 104.1465 -118.9608
v  -166.9431 -116.1798 -118.9608
v  -169.6296 -115.8697 -118.9608
v  -172.0790 -114.9933 -118.9608
v  -174.2409 -113.6181 -118.9608
v  -176.0447 -111.8142 -118.9608
v  -177.4199 -109.6524 -118.9608
v  -178.2963 -107.2029 -118.9608
v  -178.6064 -104.5164 -118.9608
v  -178.6064 -101.2921 -118.9608
v  -2.2069 -116.1798 -118.9608
v  -4.4675 -116.1798 -118.9608
v  -0.0069 -116.1798 -118.9608
v  -178.6064 -98.8681 -118.9608
v  -162.2669 -116.1798 -118.9608
v  -178.6064 -96.4441 -118.9608
v  -178.6064 -93.6200 -118.9608
v  -12.0576 -116.1798 -118.9608
v  -13.8796 -116.1798 -118.9608
v  -15.2854 -116.1798 -118.9608
v  -178.6064 -8.1488 -118.9608
v  -178.6064 -5.1488 -118.9608
v  -178.6064 3.8512 -118.9608
v  -178.6064 6.8512 -118.9608
v  -86.6462 123.8822 -118.9608
v  -50.9658 123.8822 -118.9608
v  -50.9658 -116.1798 -118.9608
v  -86.6462 -116.1798 -118.9608
v  -178.6064 15.8512 -118.9608
v  -178.6064 17.4828 -118.9608
v  -178.6064 -11.1524 -118.9608
v  -178.6064 -73.0031 -118.9608
v  -178.6064 -52.3862 -118.9608
v  166.9559 123.8822 -118.9608
v  169.6424 123.5721 -118.9608
v  172.0918 122.6957 -118.9608
v  174.2537 121.3205 -118.9608
v  176.0575 119.5166 -118.9608
v  177.4327 117.3548 -118.9608
v  178.3091 114.9053 -118.9608
v  178.6192 112.2188 -118.9608
v  178.6193 108.9945 -118.9608
v  2.1931 123.8822 -118.9608
v  4.4536 123.8822 -118.9608
v  178.6193 106.5705 -118.9608
v  162.2797 123.8822 -118.9608
v  178.6193 82.4806 -118.9608
v  178.6193 60.8146 -118.9608
v  12.0437 123.8822 -118.9608
v  13.8658 123.8822 -118.9608
v  15.2716 123.8822 -118.9608
v  178.6193 104.1465 -118.9608
v  169.6424 -115.8697 -118.9608
v  166.9559 -116.1798 -118.9608
v  172.0918 -114.9933 -118.9608
v  174.2537 -113.6181 -118.9608
v  176.0575 -111.8142 -118.9608
v  177.4327 -109.6524 -118.9608
v  178.3091 -107.2029 -118.9608
v  178.6192 -104.5164 -118.9608
v  178.6193 -101.2921 -118.9608
v  4.4536 -116.1798 -118.9608
v  2.1931 -116.1798 -118.9608
v  178.6193 -98.8681 -118.9608
v  162.2797 -116.1798 -118.9608
v  178.6193 -93.6200 -118.9608
v  178.6193 -96.4441 -118.9608
v  12.0437 -116.1798 -118.9608
v  15.2716 -116.1798 -118.9608
v  13.8658 -116.1798 -118.9608
v  178.6193 -5.1488 -118.9608
v  178.6193 -8.1488 -118.9608
v  178.6193 6.8512 -118.9608
v  178.6193 3.8512 -118.9608
v  50.9519 123.8822 -118.9608
v  86.6323 123.8822 -118.9608
v  86.6323 -116.1798 -118.9608
v  50.9519 -116.1798 -118.9608
v  178.6193 17.4828 -118.9608
v  178.6193 15.8512 -118.9608
v  178.6193 -11.1524 -118.9608
v  178.6193 -52.3862 -118.9608
v  178.6193 -73.0031 -118.9608
v  -178.6064 39.1487 -118.9608
v  -178.6064 -31.7693 -118.9608
v  178.6193 39.1487 -118.9608
v  178.6193 -31.7693 -118.9608
v  -122.3265 123.8822 -118.9608
v  -122.3265 -116.1798 -118.9608
v  122.3127 123.8822 -118.9608
v  122.3127 -116.1798 -118.9608
v  -178.6064 -2.1488 -118.9608
v  -178.6064 0.8512 -118.9608
v  -178.6064 9.8512 -118.9608
v  -178.6064 12.8512 -118.9608
v  178.6193 0.8512 -118.9608
v  178.6193 -2.1488 -118.9608
v  178.6193 12.8512 -118.9608
v  178.6193 9.8512 -118.9608
v  175.8945 119.3859 -118.9608
v  177.2450 117.2629 -118.9608
v  177.3982 117.3379 -118.9608
v  176.0276 119.4926 -118.9608
v  174.1229 121.1575 -118.9608
v  174.2297 121.2906 -118.9608
v  171.9999 122.5079 -118.9608
v  172.0750 122.6612 -118.9608
v  169.5949 123.3685 -118.9608
v  169.6336 123.5347 -118.9608
v  166.9439 123.6744 -118.9608
v  166.9537 123.8440 -118.9608
v  162.2797 123.6744 -118.9608
v  162.2797 123.8440 -118.9608
v  122.3127 123.6744 -118.9608
v  122.3127 123.8440 -118.9608
v  86.6323 123.6744 -118.9608
v  86.6323 123.8440 -118.9608
v  50.9519 123.6744 -118.9608
v  50.9519 123.8440 -118.9608
v  15.2716 123.6744 -118.9608
v  15.2716 123.8440 -118.9608
v  13.8658 123.6744 -118.9608
v  13.8658 123.8440 -118.9608
v  12.0437 123.6744 -118.9608
v  12.0437 123.8440 -118.9608
v  4.4536 123.6744 -118.9608
v  4.4536 123.8440 -118.9608
v  2.1931 123.6744 -118.9608
v  2.1931 123.8440 -118.9608
v  -0.0069 123.6744 -118.9608
v  -0.0069 123.8440 -118.9608
v  -2.2069 123.6744 -118.9608
v  -2.2069 123.8440 -118.9608
v  -4.4675 123.6744 -118.9608
v  -4.4675 123.8440 -118.9608
v  -12.0576 123.6744 -118.9608
v  -12.0576 123.8440 -118.9608
v  -13.8796 123.6744 -118.9608
v  -13.8796 123.8440 -118.9608
v  -15.2854 123.6744 -118.9608
v  -15.2854 123.8440 -118.9608
v  -50.9658 123.6744 -118.9608
v  -50.9658 123.8440 -118.9608
v  -86.6462 123.6744 -118.9608
v  -86.6462 123.8440 -118.9608
v  -122.3265 123.6744 -118.9608
v  -122.3265 123.8440 -118.9608
v  -162.2669 123.6744 -118.9608
v  -162.2669 123.8440 -118.9608
v  -166.9312 123.6744 -118.9608
v  -166.9409 123.8440 -118.9608
v  -169.5821 123.3685 -118.9608
v  -169.6208 123.5347 -118.9608
v  -171.9872 122.5079 -118.9608
v  -172.0622 122.6612 -118.9608
v  -174.1101 121.1575 -118.9608
v  -174.2169 121.2906 -118.9608
v  -175.8817 119.3859 -118.9608
v  -176.0148 119.4926 -118.9608
v  -177.2321 117.2629 -118.9608
v  -177.3854 117.3379 -118.9608
v  -178.0927 114.8578 -118.9608
v  -178.2589 114.8966 -118.9608
v  -178.3986 112.2069 -118.9608
v  -178.5682 112.2166 -118.9608
v  -178.3986 108.9945 -118.9608
v  -178.5682 108.9945 -118.9608
v  -178.3986 106.5705 -118.9608
v  -178.5682 106.5705 -118.9608
v  -178.3986 104.1465 -118.9608
v  -178.5682 104.1465 -118.9608
v  -178.3986 82.4806 -118.9608
v  -178.5682 82.4806 -118.9608
v  -178.3986 60.8147 -118.9608
v  -178.5682 60.8147 -118.9608
v  -178.3986 39.1487 -118.9608
v  -178.5682 39.1487 -118.9608
v  -178.3986 17.4828 -118.9608
v  -178.5682 17.4828 -118.9608
v  -178.3986 15.8512 -118.9608
v  -178.5682 15.8512 -118.9608
v  -178.3986 12.8512 -118.9608
v  -178.5682 12.8512 -118.9608
v  -178.3986 9.8512 -118.9608
v  -178.5682 9.8512 -118.9608
v  -178.3986 6.8512 -118.9608
v  -178.5682 6.8512 -118.9608
v  -178.3986 3.8512 -118.9608
v  -178.5682 3.8512 -118.9608
v  -178.3986 0.8512 -118.9608
v  -178.5682 0.8512 -118.9608
v  -178.3986 -2.1488 -118.9608
v  -178.5682 -2.1488 -118.9608
v  -178.3986 -5.1488 -118.9608
v  -178.5682 -5.1488 -118.9608
v  -178.3986 -8.1488 -118.9608
v  -178.5682 -8.1488 -118.9608
v  -178.3986 -11.1524 -118.9608
v  -178.5682 -11.1524 -118.9608
v  -178.3986 -31.7693 -118.9608
v  -178.5682 -31.7693 -118.9608
v  -178.3986 -52.3862 -118.9608
v  -178.5682 -52.3862 -118.9608
v  -178.3986 -73.0031 -118.9608
v  -178.5682 -73.0031 -118.9608
v  -178.3986 -93.6200 -118.9608
v  -178.5682 -93.6200 -118.9608
v  -178.3986 -96.4441 -118.9608
v  -178.5682 -96.4441 -118.9608
v  -178.3986 -98.8681 -118.9608
v  -178.5682 -98.8681 -118.9608
v  -178.3986 -101.2921 -118.9608
v  -178.5682 -101.2921 -118.9608
v  -178.3986 -104.5045 -118.9608
v  -178.5682 -104.5142 -118.9608
v  -178.0927 -107.1554 -118.9608
v  -178.2589 -107.1942 -118.9608
v  -177.2321 -109.5605 -118.9608
v  -177.3854 -109.6355 -118.9608
v  -175.8817 -111.6835 -118.9608
v  -176.0148 -111.7902 -118.9608
v  -174.1101 -113.4551 -118.9608
v  -174.2169 -113.5882 -118.9608
v  -171.9872 -114.8056 -118.9608
v  -172.0622 -114.9588 -118.9608
v  -169.5821 -115.6661 -118.9608
v  -169.6208 -115.8323 -118.9608
v  -166.9312 -115.9720 -118.9608
v  -166.9409 -116.1416 -118.9608
v  -162.2669 -115.9720 -118.9608
v  -162.2669 -116.1416 -118.9608
v  -122.3265 -115.9720 -118.9608
v  -122.3265 -116.1416 -118.9608
v  -86.6462 -115.9720 -118.9608
v  -86.6462 -116.1416 -118.9608
v  -50.9658 -115.9720 -118.9608
v  -50.9658 -116.1416 -118.9608
v  -15.2854 -115.9720 -118.9608
v  -15.2854 -116.1416 -118.9608
v  -13.8796 -115.9720 -118.9608
v  -13.8796 -116.1416 -118.9608
v  -12.0576 -115.9720 -118.9608
v  -12.0576 -116.1416 -118.9608
v  -4.4675 -115.9720 -118.9608
v  -4.4675 -116.1416 -118.9608
v  -2.2069 -115.9720 -118.9608
v  -2.2069 -116.1416 -118.9608
v  -0.0069 -115.9720 -118.9608
v  -0.0069 -116.1416 -118.9608
v  2.1931 -115.9720 -118.9608
v  2.1931 -116.1416 -118.9608
v  4.4536 -115.9720 -118.9608
v  4.4536 -116.1416 -118.9608
v  12.0437 -115.9720 -118.9608
v  12.0437 -116.1416 -118.9608
v  13.8658 -115.9720 -118.9608
v  13.8658 -116.1416 -118.9608
v  15.2716 -115.9720 -118.9608
v  15.2716 -116.1416 -118.9608
v  50.9519 -115.9720 -118.9608
v  50.9519 -116.1416 -118.9608
v  86.6323 -115.9720 -118.9608
v  86.6323 -116.1416 -118.9608
v  122.3127 -115.9720 -118.9608
v  122.3127 -116.1416 -118.9608
v  162.2797 -115.9720 -118.9608
v  162.2797 -116.1416 -118.9608
v  166.9439 -115.9720 -118.9608
v  166.9537 -116.1416 -118.9608
v  169.5949 -115.6661 -118.9608
v  169.6336 -115.8323 -118.9608
v  171.9999 -114.8056 -118.9608
v  172.0750 -114.9588 -118.9608
v  174.1229 -113.4551 -118.9608
v  174.2297 -113.5882 -118.9608
v  175.8945 -111.6835 -118.9608
v  176.0276 -111.7902 -118.9608
v  177.2450 -109.5605 -118.9608
v  177.3982 -109.6355 -118.9608
v  178.1055 -107.1554 -118.9608
v  178.2718 -107.1942 -118.9608
v  178.4114 -104.5045 -118.9608
v  178.5810 -104.5142 -118.9608
v  178.4114 -101.2921 -118.9608
v  178.5811 -101.2921 -118.9608
v  178.4114 -98.8681 -118.9608
v  178.5811 -98.8681 -118.9608
v  178.4114 -96.4441 -118.9608
v  178.5811 -96.4441 -118.9608
v  178.4114 -93.6200 -118.9608
v  178.5811 -93.6200 -118.9608
v  178.4114 -73.0031 -118.9608
v  178.5811 -73.0031 -118.9608
v  178.4114 -52.3862 -118.9608
v  178.5811 -52.3862 -118.9608
v  178.4114 -31.7693 -118.9608
v  178.5811 -31.7693 -118.9608
v  178.4114 -11.1524 -118.9608
v  178.5811 -11.1524 -118.9608
v  178.4114 -8.1488 -118.9608
v  178.5811 -8.1488 -118.9608
v  178.4114 -5.1488 -118.9608
v  178.5811 -5.1488 -118.9608
v  178.4114 -2.1488 -118.9608
v  178.5811 -2.1488 -118.9608
v  178.4114 0.8512 -118.9608
v  178.5811 0.8512 -118.9608
v  178.4114 3.8512 -118.9608
v  178.5811 3.8512 -118.9608
v  178.4114 6.8512 -118.9608
v  178.5811 6.8512 -118.9608
v  178.4114 9.8512 -118.9608
v  178.5811 9.8512 -118.9608
v  178.4114 12.8512 -118.9608
v  178.5811 12.8512 -118.9608
v  178.4114 15.8512 -118.9608
v  178.5811 15.8512 -118.9608
v  178.4114 17.4828 -118.9608
v  178.5811 17.4828 -118.9608
v  178.4114 39.1487 -118.9608
v  178.5811 39.1487 -118.9608
v  178.4114 60.8146 -118.9608
v  178.5811 60.8146 -118.9608
v  178.4114 82.4806 -118.9608
v  178.5811 82.4806 -118.9608
v  178.4114 104.1465 -118.9608
v  178.5811 104.1465 -118.9608
v  178.4114 106.5705 -118.9608
v  178.5811 106.5705 -118.9608
v  178.4114 108.9945 -118.9608
v  178.5811 108.9945 -118.9608
v  178.4114 112.2069 -118.9608
v  178.5810 112.2166 -118.9608
v  178.1055 114.8578 -118.9608
v  178.2718 114.8966 -118.9608
v  176.0497 119.5104 -118.9608
v  177.4237 117.3504 -118.9608
v  174.2474 121.3127 -118.9608
v  172.0874 122.6867 -118.9608
v  169.6401 123.5624 -118.9608
v  166.9553 123.8722 -118.9608
v  162.2797 123.8722 -118.9608
v  122.3127 123.8722 -118.9608
v  86.6323 123.8722 -118.9608
v  50.9519 123.8722 -118.9608
v  15.2716 123.8722 -118.9608
v  13.8658 123.8722 -118.9608
v  12.0437 123.8722 -118.9608
v  4.4536 123.8722 -118.9608
v  2.1931 123.8722 -118.9608
v  -0.0069 123.8722 -118.9608
v  -2.2069 123.8722 -118.9608
v  -4.4675 123.8722 -118.9608
v  -12.0576 123.8722 -118.9608
v  -13.8796 123.8722 -118.9608
v  -15.2854 123.8722 -118.9608
v  -50.9658 123.8722 -118.9608
v  -86.6462 123.8722 -118.9608
v  -122.3265 123.8722 -118.9608
v  -162.2669 123.8722 -118.9608
v  -166.9425 123.8722 -118.9608
v  -169.6273 123.5624 -118.9608
v  -172.0746 122.6867 -118.9608
v  -174.2346 121.3127 -118.9608
v  -176.0369 119.5104 -118.9608
v  -177.4109 117.3504 -118.9608
v  -178.2866 114.9031 -118.9608
v  -178.5964 112.2183 -118.9608
v  -178.5965 108.9945 -118.9608
v  -178.5965 106.5705 -118.9608
v  -178.5965 104.1465 -118.9608
v  -178.5965 82.4806 -118.9608
v  -178.5965 60.8147 -118.9608
v  -178.5965 39.1487 -118.9608
v  -178.5965 17.4828 -118.9608
v  -178.5965 15.8512 -118.9608
v  -178.5965 12.8512 -118.9608
v  -178.5965 9.8512 -118.9608
v  -178.5965 6.8512 -118.9608
v  -178.5965 3.8512 -118.9608
v  -178.5965 0.8512 -118.9608
v  -178.5965 -2.1488 -118.9608
v  -178.5965 -5.1488 -118.9608
v  -178.5965 -8.1488 -118.9608
v  -178.5965 -11.1524 -118.9608
v  -178.5965 -31.7693 -118.9608
v  -178.5965 -52.3862 -118.9608
v  -178.5965 -73.0031 -118.9608
v  -178.5965 -93.6200 -118.9608
v  -178.5965 -96.4441 -118.9608
v  -178.5965 -98.8681 -118.9608
v  -178.5965 -101.2921 -118.9608
v  -178.5964 -104.5159 -118.9608
v  -178.2866 -107.2007 -118.9608
v  -177.4109 -109.6480 -118.9608
v  -176.0369 -111.8080 -118.9608
v  -174.2346 -113.6103 -118.9608
v  -172.0746 -114.9843 -118.9608
v  -169.6273 -115.8600 -118.9608
v  -166.9425 -116.1698 -118.9608
v  -162.2669 -116.1698 -118.9608
v  -122.3265 -116.1698 -118.9608
v  -86.6462 -116.1698 -118.9608
v  -50.9658 -116.1698 -118.9608
v  -15.2854 -116.1698 -118.9608
v  -13.8796 -116.1698 -118.9608
v  -12.0576 -116.1698 -118.9608
v  -4.4675 -116.1698 -118.9608
v  -2.2069 -116.1698 -118.9608
v  -0.0069 -116.1698 -118.9608
v  2.1931 -116.1698 -118.9608
v  4.4536 -116.1698 -118.9608
v  12.0437 -116.1698 -118.9608
v  13.8658 -116.1698 -118.9608
v  15.2716 -116.1698 -118.9608
v  50.9519 -116.1698 -118.9608
v  86.6323 -116.1698 -118.9608
v  122.3127 -116.1698 -118.9608
v  162.2797 -116.1698 -118.9608
v  166.9553 -116.1698 -118.9608
v  169.6401 -115.8600 -118.9608
v  172.0874 -114.9843 -118.9608
v  174.2474 -113.6103 -118.9608
v  176.0497 -111.8080 -118.9608
v  177.4237 -109.6480 -118.9608
v  178.2994 -107.2007 -118.9608
v  178.6093 -104.5159 -118.9608
v  178.6093 -101.2921 -118.9608
v  178.6093 -98.8681 -118.9608
v  178.6093 -96.4441 -118.9608
v  178.6093 -93.6200 -118.9608
v  178.6093 -73.0031 -118.9608
v  178.6093 -52.3862 -118.9608
v  178.6093 -31.7693 -118.9608
v  178.6093 -11.1524 -118.9608
v  178.6093 -8.1488 -118.9608
v  178.6093 -5.1488 -118.9608
v  178.6093 -2.1488 -118.9608
v  178.6093 0.8512 -118.9608
v  178.6093 3.8512 -118.9608
v  178.6093 6.8512 -118.9608
v  178.6093 9.8512 -118.9608
v  178.6093 12.8512 -118.9608
v  178.6093 15.8512 -118.9608
v  178.6093 17.4828 -118.9608
v  178.6093 39.1487 -118.9608
v  178.6093 60.8146 -118.9608
v  178.6093 82.4806 -118.9608
v  178.6093 104.1465 -118.9608
v  178.6093 106.5705 -118.9608
v  178.6093 108.9945 -118.9608
v  178.6093 112.2183 -118.9608
v  178.2994 114.9031 -118.9608
v  176.0556 119.5151 -119.0358
v  177.4305 117.3537 -119.0358
v  174.2521 121.3186 -119.0358
v  172.0907 122.6935 -119.0358
v  169.6418 123.5697 -119.0358
v  166.9557 123.8797 -119.0358
v  162.2797 123.8797 -119.0358
v  122.3127 123.8797 -119.0358
v  86.6323 123.8797 -119.0358
v  50.9519 123.8797 -119.0358
v  15.2716 123.8797 -119.0358
v  13.8658 123.8797 -119.0358
v  12.0437 123.8797 -119.0358
v  4.4536 123.8797 -119.0358
v  2.1931 123.8797 -119.0358
v  -0.0069 123.8797 -119.0358
v  -2.2069 123.8797 -119.0358
v  -4.4675 123.8797 -119.0358
v  -12.0576 123.8797 -119.0358
v  -13.8796 123.8797 -119.0358
v  -15.2854 123.8797 -119.0358
v  -50.9658 123.8797 -119.0358
v  -86.6462 123.8797 -119.0358
v  -122.3265 123.8797 -119.0358
v  -162.2669 123.8797 -119.0358
v  -166.9430 123.8797 -119.0358
v  -169.6290 123.5697 -119.0358
v  -172.0779 122.6935 -119.0358
v  -174.2393 121.3186 -119.0358
v  -176.0428 119.5151 -119.0358
v  -177.4177 117.3537 -119.0358
v  -178.2939 114.9048 -119.0358
v  -178.6039 112.2187 -119.0358
v  -178.6040 108.9945 -119.0358
v  -178.6040 106.5705 -119.0358
v  -178.6040 104.1465 -119.0358
v  -178.6040 82.4806 -119.0358
v  -178.6040 60.8147 -119.0358
v  -178.6040 39.1487 -119.0358
v  -178.6040 17.4828 -119.0358
v  -178.6040 15.8512 -119.0358
v  -178.6040 12.8512 -119.0358
v  -178.6040 9.8512 -119.0358
v  -178.6040 6.8512 -119.0358
v  -178.6040 3.8512 -119.0358
v  -178.6040 0.8512 -119.0358
v  -178.6040 -2.1488 -119.0358
v  -178.6040 -5.1488 -119.0358
v  -178.6040 -8.1488 -119.0358
v  -178.6040 -11.1524 -119.0358
v  -178.6040 -31.7693 -119.0358
v  -178.6040 -52.3862 -119.0358
v  -178.6040 -73.0031 -119.0358
v  -178.6040 -93.6200 -119.0358
v  -178.6040 -96.4441 -119.0358
v  -178.6040 -98.8681 -119.0358
v  -178.6040 -101.2921 -119.0358
v  -178.6039 -104.5163 -119.0358
v  -178.2939 -107.2024 -119.0358
v  -177.4177 -109.6513 -119.0358
v  -176.0428 -111.8127 -119.0358
v  -174.2393 -113.6162 -119.0358
v  -172.0779 -114.9911 -119.0358
v  -169.6290 -115.8673 -119.0358
v  -166.9430 -116.1773 -119.0358
v  -162.2669 -116.1773 -119.0358
v  -122.3265 -116.1773 -119.0358
v  -86.6462 -116.1773 -119.0358
v  -50.9658 -116.1773 -119.0358
v  -15.2854 -116.1773 -119.0358
v  -13.8796 -116.1773 -119.0358
v  -12.0576 -116.1773 -119.0358
v  -4.4675 -116.1773 -119.0358
v  -2.2069 -116.1773 -119.0358
v  -0.0069 -116.1773 -119.0358
v  2.1931 -116.1773 -119.0358
v  4.4536 -116.1773 -119.0358
v  12.0437 -116.1773 -119.0358
v  13.8658 -116.1773 -119.0358
v  15.2716 -116.1773 -119.0358
v  50.9519 -116.1773 -119.0358
v  86.6323 -116.1773 -119.0358
v  122.3127 -116.1773 -119.0358
v  162.2797 -116.1773 -119.0358
v  166.9557 -116.1773 -119.0358
v  169.6418 -115.8673 -119.0358
v  172.0907 -114.9911 -119.0358
v  174.2521 -113.6162 -119.0358
v  176.0556 -111.8127 -119.0358
v  177.4305 -109.6513 -119.0358
v  178.3067 -107.2024 -119.0358
v  178.6167 -104.5163 -119.0358
v  178.6168 -101.2921 -119.0358
v  178.6168 -98.8681 -119.0358
v  178.6168 -96.4441 -119.0358
v  178.6168 -93.6200 -119.0358
v  178.6168 -73.0031 -119.0358
v  178.6168 -52.3862 -119.0358
v  178.6168 -31.7693 -119.0358
v  178.6168 -11.1524 -119.0358
v  178.6168 -8.1488 -119.0358
v  178.6168 -5.1488 -119.0358
v  178.6168 -2.1488 -119.0358
v  178.6168 0.8512 -119.0358
v  178.6168 3.8512 -119.0358
v  178.6168 6.8512 -119.0358
v  178.6168 9.8512 -119.0358
v  178.6168 12.8512 -119.0358
v  178.6168 15.8512 -119.0358
v  178.6168 17.4828 -119.0358
v  178.6168 39.1487 -119.0358
v  178.6168 60.8146 -119.0358
v  178.6168 82.4806 -119.0358
v  178.6168 104.1465 -119.0358
v  178.6168 106.5705 -119.0358
v  178.6168 108.9945 -119.0358
v  178.6167 112.2187 -119.0358
v  178.3067 114.9048 -119.0358
v  177.4260 117.3515 -119.0358
v  176.0517 119.5119 -119.0358
v  174.2490 121.3147 -119.0358
v  172.0885 122.6890 -119.0358
v  169.6407 123.5648 -119.0358
v  166.9554 123.8747 -119.0358
v  162.2797 123.8747 -119.0358
v  122.3127 123.8747 -119.0358
v  86.6323 123.8747 -119.0358
v  50.9519 123.8747 -119.0358
v  15.2716 123.8747 -119.0358
v  13.8658 123.8747 -119.0358
v  12.0437 123.8747 -119.0358
v  4.4536 123.8747 -119.0358
v  2.1931 123.8747 -119.0358
v  -0.0069 123.8747 -119.0358
v  -2.2069 123.8747 -119.0358
v  -4.4675 123.8747 -119.0358
v  -12.0576 123.8747 -119.0358
v  -13.8796 123.8747 -119.0358
v  -15.2854 123.8747 -119.0358
v  -50.9658 123.8747 -119.0358
v  -86.6462 123.8747 -119.0358
v  -122.3265 123.8747 -119.0358
v  -162.2669 123.8747 -119.0358
v  -166.9427 123.8747 -119.0358
v  -169.6279 123.5648 -119.0358
v  -172.0757 122.6890 -119.0358
v  -174.2362 121.3147 -119.0358
v  -176.0389 119.5119 -119.0358
v  -177.4132 117.3515 -119.0358
v  -178.2890 114.9036 -119.0358
v  -178.5989 112.2184 -119.0358
v  -178.5990 108.9945 -119.0358
v  -178.5990 106.5705 -119.0358
v  -178.5990 104.1465 -119.0358
v  -178.5990 82.4806 -119.0358
v  -178.5990 60.8147 -119.0358
v  -178.5990 39.1487 -119.0358
v  -178.5990 17.4828 -119.0358
v  -178.5990 15.8512 -119.0358
v  -178.5990 12.8512 -119.0358
v  -178.5990 9.8512 -119.0358
v  -178.5990 6.8512 -119.0358
v  -178.5990 3.8512 -119.0358
v  -178.5990 0.8512 -119.0358
v  -178.5990 -2.1488 -119.0358
v  -178.5990 -5.1488 -119.0358
v  -178.5990 -8.1488 -119.0358
v  -178.5990 -11.1524 -119.0358
v  -178.5990 -31.7693 -119.0358
v  -178.5990 -52.3862 -119.0358
v  -178.5990 -73.0031 -119.0358
v  -178.5990 -93.6200 -119.0358
v  -178.5990 -96.4441 -119.0358
v  -178.5990 -98.8681 -119.0358
v  -178.5990 -101.2921 -119.0358
v  -178.5989 -104.5160 -119.0358
v  -178.2890 -107.2012 -119.0358
v  -177.4132 -109.6491 -119.0358
v  -176.0389 -111.8095 -119.0358
v  -174.2362 -113.6123 -119.0358
v  -172.0757 -114.9866 -119.0358
v  -169.6279 -115.8624 -119.0358
v  -166.9427 -116.1723 -119.0358
v  -162.2669 -116.1723 -119.0358
v  -122.3265 -116.1723 -119.0358
v  -86.6462 -116.1723 -119.0358
v  -50.9658 -116.1723 -119.0358
v  -15.2854 -116.1723 -119.0358
v  -13.8796 -116.1723 -119.0358
v  -12.0576 -116.1723 -119.0358
v  -4.4675 -116.1723 -119.0358
v  -2.2069 -116.1723 -119.0358
v  -0.0069 -116.1723 -119.0358
v  2.1931 -116.1723 -119.0358
v  4.4536 -116.1723 -119.0358
v  12.0437 -116.1723 -119.0358
v  13.8658 -116.1723 -119.0358
v  15.2716 -116.1723 -119.0358
v  50.9519 -116.1723 -119.0358
v  86.6323 -116.1723 -119.0358
v  122.3127 -116.1723 -119.0358
v  162.2797 -116.1723 -119.0358
v  166.9554 -116.1723 -119.0358
v  169.6407 -115.8624 -119.0358
v  172.0885 -114.9866 -119.0358
v  174.2490 -113.6123 -119.0358
v  176.0517 -111.8095 -119.0358
v  177.4260 -109.6491 -119.0358
v  178.3018 -107.2012 -119.0358
v  178.6117 -104.5160 -119.0358
v  178.6118 -101.2921 -119.0358
v  178.6118 -98.8681 -119.0358
v  178.6118 -96.4441 -119.0358
v  178.6118 -93.6200 -119.0358
v  178.6118 -73.0031 -119.0358
v  178.6118 -52.3862 -119.0358
v  178.6118 -31.7693 -119.0358
v  178.6118 -11.1524 -119.0358
v  178.6118 -8.1488 -119.0358
v  178.6118 -5.1488 -119.0358
v  178.6118 -2.1488 -119.0358
v  178.6118 0.8512 -119.0358
v  178.6118 3.8512 -119.0358
v  178.6118 6.8512 -119.0358
v  178.6118 9.8512 -119.0358
v  178.6118 12.8512 -119.0358
v  178.6118 15.8512 -119.0358
v  178.6118 17.4828 -119.0358
v  178.6118 39.1487 -119.0358
v  178.6118 60.8146 -119.0358
v  178.6118 82.4806 -119.0358
v  178.6118 104.1465 -119.0358
v  178.6118 106.5705 -119.0358
v  178.6118 108.9945 -119.0358
v  178.6117 112.2184 -119.0358
v  178.3018 114.9036 -119.0358
v  176.0536 119.5135 -119.1108
v  177.4282 117.3526 -119.1108
v  174.2505 121.3166 -119.1108
v  172.0896 122.6912 -119.1108
v  169.6412 123.5672 -119.1108
v  166.9556 123.8772 -119.1108
v  162.2797 123.8772 -119.1108
v  122.3127 123.8772 -119.1108
v  86.6323 123.8772 -119.1108
v  50.9519 123.8772 -119.1108
v  15.2716 123.8772 -119.1108
v  13.8658 123.8772 -119.1108
v  12.0437 123.8772 -119.1108
v  4.4536 123.8772 -119.1108
v  2.1931 123.8772 -119.1108
v  -0.0069 123.8772 -119.1108
v  -2.2069 123.8772 -119.1108
v  -4.4675 123.8772 -119.1108
v  -12.0576 123.8772 -119.1108
v  -13.8796 123.8772 -119.1108
v  -15.2854 123.8772 -119.1108
v  -50.9658 123.8772 -119.1108
v  -86.6462 123.8772 -119.1108
v  -122.3265 123.8772 -119.1108
v  -162.2669 123.8772 -119.1108
v  -166.9428 123.8772 -119.1108
v  -169.6284 123.5672 -119.1108
v  -172.0768 122.6912 -119.1108
v  -174.2378 121.3166 -119.1108
v  -176.0408 119.5135 -119.1108
v  -177.4154 117.3526 -119.1108
v  -178.2915 114.9042 -119.1108
v  -178.6014 112.2186 -119.1108
v  -178.6015 108.9945 -119.1108
v  -178.6015 106.5705 -119.1108
v  -178.6015 104.1465 -119.1108
v  -178.6015 82.4806 -119.1108
v  -178.6015 60.8147 -119.1108
v  -178.6015 39.1487 -119.1108
v  -178.6015 17.4828 -119.1108
v  -178.6015 15.8512 -119.1108
v  -178.6015 12.8512 -119.1108
v  -178.6015 9.8512 -119.1108
v  -178.6015 6.8512 -119.1108
v  -178.6015 3.8512 -119.1108
v  -178.6015 0.8512 -119.1108
v  -178.6015 -2.1488 -119.1108
v  -178.6015 -5.1488 -119.1108
v  -178.6015 -8.1488 -119.1108
v  -178.6015 -11.1524 -119.1108
v  -178.6015 -31.7693 -119.1108
v  -178.6015 -52.3862 -119.1108
v  -178.6015 -73.0031 -119.1108
v  -178.6015 -93.6200 -119.1108
v  -178.6015 -96.4441 -119.1108
v  -178.6015 -98.8681 -119.1108
v  -178.6015 -101.2921 -119.1108
v  -178.6014 -104.5162 -119.1108
v  -178.2915 -107.2018 -119.1108
v  -177.4154 -109.6502 -119.1108
v  -176.0408 -111.8111 -119.1108
v  -174.2378 -113.6142 -119.1108
v  -172.0768 -114.9888 -119.1108
v  -169.6284 -115.8648 -119.1108
v  -166.9428 -116.1748 -119.1108
v  -162.2669 -116.1748 -119.1108
v  -122.3265 -116.1748 -119.1108
v  -86.6462 -116.1748 -119.1108
v  -50.9658 -116.1748 -119.1108
v  -15.2854 -116.1748 -119.1108
v  -13.8796 -116.1748 -119.1108
v  -12.0576 -116.1748 -119.1108
v  -4.4675 -116.1748 -119.1108
v  -2.2069 -116.1748 -119.1108
v  -0.0069 -116.1748 -119.1108
v  2.1931 -116.1748 -119.1108
v  4.4536 -116.1748 -119.1108
v  12.0437 -116.1748 -119.1108
v  13.8658 -116.1748 -119.1108
v  15.2716 -116.1748 -119.1108
v  50.9519 -116.1748 -119.1108
v  86.6323 -116.1748 -119.1108
v  122.3127 -116.1748 -119.1108
v  162.2797 -116.1748 -119.1108
v  166.9556 -116.1748 -119.1108
v  169.6412 -115.8648 -119.1108
v  172.0896 -114.9888 -119.1108
v  174.2505 -113.6142 -119.1108
v  176.0536 -111.8111 -119.1108
v  177.4282 -109.6502 -119.1108
v  178.3043 -107.2018 -119.1108
v  178.6142 -104.5162 -119.1108
v  178.6143 -101.2921 -119.1108
v  178.6143 -98.8681 -119.1108
v  178.6143 -96.4441 -119.1108
v  178.6143 -93.6200 -119.1108
v  178.6143 -73.0031 -119.1108
v  178.6143 -52.3862 -119.1108
v  178.6143 -31.7693 -119.1108
v  178.6143 -11.1524 -119.1108
v  178.6143 -8.1488 -119.1108
v  178.6143 -5.1488 -119.1108
v  178.6143 -2.1488 -119.1108
v  178.6143 0.8512 -119.1108
v  178.6143 3.8512 -119.1108
v  178.6143 6.8512 -119.1108
v  178.6143 9.8512 -119.1108
v  178.6143 12.8512 -119.1108
v  178.6143 15.8512 -119.1108
v  178.6143 17.4828 -119.1108
v  178.6143 39.1487 -119.1108
v  178.6143 60.8146 -119.1108
v  178.6143 82.4806 -119.1108
v  178.6143 104.1465 -119.1108
v  178.6143 106.5705 -119.1108
v  178.6143 108.9945 -119.1108
v  178.6142 112.2186 -119.1108
v  178.3043 114.9042 -119.1108
# 4252 vertices

vn -0.0000 0.0000 1.0000
vn 0.0000 -0.0000 1.0000
vn -0.0000 -0.0000 1.0000
vn 0.0000 0.0000 1.0000
vn -0.0264 0.3109 -0.9501
vn -0.0174 0.3206 -0.9471
vn -0.0610 0.2731 -0.9601
vn -0.0723 0.2604 -0.9628
vn -0.1066 0.2210 -0.9694
vn -0.1122 0.2144 -0.9703
vn -0.1422 0.1783 -0.9736
vn -0.1446 0.1753 -0.9738
vn -0.1733 0.1391 -0.9750
vn -0.1736 0.1388 -0.9750
vn -0.2036 0.0991 -0.9740
vn -0.2017 0.1017 -0.9742
vn -0.2361 0.0538 -0.9702
vn -0.2315 0.0604 -0.9710
vn -0.2629 0.0146 -0.9647
vn -0.2594 0.0199 -0.9656
vn -0.2725 0.0000 -0.9621
vn 0.0000 0.3389 -0.9408
vn -0.0000 0.3389 -0.9408
vn -0.0224 0.1049 -0.9942
vn -0.0429 0.2110 -0.9765
vn -0.0101 0.2406 -0.9706
vn -0.0057 0.1165 -0.9932
vn -0.0423 0.0895 -0.9951
vn -0.0799 0.1718 -0.9819
vn -0.0597 0.0757 -0.9953
vn -0.1093 0.1397 -0.9842
vn -0.1355 0.1100 -0.9847
vn -0.0767 0.0619 -0.9951
vn -0.1619 0.0791 -0.9836
vn -0.0954 0.0462 -0.9944
vn -0.1914 0.0431 -0.9806
vn -0.1185 0.0259 -0.9926
vn -0.2150 0.0115 -0.9765
vn -0.1386 0.0069 -0.9903
vn -0.2230 -0.0000 -0.9748
vn -0.1457 -0.0002 -0.9893
vn -0.0000 0.1185 -0.9930
vn -0.0000 0.2493 -0.9684
vn 0.0000 0.2493 -0.9684
vn -0.2229 -0.0000 -0.9748
vn -0.0000 0.2466 -0.9691
vn -0.0001 0.1194 -0.9929
vn -0.0001 0.1185 -0.9930
vn -0.0001 0.2479 -0.9688
vn -0.0001 0.1190 -0.9929
vn -0.0001 0.1192 -0.9929
vn -0.0001 0.2472 -0.9690
vn -0.2228 -0.0000 -0.9749
vn -0.0079 0.0410 -0.9991
vn -0.0016 0.0438 -0.9990
vn -0.0161 0.0354 -0.9992
vn -0.0236 0.0303 -0.9993
vn -0.0312 0.0251 -0.9992
vn -0.0401 0.0186 -0.9990
vn -0.0519 0.0096 -0.9986
vn -0.0595 0.0016 -0.9982
vn -0.0593 -0.0000 -0.9982
vn -0.0000 0.0397 -0.9992
vn 0.0000 0.0397 -0.9992
vn -0.0594 -0.0000 -0.9982
vn -0.0001 0.0432 -0.9991
vn -0.0001 0.0415 -0.9991
vn -0.0001 0.0424 -0.9991
vn -0.0596 -0.0001 -0.9982
vn 0.0000 0.0000 -1.0000
vn -0.0000 0.0000 -1.0000
vn 0.0000 -0.0000 -1.0000
vn -0.0000 -0.0000 -1.0000
vn -0.0607 -0.0001 -0.9982
vn -0.0602 -0.0001 -0.9982
vn -0.0000 0.0398 -0.9992
vn -0.2212 -0.0000 -0.9752
vn -0.2213 -0.0000 -0.9752
vn -0.1464 -0.0001 -0.9892
vn -0.1465 -0.0001 -0.9892
vn -0.0619 -0.0000 -0.9981
vn -0.0619 0.0000 -0.9981
vn -0.0264 -0.3109 -0.9501
vn -0.0723 -0.2604 -0.9628
vn -0.0610 -0.2731 -0.9601
vn -0.0174 -0.3206 -0.9471
vn -0.1122 -0.2144 -0.9703
vn -0.1066 -0.2210 -0.9694
vn -0.1446 -0.1753 -0.9738
vn -0.1422 -0.1783 -0.9736
vn -0.1736 -0.1388 -0.9750
vn -0.1733 -0.1391 -0.9750
vn -0.2017 -0.1017 -0.9742
vn -0.2036 -0.0991 -0.9740
vn -0.2315 -0.0604 -0.9710
vn -0.2361 -0.0538 -0.9702
vn -0.2594 -0.0199 -0.9656
vn -0.2629 -0.0146 -0.9647
vn 0.0000 -0.3389 -0.9408
vn -0.0000 -0.3389 -0.9408
vn -0.0224 -0.1049 -0.9942
vn -0.0057 -0.1165 -0.9932
vn -0.0101 -0.2406 -0.9706
vn -0.0429 -0.2110 -0.9765
vn -0.0423 -0.0895 -0.9951
vn -0.0799 -0.1718 -0.9819
vn -0.0597 -0.0757 -0.9953
vn -0.1093 -0.1397 -0.9842
vn -0.1355 -0.1100 -0.9847
vn -0.0767 -0.0619 -0.9951
vn -0.1619 -0.0791 -0.9836
vn -0.0954 -0.0462 -0.9944
vn -0.1914 -0.0431 -0.9806
vn -0.1185 -0.0259 -0.9926
vn -0.2150 -0.0115 -0.9765
vn -0.1386 -0.0069 -0.9903
vn -0.2230 0.0000 -0.9748
vn -0.1457 0.0002 -0.9893
vn -0.0000 -0.1185 -0.9930
vn -0.0000 -0.2493 -0.9684
vn 0.0000 -0.1185 -0.9930
vn -0.2229 0.0000 -0.9748
vn -0.0001 -0.1194 -0.9929
vn -0.0000 -0.2466 -0.9691
vn -0.0001 -0.1185 -0.9930
vn -0.0001 -0.1192 -0.9929
vn -0.0001 -0.1190 -0.9929
vn -0.0001 -0.2479 -0.9688
vn -0.0001 -0.2472 -0.9690
vn -0.2228 0.0000 -0.9749
vn -0.1458 0.0002 -0.9893
vn -0.0079 -0.0410 -0.9991
vn -0.0016 -0.0438 -0.9990
vn -0.0161 -0.0354 -0.9992
vn -0.0236 -0.0303 -0.9993
vn -0.0312 -0.0251 -0.9992
vn -0.0401 -0.0186 -0.9990
vn -0.0519 -0.0096 -0.9986
vn -0.0595 -0.0016 -0.9982
vn -0.0593 0.0000 -0.9982
vn -0.0000 -0.0397 -0.9992
vn 0.0000 -0.0397 -0.9992
vn -0.0594 0.0000 -0.9982
vn -0.0001 -0.0432 -0.9991
vn -0.0001 -0.0424 -0.9991
vn -0.0001 -0.0415 -0.9991
vn -0.0595 0.0000 -0.9982
vn -0.0596 0.0001 -0.9982
vn -0.0000 -0.0398 -0.9992
vn -0.2212 0.0000 -0.9752
vn -0.1465 0.0001 -0.9892
vn -0.1464 0.0001 -0.9892
vn -0.2213 0.0000 -0.9752
vn -0.2225 -0.0000 -0.9749
vn -0.2221 -0.0000 -0.9750
vn -0.0000 0.2492 -0.9685
vn -0.0620 0.0000 -0.9981
vn -0.2211 0.0000 -0.9752
vn -0.1465 -0.0000 -0.9892
vn -0.0620 -0.0000 -0.9981
vn -0.0621 -0.0000 -0.9981
vn -0.2211 -0.0000 -0.9752
vn -0.0002 0.1186 -0.9929
vn -0.0001 0.0406 -0.9992
vn -0.0002 -0.1186 -0.9929
vn -0.0000 -0.2492 -0.9685
vn -0.0001 -0.0406 -0.9992
vn -0.0000 0.2486 -0.9686
vn -0.2217 -0.0000 -0.9751
vn -0.1460 -0.0001 -0.9893
vn -0.1462 -0.0001 -0.9892
vn -0.0613 -0.0001 -0.9981
vn -0.1461 0.0001 -0.9893
vn -0.2221 0.0000 -0.9750
vn -0.2217 0.0000 -0.9751
vn -0.1462 0.0001 -0.9892
vn -0.0608 0.0001 -0.9982
vn -0.0613 0.0001 -0.9981
vn -0.0602 0.0001 -0.9982
vn -0.1457 0.0001 -0.9893
vn 0.0264 0.3109 -0.9501
vn 0.0723 0.2604 -0.9628
vn 0.0610 0.2731 -0.9601
vn 0.0174 0.3206 -0.9471
vn 0.1122 0.2144 -0.9703
vn 0.1066 0.2210 -0.9694
vn 0.1446 0.1753 -0.9738
vn 0.1422 0.1783 -0.9736
vn 0.1736 0.1388 -0.9750
vn 0.1733 0.1391 -0.9750
vn 0.2017 0.1017 -0.9742
vn 0.2036 0.0991 -0.9740
vn 0.2315 0.0604 -0.9710
vn 0.2361 0.0538 -0.9702
vn 0.2594 0.0199 -0.9656
vn 0.2629 0.0146 -0.9647
vn 0.2725 0.0000 -0.9621
vn 0.0224 0.1049 -0.9942
vn 0.0057 0.1165 -0.9932
vn 0.0101 0.2406 -0.9706
vn 0.0429 0.2110 -0.9765
vn 0.0423 0.0895 -0.9951
vn 0.0799 0.1718 -0.9819
vn 0.0597 0.0757 -0.9953
vn 0.1093 0.1397 -0.9842
vn 0.1355 0.1100 -0.9847
vn 0.0767 0.0619 -0.9951
vn 0.1619 0.0791 -0.9836
vn 0.0954 0.0462 -0.9944
vn 0.1914 0.0431 -0.9806
vn 0.1185 0.0259 -0.9926
vn 0.2150 0.0115 -0.9765
vn 0.1386 0.0069 -0.9903
vn 0.2230 -0.0000 -0.9748
vn 0.1457 -0.0002 -0.9893
vn 0.0000 0.1185 -0.9930
vn 0.2229 -0.0000 -0.9748
vn 0.0001 0.1194 -0.9929
vn 0.0000 0.2466 -0.9691
vn 0.0001 0.1185 -0.9930
vn 0.0001 0.1192 -0.9929
vn 0.0001 0.1190 -0.9929
vn 0.0001 0.2479 -0.9688
vn 0.0001 0.2472 -0.9690
vn 0.2228 -0.0000 -0.9749
vn 0.0079 0.0410 -0.9991
vn 0.0016 0.0438 -0.9990
vn 0.0161 0.0354 -0.9992
vn 0.0236 0.0303 -0.9993
vn 0.0312 0.0251 -0.9992
vn 0.0401 0.0186 -0.9990
vn 0.0519 0.0096 -0.9986
vn 0.0595 0.0016 -0.9982
vn 0.0593 -0.0000 -0.9982
vn 0.0594 -0.0000 -0.9982
vn 0.0001 0.0432 -0.9991
vn 0.0001 0.0424 -0.9991
vn 0.0001 0.0415 -0.9991
vn 0.0596 -0.0001 -0.9982
vn 0.0607 -0.0001 -0.9982
vn 0.0602 -0.0001 -0.9982
vn 0.0000 0.0398 -0.9992
vn 0.2212 -0.0000 -0.9752
vn 0.1465 -0.0001 -0.9892
vn 0.1464 -0.0001 -0.9892
vn 0.2213 -0.0000 -0.9752
vn 0.0619 -0.0000 -0.9981
vn 0.0264 -0.3109 -0.9501
vn 0.0174 -0.3206 -0.9471
vn 0.0610 -0.2731 -0.9601
vn 0.0723 -0.2604 -0.9628
vn 0.1066 -0.2210 -0.9694
vn 0.1122 -0.2144 -0.9703
vn 0.1422 -0.1783 -0.9736
vn 0.1446 -0.1753 -0.9738
vn 0.1733 -0.1391 -0.9750
vn 0.1736 -0.1388 -0.9750
vn 0.2017 -0.1017 -0.9742
vn 0.2036 -0.0991 -0.9740
vn 0.2315 -0.0604 -0.9710
vn 0.2361 -0.0538 -0.9702
vn 0.2594 -0.0199 -0.9656
vn 0.2629 -0.0146 -0.9647
vn 0.0224 -0.1049 -0.9942
vn 0.0429 -0.2110 -0.9765
vn 0.0101 -0.2406 -0.9706
vn 0.0057 -0.1165 -0.9932
vn 0.0423 -0.0895 -0.9951
vn 0.0799 -0.1718 -0.9819
vn 0.0597 -0.0757 -0.9953
vn 0.1093 -0.1397 -0.9842
vn 0.1355 -0.1100 -0.9847
vn 0.0767 -0.0619 -0.9951
vn 0.1619 -0.0791 -0.9836
vn 0.0954 -0.0462 -0.9944
vn 0.1914 -0.0431 -0.9806
vn 0.1185 -0.0259 -0.9926
vn 0.2150 -0.0115 -0.9765
vn 0.1386 -0.0069 -0.9903
vn 0.2230 0.0000 -0.9748
vn 0.1457 0.0002 -0.9893
vn 0.0000 -0.2493 -0.9684
vn 0.2229 0.0000 -0.9748
vn 0.0000 -0.2466 -0.9691
vn 0.0001 -0.1194 -0.9929
vn 0.0001 -0.1185 -0.9930
vn 0.0001 -0.2479 -0.9688
vn 0.0001 -0.1190 -0.9929
vn 0.0001 -0.1192 -0.9929
vn 0.0001 -0.2472 -0.9690
vn 0.2228 0.0000 -0.9749
vn 0.1458 0.0002 -0.9893
vn 0.0079 -0.0410 -0.9991
vn 0.0016 -0.0438 -0.9990
vn 0.0161 -0.0354 -0.9992
vn 0.0236 -0.0303 -0.9993
vn 0.0312 -0.0251 -0.9992
vn 0.0401 -0.0186 -0.9990
vn 0.0519 -0.0096 -0.9986
vn 0.0595 -0.0016 -0.9982
vn 0.0593 0.0000 -0.9982
vn 0.0594 0.0000 -0.9982
vn 0.0001 -0.0432 -0.9991
vn 0.0001 -0.0415 -0.9991
vn 0.0001 -0.0424 -0.9991
vn 0.0595 0.0000 -0.9982
vn 0.0596 0.0001 -0.9982
vn 0.0000 -0.0398 -0.9992
vn 0.2212 0.0000 -0.9752
vn 0.2213 0.0000 -0.9752
vn 0.1464 0.0001 -0.9892
vn 0.1465 0.0001 -0.9892
vn 0.0619 0.0000 -0.9981
vn 0.2220 0.0000 -0.9750
vn 0.2225 -0.0001 -0.9749
vn 0.0000 0.2492 -0.9685
vn 0.0620 0.0000 -0.9981
vn 0.2211 0.0000 -0.9752
vn 0.1465 0.0000 -0.9892
vn 0.0621 0.0000 -0.9981
vn 0.2211 -0.0000 -0.9752
vn 0.0002 0.1186 -0.9929
vn 0.0001 0.0406 -0.9992
vn 0.0002 -0.1186 -0.9929
vn 0.0000 -0.2492 -0.9685
vn 0.0001 -0.0406 -0.9992
vn 0.0000 0.2486 -0.9686
vn 0.1461 -0.0001 -0.9893
vn 0.2217 -0.0000 -0.9751
vn 0.1462 -0.0001 -0.9892
vn 0.0613 -0.0001 -0.9981
vn 0.2217 0.0000 -0.9751
vn 0.2221 0.0000 -0.9750
vn 0.1461 0.0001 -0.9893
vn 0.1462 0.0001 -0.9892
vn 0.0608 0.0001 -0.9982
vn 0.0613 0.0001 -0.9981
vn 0.0602 0.0001 -0.9982
vn 0.1457 0.0001 -0.9893
vn -0.1458 -0.0001 -0.9893
vn -0.2224 0.0000 -0.9749
vn -0.1459 0.0001 -0.9893
vn 0.1459 -0.0001 -0.9893
vn 0.2224 0.0000 -0.9749
vn 0.1459 0.0001 -0.9893
vn -0.0001 0.1188 -0.9929
vn -0.0001 -0.1188 -0.9929
vn -0.0000 -0.2486 -0.9686
vn 0.0001 0.1188 -0.9929
vn 0.0001 -0.1188 -0.9929
vn 0.0000 -0.2486 -0.9686
vn -0.0621 0.0000 -0.9981
vn 0.0620 -0.0000 -0.9981
vn 0.0000 -0.0001 1.0000
vn 0.9239 -0.3827 -0.0000
vn 0.9239 0.3827 0.0000
vn 0.3827 0.9239 0.0000
vn -0.3827 0.9239 0.0000
vn -0.9239 0.3827 0.0000
vn -0.9239 -0.3827 -0.0000
vn -0.3827 -0.9239 -0.0000
vn 0.3827 -0.9239 -0.0000
vn 0.8982 0.4395 0.0000
vn 0.7801 0.6257 0.0000
vn 0.9738 0.2272 0.0000
vn 0.9984 0.0574 0.0000
vn 1.0000 0.0000 -0.0000
vn 0.9984 -0.0574 -0.0000
vn 0.9738 -0.2272 -0.0000
vn 0.8982 -0.4395 -0.0000
vn 0.7801 -0.6257 -0.0000
vn 0.6257 -0.7801 -0.0000
vn 0.4395 -0.8982 -0.0000
vn 0.2272 -0.9738 -0.0000
vn 0.0574 -0.9984 -0.0000
vn 0.0000 -1.0000 -0.0000
vn -0.0574 -0.9984 -0.0000
vn -0.2272 -0.9738 -0.0000
vn -0.4395 -0.8982 -0.0000
vn -0.6257 -0.7801 -0.0000
vn -0.7801 -0.6257 -0.0000
vn -0.8982 -0.4395 -0.0000
vn -0.9738 -0.2272 -0.0000
vn -0.9984 -0.0574 -0.0000
vn -1.0000 0.0000 -0.0000
vn -0.9984 0.0574 0.0000
vn -0.9738 0.2272 0.0000
vn -0.8982 0.4395 0.0000
vn -0.7801 0.6257 0.0000
vn -0.6257 0.7801 0.0000
vn -0.4395 0.8982 0.0000
vn -0.2272 0.9738 0.0000
vn -0.0574 0.9984 0.0000
vn 0.0000 1.0000 0.0000
vn -0.0000 1.0000 0.0000
vn 0.0574 0.9984 0.0000
vn 0.2272 0.9738 0.0000
vn 0.4395 0.8982 0.0000
vn 0.6257 0.7801 0.0000
vn -0.0000 -1.0000 -0.0000
vn -0.8433 -0.5364 0.0331
vn -0.7067 -0.7067 0.0330
vn -0.5364 -0.8433 0.0330
vn -0.3367 -0.9410 0.0331
vn -0.1146 -0.9929 0.0332
vn -0.0000 -0.9994 0.0332
vn 0.0000 -0.9994 0.0332
vn 0.1146 -0.9929 0.0332
vn 0.3367 -0.9410 0.0331
vn 0.5364 -0.8433 0.0330
vn 0.7067 -0.7067 0.0330
vn 0.8433 -0.5364 0.0331
vn 0.9410 -0.3367 0.0331
vn 0.9929 -0.1146 0.0331
vn 0.9995 -0.0000 0.0331
vn 0.9995 0.0000 0.0331
vn 0.9929 0.1146 0.0331
vn 0.9410 0.3367 0.0331
vn 0.8433 0.5364 0.0331
vn 0.7067 0.7067 0.0330
vn 0.5364 0.8433 0.0330
vn 0.3367 0.9410 0.0331
vn 0.1146 0.9929 0.0332
vn 0.0000 0.9994 0.0332
vn -0.0000 0.9994 0.0332
vn 0.0000 0.9994 0.0333
vn -0.1146 0.9929 0.0332
vn -0.3367 0.9410 0.0331
vn -0.5364 0.8433 0.0330
vn -0.7067 0.7067 0.0330
vn -0.8433 0.5364 0.0331
vn -0.9410 0.3367 0.0331
vn -0.9929 0.1146 0.0331
vn -0.9995 0.0000 0.0331
vn -0.9995 -0.0000 0.0331
vn -0.9929 -0.1146 0.0331
vn -0.9410 -0.3367 0.0331
vn 0.7067 0.7067 0.0332
vn 0.5364 0.8433 0.0331
vn -0.0000 0.9994 0.0333
vn -0.5364 0.8433 0.0331
vn -0.7067 0.7067 0.0332
vn -0.9410 0.3367 0.0330
vn -0.9994 0.0000 0.0332
vn -0.9994 -0.0000 0.0333
vn -0.9994 -0.0000 0.0332
vn -0.9410 -0.3367 0.0330
vn -0.7067 -0.7067 0.0332
vn -0.5364 -0.8433 0.0331
vn -0.0000 -0.9994 0.0333
vn 0.0000 -0.9994 0.0333
vn 0.5364 -0.8433 0.0331
vn 0.7067 -0.7067 0.0332
vn 0.9410 -0.3367 0.0330
vn 0.9994 -0.0000 0.0332
vn 0.9994 -0.0000 0.0333
vn 0.9994 0.0000 0.0332
vn 0.9410 0.3367 0.0330
vn -0.5364 -0.8433 0.0332
vn 0.5364 -0.8433 0.0332
vn 0.9929 -0.1146 0.0333
vn 0.9994 0.0000 0.0333
vn 0.9929 0.1146 0.0333
vn 0.5364 0.8433 0.0332
vn -0.5364 0.8433 0.0332
vn -0.9929 0.1146 0.0333
vn -0.9994 0.0000 0.0333
vn -0.9929 -0.1146 0.0333
vn 0.7067 0.7067 0.0331
vn -0.7067 0.7067 0.0331
vn -0.7067 -0.7067 0.0331
vn 0.7067 -0.7067 0.0331
# 472 vertex normals

vt -162.5244 120.6548 0.0000
vt -165.2587 120.3393 0.0000
vt -165.2027 120.0992 0.0000
vt -162.5103 120.4100 0.0000
vt -167.7678 119.4415 0.0000
vt -167.6595 119.2202 0.0000
vt -169.9820 118.0330 0.0000
vt -169.8279 117.8409 0.0000
vt -171.8293 116.1857 0.0000
vt -171.6371 116.0316 0.0000
vt -173.2377 113.9716 0.0000
vt -173.0164 113.8633 0.0000
vt -174.1356 111.4625 0.0000
vt -173.8955 111.4064 0.0000
vt -174.4510 108.7281 0.0000
vt -174.2062 108.7140 0.0000
vt -174.4510 105.4877 0.0000
vt -174.2063 105.4877 0.0000
vt -164.9236 118.9028 0.0000
vt -162.4401 119.1894 0.0000
vt -162.4925 120.1006 0.0000
vt -165.1320 119.7960 0.0000
vt -167.1197 118.1170 0.0000
vt -167.5228 118.9406 0.0000
vt -169.0596 116.8830 0.0000
vt -169.6332 117.5981 0.0000
vt -170.6792 115.2634 0.0000
vt -171.3943 115.8369 0.0000
vt -171.9132 113.3234 0.0000
vt -172.7368 113.7265 0.0000
vt -172.6991 111.1273 0.0000
vt -173.5923 111.3357 0.0000
vt -173.8968 108.6963 0.0000
vt -172.9856 108.6439 0.0000
vt -173.8968 105.4877 0.0000
vt -172.9856 105.4877 0.0000
vt -162.4401 108.6438 0.0000
vt -157.8321 108.6438 0.0000
vt -157.8321 111.1273 0.0000
vt -162.4401 111.1273 0.0000
vt -2.0321 120.6548 0.0000
vt -4.2927 120.6548 0.0000
vt -4.2927 120.4100 0.0000
vt -2.0321 120.4100 0.0000
vt -4.2927 119.1894 0.0000
vt -2.0321 119.1894 0.0000
vt -2.0321 120.1006 0.0000
vt -4.2927 120.1006 0.0000
vt 0.1679 120.6548 0.0000
vt 0.1679 120.4100 0.0000
vt 0.1679 119.1894 0.0000
vt 0.1679 120.1006 0.0000
vt -164.9236 108.6438 0.0000
vt -164.9236 111.1273 0.0000
vt -167.1197 111.1273 0.0000
vt -167.1197 108.6438 0.0000
vt -2.0321 115.2634 0.0000
vt -4.2927 115.2634 0.0000
vt -4.2927 113.3234 0.0000
vt -2.0321 113.3234 0.0000
vt -162.4401 115.2634 0.0000
vt -164.9236 115.2634 0.0000
vt -164.9236 113.3234 0.0000
vt -162.4401 113.3234 0.0000
vt -167.1197 115.2634 0.0000
vt -167.1197 113.3234 0.0000
vt -167.1197 105.4877 0.0000
vt -157.8321 113.3234 0.0000
vt 0.1679 115.2634 0.0000
vt -174.4510 103.0637 0.0000
vt -174.2063 103.0637 0.0000
vt -172.9856 103.0637 0.0000
vt -173.8968 103.0637 0.0000
vt -167.1197 103.0637 0.0000
vt -86.4714 108.6439 0.0000
vt -86.4714 111.1273 0.0000
vt -122.1517 111.1273 0.0000
vt -122.1517 108.6438 0.0000
vt -157.8321 120.6548 0.0000
vt -157.8321 120.4100 0.0000
vt -157.8321 119.1894 0.0000
vt -157.8321 120.1006 0.0000
vt -157.8321 115.2634 0.0000
vt -86.4714 113.3234 0.0000
vt -122.1517 113.3234 0.0000
vt -174.4510 78.9738 0.0000
vt -174.4510 57.3079 0.0000
vt -174.2063 57.3079 0.0000
vt -174.2063 78.9738 0.0000
vt -172.9856 57.3079 0.0000
vt -172.9856 78.9738 0.0000
vt -173.8968 78.9738 0.0000
vt -173.8968 57.3079 0.0000
vt -167.1197 57.3079 0.0000
vt -167.1197 78.9738 0.0000
vt -11.8828 120.6548 0.0000
vt -11.8828 120.4100 0.0000
vt -11.8828 119.1894 0.0000
vt -11.8828 120.1006 0.0000
vt -11.8828 115.2634 0.0000
vt -11.8828 113.3234 0.0000
vt -2.0321 108.6439 0.0000
vt -2.0321 111.1273 0.0000
vt -4.2927 111.1273 0.0000
vt -4.2927 108.6439 0.0000
vt -11.8828 108.6439 0.0000
vt -11.8828 111.1273 0.0000
vt -13.7048 111.1273 0.0000
vt -13.7048 108.6439 0.0000
vt -13.7048 113.3234 0.0000
vt -13.7048 120.6548 0.0000
vt -15.1106 120.6548 0.0000
vt -15.1106 120.4100 0.0000
vt -13.7048 120.4100 0.0000
vt -15.1106 119.1894 0.0000
vt -13.7048 119.1894 0.0000
vt -13.7048 120.1006 0.0000
vt -15.1106 120.1006 0.0000
vt -15.1106 115.2634 0.0000
vt -15.1106 113.3234 0.0000
vt -13.7048 115.2634 0.0000
vt -162.5264 120.6894 -1.0138
vt -161.9455 120.1991 -1.1904
vt -164.6760 119.8842 -1.1904
vt -165.2666 120.3732 -1.0138
vt -167.1835 118.9873 -1.1904
vt -167.7831 119.4728 -1.0138
vt -169.3963 117.5803 -1.1904
vt -170.0038 118.0602 -1.0138
vt -171.2423 115.7350 -1.1904
vt -171.8564 116.2075 -1.0138
vt -172.6498 113.5231 -1.1904
vt -173.2690 113.9869 -1.0138
vt -173.5471 111.0166 -1.1904
vt -174.1695 111.4704 -1.0138
vt -173.8621 108.2872 -1.1904
vt -174.4856 108.7301 -1.0138
vt -173.8621 105.0576 -1.1904
vt -174.4856 105.4877 -1.0138
vt -2.0321 120.6894 -1.0138
vt -2.0243 120.1991 -1.1904
vt -4.2768 120.1991 -1.1904
vt -4.2927 120.6894 -1.0138
vt 0.1679 120.1991 -1.1904
vt 0.1679 120.6894 -1.0138
vt -173.8621 102.6432 -1.1904
vt -174.4856 103.0637 -1.0138
vt -157.8321 120.6894 -1.0138
vt -157.2680 120.1991 -1.1904
vt -173.8621 78.6638 -1.1904
vt -173.8621 57.0986 -1.1904
vt -174.4856 57.3079 -1.0138
vt -174.4856 78.9738 -1.0138
vt -11.8398 120.1991 -1.1904
vt -11.8828 120.6894 -1.0138
vt -13.7048 120.6894 -1.0138
vt -13.6553 120.1991 -1.1904
vt -15.0561 120.1991 -1.1904
vt -15.1106 120.6894 -1.0138
vt -174.4510 100.6397 0.0000
vt -174.2063 100.6397 0.0000
vt -173.8968 100.6397 0.0000
vt -172.9856 100.6397 0.0000
vt -167.1197 100.6397 0.0000
vt -173.8621 100.2289 -1.1904
vt -174.4856 100.6397 -1.0138
vt -157.5688 112.5361 -2.8819
vt -161.4109 117.1807 -2.1668
vt -158.7345 117.4887 -2.1668
vt -154.9529 112.8291 -2.8829
vt -159.9722 111.6972 -2.8808
vt -163.8687 116.3035 -2.1668
vt -162.0942 110.3797 -2.8794
vt -166.0376 114.9275 -2.1668
vt -167.8471 113.1227 -2.1668
vt -163.8658 108.6507 -2.8780
vt -169.2267 110.9595 -2.1668
vt -165.2181 106.5777 -2.8764
vt -170.1062 108.5081 -2.1668
vt -166.0822 104.2278 -2.8749
vt -170.4150 105.8387 -2.1668
vt -166.3891 101.6683 -2.8734
vt -170.4150 102.6801 -2.1668
vt -166.3952 98.6394 -2.8716
vt -4.0807 112.6948 -2.9313
vt -4.1887 117.4887 -2.1668
vt -1.9808 117.4887 -2.1668
vt -1.9276 112.6947 -2.9313
vt 0.1679 117.4887 -2.1668
vt 0.1679 112.6946 -2.9314
vt -170.4150 100.3188 -2.1668
vt -166.3998 96.3749 -2.8703
vt -154.1496 117.4887 -2.1668
vt -150.4727 112.8253 -2.8843
vt -11.6019 117.4887 -2.1668
vt -11.3102 112.6962 -2.9308
vt -13.0457 112.6966 -2.9306
vt -13.3815 117.4887 -2.1668
vt -84.4521 117.4887 -2.1668
vt -82.4294 112.7616 -2.9072
vt -116.4511 112.7934 -2.8958
vt -119.3009 117.4887 -2.1668
vt -170.4150 97.9575 -2.1668
vt -166.4044 94.1103 -2.8690
vt -154.0391 107.5292 -3.3197
vt -151.4848 107.8116 -3.3197
vt -156.3848 106.7253 -3.3197
vt -158.4547 105.4640 -3.3197
vt -160.1816 103.8097 -3.3197
vt -161.4984 101.8269 -3.3197
vt -162.3377 99.5800 -3.3197
vt -162.6324 97.1332 -3.3197
vt -162.6324 94.2380 -3.3197
vt -3.9900 107.8116 -3.3197
vt -1.8828 107.8116 -3.3197
vt 0.1679 107.8116 -3.3197
vt -162.6324 92.0737 -3.3197
vt -147.1091 107.8116 -3.3197
vt -11.0649 107.8116 -3.3197
vt -12.7633 107.8116 -3.3197
vt -80.5914 107.8116 -3.3197
vt -113.8503 107.8116 -3.3197
vt -162.6324 89.9093 -3.3197
vt -11.0650 12.3444 -3.3197
vt -11.0650 13.7777 -3.3197
vt -3.9900 13.7777 -3.3197
vt -3.9900 12.3444 -3.3197
vt -3.9900 92.0737 -3.3197
vt -11.0650 92.0737 -3.3197
vt -11.0650 94.2380 -3.3197
vt -3.9900 94.2380 -3.3197
vt -12.7633 92.0737 -3.3197
vt -11.0650 89.9093 -3.3197
vt -12.7634 89.9093 -3.3197
vt -3.9900 97.1332 -3.3197
vt -11.0650 97.1332 -3.3197
vt -11.0650 99.5799 -3.3197
vt -3.9900 99.5799 -3.3197
vt -12.7633 97.1332 -3.3197
vt -12.7634 94.2380 -3.3197
vt -3.9900 101.8269 -3.3197
vt -11.0649 101.8269 -3.3197
vt -11.0649 103.8097 -3.3197
vt -3.9900 103.8097 -3.3197
vt -12.7633 101.8269 -3.3197
vt -12.7633 99.5799 -3.3197
vt -151.4848 103.8097 -3.3197
vt -154.0391 103.8097 -3.3197
vt -151.4848 101.8269 -3.3197
vt -154.0391 101.8269 -3.3197
vt -151.4848 99.5800 -3.3197
vt -154.0391 99.5800 -3.3197
vt -151.4848 97.1332 -3.3197
vt -154.0391 97.1332 -3.3197
vt -151.4848 94.2380 -3.3197
vt -154.0391 94.2380 -3.3197
vt -151.4848 92.0737 -3.3197
vt -154.0391 92.0737 -3.3197
vt -151.4848 89.9093 -3.3197
vt -154.0391 89.9093 -3.3197
vt -151.4848 51.8435 -3.3197
vt -154.0391 51.8435 -3.3197
vt -154.0391 70.8764 -3.3197
vt -151.4848 70.8764 -3.3197
vt -151.4848 12.3444 -3.3197
vt -151.4848 13.7777 -3.3197
vt -147.1091 13.7777 -3.3197
vt -147.1091 12.3444 -3.3197
vt -147.1091 89.9093 -3.3197
vt -147.1091 92.0737 -3.3197
vt -147.1091 94.2380 -3.3197
vt -147.1091 97.1332 -3.3197
vt -147.1091 99.5800 -3.3197
vt -147.1091 101.8269 -3.3197
vt -147.1091 103.8097 -3.3197
vt -156.3848 103.8097 -3.3197
vt -156.3848 101.8269 -3.3197
vt -156.3848 99.5800 -3.3197
vt -156.3848 97.1332 -3.3197
vt -156.3848 94.2380 -3.3197
vt -156.3848 92.0737 -3.3197
vt -156.3848 89.9093 -3.3197
vt -156.3848 51.8435 -3.3197
vt -162.6324 51.8435 -3.3197
vt -162.6324 70.8764 -3.3197
vt -156.3848 70.8764 -3.3197
vt -156.3848 12.3444 -3.3197
vt -156.3848 13.7777 -3.3197
vt -154.0391 13.7777 -3.3197
vt -154.0391 12.3444 -3.3197
vt -12.7633 103.8097 -3.3197
vt -14.0737 103.8097 -3.3197
vt -14.0737 107.8116 -3.3197
vt -14.0737 101.8269 -3.3197
vt -14.0737 99.5799 -3.3197
vt -14.0737 97.1332 -3.3197
vt -14.0737 94.2380 -3.3197
vt -14.0737 92.0737 -3.3197
vt -14.0737 89.9093 -3.3197
vt -12.7633 51.8435 -3.3197
vt -14.0737 51.8435 -3.3197
vt -14.0737 70.8764 -3.3197
vt -12.7634 70.8764 -3.3197
vt 0.1679 92.0737 -3.3197
vt 0.1679 89.9093 -3.3197
vt -1.8828 89.9093 -3.3197
vt -1.8828 92.0737 -3.3197
vt 0.1679 94.2380 -3.3197
vt -1.8828 94.2380 -3.3197
vt 0.1679 97.1332 -3.3197
vt -1.8828 97.1332 -3.3197
vt 0.1679 99.5799 -3.3197
vt -1.8828 99.5799 -3.3197
vt 0.1679 101.8269 -3.3197
vt -1.8828 101.8269 -3.3197
vt 0.1679 103.8097 -3.3197
vt -1.8828 103.8097 -3.3197
vt 0.1679 51.8435 -3.3197
vt -1.8828 51.8435 -3.3197
vt -1.8828 70.8764 -3.3197
vt 0.1679 70.8764 -3.3197
vt -170.4150 12.3444 -2.1668
vt -170.4150 13.9264 -2.1668
vt -166.5225 13.8553 -2.8356
vt -166.5247 12.3444 -2.8350
vt -162.6324 13.7777 -3.3197
vt -162.6324 12.3444 -3.3197
vt -165.2027 -119.4104 0.0000
vt -165.2587 -119.6505 0.0000
vt -162.5244 -119.9660 0.0000
vt -162.5103 -119.7212 0.0000
vt -167.7678 -118.7527 0.0000
vt -167.6595 -118.5314 0.0000
vt -169.9820 -117.3442 0.0000
vt -169.8279 -117.1520 0.0000
vt -171.8293 -115.4969 0.0000
vt -171.6371 -115.3428 0.0000
vt -173.2377 -113.2828 0.0000
vt -173.0164 -113.1744 0.0000
vt -174.1356 -110.7737 0.0000
vt -173.8955 -110.7176 0.0000
vt -174.4510 -108.0393 0.0000
vt -174.2062 -108.0252 0.0000
vt -174.4510 -104.7989 0.0000
vt -174.2063 -104.7989 0.0000
vt -162.4401 -118.5006 0.0000
vt -164.9236 -118.2140 0.0000
vt -165.1320 -119.1072 0.0000
vt -162.4925 -119.4118 0.0000
vt -167.1197 -117.4282 0.0000
vt -167.5228 -118.2518 0.0000
vt -169.0596 -116.1942 0.0000
vt -169.6332 -116.9093 0.0000
vt -170.6792 -114.5746 0.0000
vt -171.3943 -115.1481 0.0000
vt -171.9132 -112.6346 0.0000
vt -172.7368 -113.0376 0.0000
vt -172.6991 -110.4385 0.0000
vt -173.5923 -110.6469 0.0000
vt -172.9856 -107.9550 0.0000
vt -173.8968 -108.0074 0.0000
vt -172.9856 -104.7989 0.0000
vt -173.8968 -104.7989 0.0000
vt -162.4401 -107.9550 0.0000
vt -162.4401 -110.4385 0.0000
vt -157.8321 -110.4385 0.0000
vt -157.8321 -107.9550 0.0000
vt -4.2927 -119.9660 0.0000
vt -2.0321 -119.9660 0.0000
vt -2.0321 -119.7212 0.0000
vt -4.2927 -119.7212 0.0000
vt -2.0321 -118.5006 0.0000
vt -4.2927 -118.5006 0.0000
vt -4.2927 -119.4118 0.0000
vt -2.0321 -119.4118 0.0000
vt 0.1679 -119.9660 0.0000
vt 0.1679 -119.7212 0.0000
vt 0.1679 -118.5006 0.0000
vt 0.1679 -119.4118 0.0000
vt -164.9236 -107.9550 0.0000
vt -167.1197 -107.9550 0.0000
vt -167.1197 -110.4385 0.0000
vt -164.9236 -110.4385 0.0000
vt -164.9236 -104.7989 0.0000
vt -162.4401 -104.7989 0.0000
vt -157.8321 -104.7989 0.0000
vt -2.0321 -104.7989 0.0000
vt -2.0321 -107.9550 0.0000
vt 0.1679 -107.9550 0.0000
vt 0.1679 -104.7989 0.0000
vt -162.4401 -114.5746 0.0000
vt -162.4401 -112.6346 0.0000
vt -164.9236 -112.6346 0.0000
vt -164.9236 -114.5746 0.0000
vt -167.1197 -112.6346 0.0000
vt -167.1197 -114.5746 0.0000
vt -167.1197 -104.7989 0.0000
vt -157.8321 -112.6346 0.0000
vt -174.4510 -102.3749 0.0000
vt -174.2063 -102.3749 0.0000
vt -172.9856 -102.3749 0.0000
vt -173.8968 -102.3749 0.0000
vt -167.1197 -102.3749 0.0000
vt -86.4714 -110.4385 0.0000
vt -86.4714 -107.9550 0.0000
vt -122.1517 -107.9550 0.0000
vt -122.1517 -110.4385 0.0000
vt -157.8321 -119.9660 0.0000
vt -157.8321 -119.7212 0.0000
vt -157.8321 -118.5006 0.0000
vt -157.8321 -119.4118 0.0000
vt -86.4714 -104.7989 0.0000
vt -122.1517 -104.7989 0.0000
vt -157.8321 -114.5746 0.0000
vt -86.4714 -112.6346 0.0000
vt -122.1517 -112.6346 0.0000
vt -174.4510 -97.1268 0.0000
vt -174.4510 -99.9509 0.0000
vt -174.2063 -99.9509 0.0000
vt -174.2063 -97.1268 0.0000
vt -172.9856 -99.9509 0.0000
vt -172.9856 -97.1268 0.0000
vt -173.8968 -97.1268 0.0000
vt -173.8968 -99.9509 0.0000
vt -167.1197 -99.9509 0.0000
vt -167.1197 -97.1268 0.0000
vt -11.8828 -119.9660 0.0000
vt -11.8828 -119.7212 0.0000
vt -11.8828 -118.5006 0.0000
vt -11.8828 -119.4118 0.0000
vt -4.2927 -104.7989 0.0000
vt -4.2927 -107.9550 0.0000
vt -13.7048 -107.9550 0.0000
vt -11.8828 -107.9550 0.0000
vt -11.8828 -104.7989 0.0000
vt -13.7048 -104.7989 0.0000
vt -15.1106 -119.9660 0.0000
vt -13.7048 -119.9660 0.0000
vt -13.7048 -119.7212 0.0000
vt -15.1106 -119.7212 0.0000
vt -13.7048 -118.5006 0.0000
vt -15.1106 -118.5006 0.0000
vt -15.1106 -119.4118 0.0000
vt -13.7048 -119.4118 0.0000
vt -13.7048 -112.6346 0.0000
vt -15.1106 -112.6346 0.0000
vt -15.1106 -114.5746 0.0000
vt -13.7048 -114.5746 0.0000
vt -162.5264 -120.0006 -1.0138
vt -165.2666 -119.6844 -1.0138
vt -164.6760 -119.1954 -1.1904
vt -161.9455 -119.5103 -1.1904
vt -167.7831 -118.7840 -1.0138
vt -167.1835 -118.2985 -1.1904
vt -170.0038 -117.3714 -1.0138
vt -169.3963 -116.8915 -1.1904
vt -171.8564 -115.5187 -1.0138
vt -171.2423 -115.0462 -1.1904
vt -173.2690 -113.2981 -1.0138
vt -172.6498 -112.8343 -1.1904
vt -174.1695 -110.7816 -1.0138
vt -173.5471 -110.3278 -1.1904
vt -174.4856 -108.0413 -1.0138
vt -173.8621 -107.5984 -1.1904
vt -174.4856 -104.7989 -1.0138
vt -173.8621 -104.3688 -1.1904
vt -2.0321 -120.0006 -1.0138
vt -4.2927 -120.0006 -1.0138
vt -4.2768 -119.5103 -1.1904
vt -2.0243 -119.5103 -1.1904
vt 0.1679 -119.5103 -1.1904
vt 0.1679 -120.0006 -1.0138
vt -174.4856 -102.3749 -1.0138
vt -173.8621 -101.9544 -1.1904
vt -157.8321 -120.0006 -1.0138
vt -157.2680 -119.5103 -1.1904
vt -174.4856 -97.1268 -1.0138
vt -173.8621 -96.7290 -1.1904
vt -173.8621 -99.5401 -1.1904
vt -174.4856 -99.9509 -1.0138
vt -11.8828 -120.0006 -1.0138
vt -11.8398 -119.5103 -1.1904
vt -13.7048 -120.0006 -1.0138
vt -15.1106 -120.0006 -1.0138
vt -15.0561 -119.5103 -1.1904
vt -13.6553 -119.5103 -1.1904
vt -157.5688 -111.8473 -2.8819
vt -154.9529 -112.1403 -2.8829
vt -158.7345 -116.7999 -2.1668
vt -161.4109 -116.4919 -2.1668
vt -159.9722 -111.0084 -2.8808
vt -163.8687 -115.6147 -2.1668
vt -162.0942 -109.6908 -2.8794
vt -166.0376 -114.2387 -2.1668
vt -167.8471 -112.4339 -2.1668
vt -163.8658 -107.9619 -2.8780
vt -169.2267 -110.2707 -2.1668
vt -165.2181 -105.8889 -2.8764
vt -170.1062 -107.8193 -2.1668
vt -166.0822 -103.5390 -2.8749
vt -170.4150 -105.1498 -2.1668
vt -166.3891 -100.9795 -2.8734
vt -170.4150 -101.9913 -2.1668
vt -166.3952 -97.9506 -2.8716
vt -4.0807 -112.0060 -2.9313
vt -1.9276 -112.0058 -2.9313
vt -1.9808 -116.7999 -2.1668
vt -4.1887 -116.7999 -2.1668
vt 0.1679 -112.0058 -2.9314
vt 0.1679 -116.7999 -2.1668
vt -170.4150 -99.6300 -2.1668
vt -166.3998 -95.6861 -2.8703
vt -150.4727 -112.1364 -2.8843
vt -154.1496 -116.7999 -2.1668
vt -13.0457 -112.0078 -2.9306
vt -11.3102 -112.0074 -2.9308
vt -11.6019 -116.7999 -2.1668
vt -13.3815 -116.7999 -2.1668
vt -116.4511 -112.1046 -2.8958
vt -82.4294 -112.0727 -2.9072
vt -84.4521 -116.7999 -2.1668
vt -119.3009 -116.7999 -2.1668
vt -170.4150 -97.2687 -2.1668
vt -166.4044 -93.4215 -2.8690
vt -154.0391 -106.8404 -3.3197
vt -151.4848 -107.1227 -3.3197
vt -156.3848 -106.0365 -3.3197
vt -158.4547 -104.7751 -3.3197
vt -160.1816 -103.1209 -3.3197
vt -161.4984 -101.1381 -3.3197
vt -162.3377 -98.8911 -3.3197
vt -162.6324 -96.4444 -3.3197
vt -162.6324 -93.5492 -3.3197
vt -3.9900 -107.1227 -3.3197
vt -1.8828 -107.1227 -3.3197
vt 0.1679 -107.1227 -3.3197
vt -162.6324 -91.3849 -3.3197
vt -147.1091 -107.1227 -3.3197
vt -12.7633 -107.1227 -3.3197
vt -11.0649 -107.1227 -3.3197
vt -113.8503 -107.1227 -3.3197
vt -80.5914 -107.1227 -3.3197
vt -162.6324 -89.2205 -3.3197
vt -3.9900 -14.2942 -3.3197
vt -11.0650 -14.2942 -3.3197
vt -11.0650 -11.6556 -3.3197
vt -3.9900 -11.6556 -3.3197
vt -11.0650 -93.5492 -3.3197
vt -11.0650 -91.3849 -3.3197
vt -3.9900 -91.3849 -3.3197
vt -3.9900 -93.5492 -3.3197
vt -11.0650 -89.2205 -3.3197
vt -12.7633 -91.3849 -3.3197
vt -12.7634 -89.2205 -3.3197
vt -11.0650 -98.8911 -3.3197
vt -11.0650 -96.4444 -3.3197
vt -3.9900 -96.4444 -3.3197
vt -3.9900 -98.8911 -3.3197
vt -12.7633 -96.4444 -3.3197
vt -12.7634 -93.5492 -3.3197
vt -11.0649 -103.1209 -3.3197
vt -11.0649 -101.1381 -3.3197
vt -3.9900 -101.1381 -3.3197
vt -3.9900 -103.1209 -3.3197
vt -12.7633 -101.1381 -3.3197
vt -12.7633 -98.8911 -3.3197
vt -154.0391 -103.1209 -3.3197
vt -151.4848 -103.1209 -3.3197
vt -154.0391 -101.1381 -3.3197
vt -151.4848 -101.1381 -3.3197
vt -154.0391 -98.8911 -3.3197
vt -151.4848 -98.8911 -3.3197
vt -154.0391 -96.4444 -3.3197
vt -151.4848 -96.4444 -3.3197
vt -154.0391 -93.5492 -3.3197
vt -151.4848 -93.5492 -3.3197
vt -154.0391 -91.3849 -3.3197
vt -151.4848 -91.3849 -3.3197
vt -154.0391 -89.2205 -3.3197
vt -151.4848 -89.2205 -3.3197
vt -154.0391 -86.7395 -3.3197
vt -151.4848 -86.7395 -3.3197
vt -147.1091 -14.2942 -3.3197
vt -151.4848 -14.2942 -3.3197
vt -151.4848 -11.6556 -3.3197
vt -147.1091 -11.6556 -3.3197
vt -147.1091 -89.2205 -3.3197
vt -147.1091 -91.3849 -3.3197
vt -147.1091 -93.5492 -3.3197
vt -147.1091 -96.4444 -3.3197
vt -147.1091 -98.8911 -3.3197
vt -147.1091 -101.1381 -3.3197
vt -147.1091 -103.1209 -3.3197
vt -156.3848 -103.1209 -3.3197
vt -156.3848 -101.1381 -3.3197
vt -156.3848 -98.8911 -3.3197
vt -156.3848 -96.4444 -3.3197
vt -156.3848 -93.5492 -3.3197
vt -156.3848 -91.3849 -3.3197
vt -156.3848 -89.2205 -3.3197
vt -162.6324 -86.7395 -3.3197
vt -156.3848 -86.7395 -3.3197
vt -154.0391 -14.2942 -3.3197
vt -156.3848 -14.2942 -3.3197
vt -156.3848 -11.6556 -3.3197
vt -154.0391 -11.6556 -3.3197
vt -14.0737 -107.1227 -3.3197
vt -14.0737 -103.1209 -3.3197
vt -12.7633 -103.1209 -3.3197
vt -14.0737 -101.1381 -3.3197
vt -14.0737 -98.8911 -3.3197
vt -14.0737 -96.4444 -3.3197
vt -14.0737 -93.5492 -3.3197
vt -14.0737 -91.3849 -3.3197
vt -14.0737 -89.2205 -3.3197
vt -14.0737 -86.7395 -3.3197
vt -12.7634 -86.7395 -3.3197
vt 0.1679 -89.2205 -3.3197
vt 0.1679 -91.3849 -3.3197
vt -1.8828 -91.3849 -3.3197
vt -1.8828 -89.2205 -3.3197
vt 0.1679 -93.5492 -3.3197
vt -1.8828 -93.5492 -3.3197
vt 0.1679 -96.4444 -3.3197
vt -1.8828 -96.4444 -3.3197
vt 0.1679 -98.8911 -3.3197
vt -1.8828 -98.8911 -3.3197
vt 0.1679 -101.1381 -3.3197
vt -1.8828 -101.1381 -3.3197
vt 0.1679 -103.1209 -3.3197
vt -1.8828 -103.1209 -3.3197
vt -1.8828 -86.7395 -3.3197
vt 0.1679 -86.7395 -3.3197
vt -170.4150 -11.6556 -2.1668
vt -166.5247 -11.6556 -2.8350
vt -166.5206 -14.4371 -2.8361
vt -170.4150 -14.5679 -2.1668
vt -162.6324 -11.6556 -3.3197
vt -162.6324 -14.2942 -3.3197
vt -3.9900 -89.2205 -3.3197
vt -3.9900 -86.7395 -3.3197
vt -1.8828 13.7777 -3.3197
vt -1.8828 12.3444 -3.3197
vt -3.9900 89.9093 -3.3197
vt -170.4150 76.9497 -2.1668
vt -170.4150 55.9419 -2.1668
vt -14.7545 117.4887 -2.1668
vt -173.8621 -11.6556 -1.1904
vt -173.8621 -14.6452 -1.1904
vt -86.1621 -119.5103 -1.1904
vt -121.7150 -119.5103 -1.1904
vt -172.9856 9.3444 -0.0000
vt -172.9856 12.3444 -0.0000
vt -173.8968 12.3444 -0.0000
vt -173.8968 9.3444 -0.0000
vt -166.5269 9.3444 -2.8343
vt -170.4150 9.3444 -2.1668
vt -174.4510 -8.6556 -0.0000
vt -174.4510 -11.6556 -0.0000
vt -174.2063 -11.6556 -0.0000
vt -174.2063 -8.6556 -0.0000
vt -167.1197 -8.6556 -0.0000
vt -172.9856 -8.6556 -0.0000
vt -172.9856 -11.6556 -0.0000
vt -167.1197 -11.6556 -0.0000
vt -174.4856 -8.6556 -1.0138
vt -173.8621 -8.6556 -1.1904
vt -174.4856 -11.6556 -1.0138
vt -154.0391 -8.6556 -3.3197
vt -151.4848 -8.6556 -3.3197
vt -147.1091 -8.6556 -3.3197
vt -162.6324 -8.6556 -3.3197
vt -156.3848 -8.6556 -3.3197
vt -80.5914 0.3444 -3.3197
vt -80.5914 -2.6556 -3.3197
vt -113.8503 -2.6556 -3.3197
vt -113.8503 0.3444 -3.3197
vt -166.5269 -8.6556 -2.8343
vt -170.4150 -8.6556 -2.1668
vt -172.9856 -2.6556 -0.0000
vt -172.9856 0.3444 -0.0000
vt -173.8968 0.3444 -0.0000
vt -173.8968 -2.6556 -0.0000
vt -166.5313 -2.6556 -2.8331
vt -170.4150 -2.6556 -2.1668
vt -170.4150 0.3444 -2.1668
vt -166.5335 0.3444 -2.8325
vt -174.4510 3.3444 -0.0000
vt -174.4510 0.3444 -0.0000
vt -174.2063 0.3444 -0.0000
vt -174.2063 3.3444 -0.0000
vt -167.1197 3.3444 -0.0000
vt -172.9856 3.3444 -0.0000
vt -167.1197 0.3444 -0.0000
vt -174.4856 3.3444 -1.0138
vt -173.8621 3.3444 -1.1904
vt -173.8621 0.3444 -1.1904
vt -174.4856 0.3444 -1.0138
vt -154.0391 3.3444 -3.3197
vt -151.4848 3.3444 -3.3197
vt -151.4848 0.3444 -3.3197
vt -154.0391 0.3444 -3.3197
vt -147.1091 3.3444 -3.3197
vt -147.1091 0.3444 -3.3197
vt -162.6324 3.3444 -3.3197
vt -156.3848 3.3444 -3.3197
vt -156.3848 0.3444 -3.3197
vt -162.6324 0.3444 -3.3197
vt -80.5914 12.3444 -3.3197
vt -80.5914 9.3444 -3.3197
vt -113.8503 9.3444 -3.3197
vt -113.8503 12.3444 -3.3197
vt -166.5313 3.3444 -2.8331
vt -170.4150 3.3444 -2.1668
vt 0.4222 1.2188 2.3358
vt 0.3423 1.2188 3.8875
vt 0.3423 0.7149 3.8239
vt 0.4222 0.7149 2.2722
vt 0.4207 0.9458 0.7547
vt 0.3392 0.9458 0.7547
vt 0.3392 0.5152 0.7785
vt 0.4207 0.5152 0.7785
vt 0.0095 0.7149 10.2848
vt 0.0739 0.7149 9.0340
vt 0.0739 1.2188 9.0976
vt 0.0095 1.2188 10.3483
vt 0.0000 0.5152 0.7785
vt 0.0657 0.5152 0.7785
vt 0.0657 0.9458 0.7547
vt 0.0000 0.9458 0.7547
vt 0.5000 0.5152 0.7785
vt 0.5000 0.9458 -0.2005
vt 0.5000 1.2188 0.8256
vt 0.5000 0.7149 -0.1750
vt 0.8217 0.1706 0.5000
vt 0.8217 0.2595 0.5000
vt 0.6191 0.2595 0.5000
vt 0.6191 0.1706 0.5000
vt 0.5587 0.1706 0.5000
vt 0.5587 0.2595 0.5000
vt 0.5000 0.2595 0.5000
vt 0.5000 0.1706 0.5000
vt 0.8217 0.5264 0.5000
vt 0.8217 0.6154 0.5000
vt 0.6191 0.6154 0.5000
vt 0.6191 0.5264 0.5000
vt 0.5587 0.5264 0.5000
vt 0.5587 0.6154 0.5000
vt 0.5000 0.6154 0.5000
vt 0.5000 0.5264 0.5000
vt -12.7633 12.3444 -3.3197
vt -12.7633 13.7777 -3.3197
vt -11.0650 -86.7395 -3.3197
vt 0.8703 0.1706 0.5000
vt 0.8703 0.2595 0.5000
vt 0.8703 0.5264 0.5000
vt 0.8703 0.6154 0.5000
vt -15.1106 111.1273 0.0000
vt -15.1106 108.6439 0.0000
vt -50.7910 120.6548 0.0000
vt -86.4714 120.6548 0.0000
vt -86.4714 120.4100 0.0000
vt -50.7910 120.4100 0.0000
vt -86.4714 119.1894 0.0000
vt -50.7910 119.1894 0.0000
vt -50.7910 120.1006 0.0000
vt -86.4714 120.1006 0.0000
vt -86.4714 115.2634 0.0000
vt -50.7910 113.3234 0.0000
vt -50.7910 115.2634 0.0000
vt -86.1620 120.1991 -1.1904
vt -86.4714 120.6894 -1.0138
vt -50.7910 120.6894 -1.0138
vt -50.6091 120.1991 -1.1904
vt -14.3861 112.6979 -2.9302
vt -80.5914 103.8097 -3.3197
vt -47.3326 107.8116 -3.3197
vt -47.3326 103.8097 -3.3197
vt -80.5914 101.8269 -3.3197
vt -47.3326 101.8269 -3.3197
vt -80.5914 99.5799 -3.3197
vt -47.3326 99.5799 -3.3197
vt -80.5914 97.1332 -3.3197
vt -47.3326 97.1332 -3.3197
vt -80.5914 94.2380 -3.3197
vt -47.3326 94.2380 -3.3197
vt -80.5914 92.0737 -3.3197
vt -47.3326 92.0737 -3.3197
vt -80.5914 89.9093 -3.3197
vt -47.3326 89.9093 -3.3197
vt -80.5914 13.7777 -3.3197
vt -47.3326 13.7777 -3.3197
vt -47.3326 12.3444 -3.3197
vt -13.7048 -110.4385 0.0000
vt -15.1106 -107.9550 0.0000
vt -15.1106 -110.4385 0.0000
vt -15.1106 -104.7989 0.0000
vt -86.4714 -119.9660 0.0000
vt -50.7910 -119.9660 0.0000
vt -50.7910 -119.7212 0.0000
vt -86.4714 -119.7212 0.0000
vt -86.4714 -119.4118 0.0000
vt -50.7910 -119.4118 0.0000
vt -50.7910 -118.5006 0.0000
vt -86.4714 -118.5006 0.0000
vt -86.4714 -114.5746 0.0000
vt -50.7910 -114.5746 0.0000
vt -50.7910 -112.6346 0.0000
vt -50.7910 -120.0006 -1.0138
vt -86.4714 -120.0006 -1.0138
vt -50.6091 -119.5103 -1.1904
vt -14.3861 -112.0090 -2.9302
vt -14.7545 -116.7999 -2.1668
vt -80.5914 -103.1209 -3.3197
vt -47.3326 -103.1209 -3.3197
vt -47.3326 -107.1227 -3.3197
vt -80.5914 -101.1381 -3.3197
vt -47.3326 -101.1381 -3.3197
vt -80.5914 -98.8911 -3.3197
vt -47.3326 -98.8911 -3.3197
vt -80.5914 -96.4444 -3.3197
vt -47.3326 -96.4444 -3.3197
vt -80.5914 -93.5492 -3.3197
vt -47.3326 -93.5492 -3.3197
vt -80.5914 -91.3849 -3.3197
vt -47.3326 -91.3849 -3.3197
vt -80.5914 -89.2205 -3.3197
vt -47.3326 -89.2205 -3.3197
vt -80.5914 -86.7395 -3.3197
vt -47.3326 -86.7395 -3.3197
vt -49.6033 117.4887 -2.1668
vt -12.7633 0.3444 -3.3197
vt -12.7633 -2.6556 -3.3197
vt -14.0737 -2.6556 -3.3197
vt -14.0737 0.3444 -3.3197
vt -12.7633 9.3444 -3.3197
vt -14.0737 9.3444 -3.3197
vt -14.0737 12.3444 -3.3197
vt -174.4510 13.9760 -0.0000
vt -174.4510 12.3444 -0.0000
vt -174.2063 12.3444 -0.0000
vt -174.2063 13.9760 -0.0000
vt -172.9856 13.9760 -0.0000
vt -173.8968 13.9760 -0.0000
vt -167.1197 12.3444 -0.0000
vt -167.1197 13.9760 -0.0000
vt -173.8621 12.3444 -1.1904
vt -174.4856 12.3444 -1.0138
vt -174.4856 13.9760 -1.0138
vt -173.8621 13.9684 -1.1904
vt -11.0650 51.8435 -3.3197
vt -3.9900 51.8435 -3.3197
vt -3.9900 32.8106 -3.3197
vt -11.0650 32.8106 -3.3197
vt -147.1091 51.8435 -3.3197
vt -147.1091 32.8106 -3.3197
vt -151.4848 32.8106 -3.3197
vt -154.0391 32.8106 -3.3197
vt -156.3848 32.8106 -3.3197
vt -14.0737 13.7777 -3.3197
vt 0.1679 12.3444 -3.3197
vt 0.1679 13.7777 -3.3197
vt -170.4150 34.9342 -2.1668
vt -166.4635 53.9828 -2.8523
vt -166.4930 33.9191 -2.8440
vt -162.6324 32.8106 -3.3197
vt -1.8828 32.8106 -3.3197
vt -12.7633 32.8106 -3.3197
vt -80.5914 51.8435 -3.3197
vt -80.5914 32.8106 -3.3197
vt -113.8503 32.8106 -3.3197
vt -113.8503 51.8435 -3.3197
vt -174.4510 -14.6592 -0.0000
vt -174.2063 -14.6592 -0.0000
vt -173.8968 -14.6592 -0.0000
vt -172.9856 -14.6592 -0.0000
vt -173.8968 -11.6556 -0.0000
vt -167.1197 -14.6592 -0.0000
vt -174.4856 -14.6592 -1.0138
vt -3.9900 -50.5169 -3.3197
vt -11.0650 -50.5169 -3.3197
vt -11.0650 -32.4055 -3.3197
vt -3.9900 -32.4055 -3.3197
vt -147.1091 -50.5169 -3.3197
vt -151.4848 -50.5169 -3.3197
vt -151.4848 -32.4055 -3.3197
vt -147.1091 -32.4055 -3.3197
vt -154.0391 -50.5169 -3.3197
vt -156.3848 -50.5169 -3.3197
vt -156.3848 -32.4055 -3.3197
vt -154.0391 -32.4055 -3.3197
vt -14.0737 -11.6556 -3.3197
vt -12.7633 -11.6556 -3.3197
vt -12.7633 -14.2942 -3.3197
vt -14.0737 -14.2942 -3.3197
vt -1.8828 -11.6556 -3.3197
vt 0.1679 -11.6556 -3.3197
vt 0.1679 -14.2942 -3.3197
vt -1.8828 -14.2942 -3.3197
vt -166.4644 -52.6216 -2.8520
vt -170.4150 -54.5491 -2.1668
vt -170.4150 -34.5585 -2.1668
vt -166.4925 -33.5293 -2.8441
vt -162.6324 -50.5169 -3.3197
vt -162.6324 -32.4055 -3.3197
vt -173.8621 -55.6871 -1.1904
vt -173.8621 -35.1662 -1.1904
vt -80.5914 -11.6556 -3.3197
vt -80.5914 -14.2942 -3.3197
vt -113.8503 -14.2942 -3.3197
vt -113.8503 -11.6556 -3.3197
vt -174.4510 -55.8930 0.0000
vt -174.4510 -76.5099 0.0000
vt -174.2063 -76.5099 0.0000
vt -174.2063 -55.8930 0.0000
vt -173.8968 -55.8930 0.0000
vt -173.8968 -76.5099 0.0000
vt -172.9856 -76.5099 0.0000
vt -172.9856 -55.8930 0.0000
vt -167.1197 -55.8930 0.0000
vt -167.1197 -76.5099 0.0000
vt -174.4856 -55.8930 -1.0138
vt -173.8621 -76.2081 -1.1904
vt -174.4856 -76.5099 -1.0138
vt -151.4848 -68.6282 -3.3197
vt -154.0391 -68.6282 -3.3197
vt -156.3848 -68.6282 -3.3197
vt -162.6324 -68.6282 -3.3197
vt -14.0737 -50.5169 -3.3197
vt -12.7633 -50.5169 -3.3197
vt -12.7634 -68.6282 -3.3197
vt -14.0737 -68.6282 -3.3197
vt -1.8828 -50.5169 -3.3197
vt 0.1679 -50.5169 -3.3197
vt 0.1679 -68.6282 -3.3197
vt -1.8828 -68.6282 -3.3197
vt -3.9900 -68.6282 -3.3197
vt -11.0650 -68.6282 -3.3197
vt -80.5914 -50.5169 -3.3197
vt -80.5914 -68.6282 -3.3197
vt -113.8503 -68.6282 -3.3197
vt -113.8503 -50.5169 -3.3197
vt -147.1091 -86.7395 -3.3197
vt -170.4150 -94.5303 -2.1668
vt -166.4083 -90.8062 -2.8679
vt -86.1620 -119.5103 -1.1904
vt -80.5914 -8.6556 -3.3197
vt -113.8503 -8.6556 -3.3197
vt -80.5914 3.3444 -3.3197
vt -113.8503 3.3444 -3.3197
vt 0.5778 1.2188 -0.6845
vt 0.5778 0.7149 -0.7481
vt 0.6577 0.7149 -2.2999
vt 0.6577 1.2188 -2.2363
vt 0.5793 0.9458 0.7547
vt 0.5793 0.5152 0.7785
vt 0.6608 0.5152 0.7785
vt 0.6608 0.9458 0.7547
vt 0.9905 0.7149 -8.7607
vt 0.9905 1.2188 -8.6971
vt 0.9261 1.2188 -7.4464
vt 0.9261 0.7149 -7.5100
vt 1.0000 0.5152 0.7785
vt 1.0000 0.9458 0.7547
vt 0.9343 0.9458 0.7547
vt 0.9343 0.5152 0.7785
vt 0.3809 0.2595 0.5000
vt 0.1783 0.2595 0.5000
vt 0.1783 0.1706 0.5000
vt 0.3809 0.1706 0.5000
vt 0.4413 0.2595 0.5000
vt 0.4413 0.1706 0.5000
vt 0.3809 0.6154 0.5000
vt 0.1783 0.6154 0.5000
vt 0.1783 0.5264 0.5000
vt 0.3809 0.5264 0.5000
vt 0.4413 0.6154 0.5000
vt 0.4413 0.5264 0.5000
vt 0.1297 0.2595 0.5000
vt 0.1297 0.1706 0.5000
vt 0.1297 0.6154 0.5000
vt 0.1297 0.5264 0.5000
vt -86.1621 120.1991 -1.1904
vt -47.3326 32.8106 -3.3197
vt -47.3326 51.8435 -3.3197
vt -47.3326 -68.6282 -3.3197
vt -47.3326 -50.5169 -3.3197
vt -174.4510 35.6419 0.0000
vt -174.2063 35.6419 0.0000
vt -172.9856 35.6419 0.0000
vt -173.8968 35.6419 0.0000
vt -167.1197 35.6419 0.0000
vt -173.8621 35.5335 -1.1904
vt -174.4856 35.6419 -1.0138
vt -14.0737 32.8106 -3.3197
vt 0.1679 32.8106 -3.3197
vt -3.9900 70.8764 -3.3197
vt -11.0650 70.8764 -3.3197
vt -147.1091 70.8764 -3.3197
vt -166.4340 74.0465 -2.8607
vt -80.5914 70.8764 -3.3197
vt -113.8503 70.8764 -3.3197
vt -113.8503 89.9093 -3.3197
vt -147.1091 -68.6282 -3.3197
vt -170.4150 -74.5397 -2.1668
vt -166.4364 -71.7139 -2.8600
vt -174.4510 -35.2761 0.0000
vt -174.2063 -35.2761 0.0000
vt -173.8968 -35.2761 0.0000
vt -172.9856 -35.2761 0.0000
vt -167.1197 -35.2761 0.0000
vt -174.4856 -35.2761 -1.0138
vt -12.7633 -32.4055 -3.3197
vt -14.0737 -32.4055 -3.3197
vt 0.1679 -32.4055 -3.3197
vt -1.8828 -32.4055 -3.3197
vt -80.5914 -32.4055 -3.3197
vt -113.8503 -32.4055 -3.3197
vt -47.3326 70.8764 -3.3197
vt -113.8503 13.7777 -3.3197
vt -47.3326 -32.4055 -3.3197
vt -47.3326 -14.2942 -3.3197
vt -113.8503 -86.7395 -3.3197
vt -50.7910 111.1273 0.0000
vt -50.7910 108.6439 0.0000
vt -48.4078 112.7297 -2.9187
vt -50.7910 -107.9550 0.0000
vt -50.7910 -110.4385 0.0000
vt -50.7910 -104.7989 0.0000
vt -48.4078 -112.0409 -2.9187
vt -49.6033 -116.7999 -2.1668
vt -47.3326 -2.6556 -3.3197
vt -47.3326 0.3444 -3.3197
vt -47.3326 9.3444 -3.3197
vt -122.1517 120.6548 0.0000
vt -122.1517 120.4100 0.0000
vt -122.1517 119.1894 0.0000
vt -122.1517 120.1006 0.0000
vt -122.1517 115.2634 0.0000
vt -122.1517 120.6894 -1.0138
vt -121.7150 120.1991 -1.1904
vt -113.8503 103.8097 -3.3197
vt -113.8503 101.8269 -3.3197
vt -113.8503 99.5800 -3.3197
vt -113.8503 97.1332 -3.3197
vt -113.8503 94.2380 -3.3197
vt -113.8503 92.0737 -3.3197
vt -122.1517 -119.9660 0.0000
vt -122.1517 -119.7212 0.0000
vt -122.1517 -119.4118 0.0000
vt -122.1517 -118.5006 0.0000
vt -122.1517 -114.5746 0.0000
vt -122.1517 -120.0006 -1.0138
vt -113.8502 -103.1209 -3.3197
vt -113.8503 -101.1381 -3.3197
vt -113.8503 -98.8911 -3.3197
vt -113.8503 -96.4444 -3.3197
vt -113.8503 -93.5492 -3.3197
vt -113.8503 -91.3849 -3.3197
vt -113.8503 -89.2205 -3.3197
vt -47.3326 -11.6556 -3.3197
vt -14.0737 -8.6556 -3.3197
vt -47.3326 -8.6556 -3.3197
vt -147.1091 -2.6556 -3.3197
vt -14.0737 3.3444 -3.3197
vt -47.3326 3.3444 -3.3197
vt -147.1091 9.3444 -3.3197
vt -113.8503 -103.1209 -3.3197
vt -172.9856 6.3444 -0.0000
vt -173.8968 6.3444 -0.0000
vt -173.8968 3.3444 -0.0000
vt -170.4150 6.3444 -2.1668
vt -166.5291 6.3444 -2.8337
vt -174.4510 -2.6556 -0.0000
vt -174.4510 -5.6556 -0.0000
vt -174.2063 -5.6556 -0.0000
vt -174.2063 -2.6556 -0.0000
vt -167.1197 -2.6556 -0.0000
vt -172.9856 -5.6556 -0.0000
vt -167.1197 -5.6556 -0.0000
vt -174.4856 -2.6556 -1.0138
vt -173.8621 -2.6556 -1.1904
vt -173.8621 -5.6556 -1.1904
vt -174.4856 -5.6556 -1.0138
vt -154.0391 -2.6556 -3.3197
vt -151.4848 -2.6556 -3.3197
vt -151.4848 -5.6556 -3.3197
vt -154.0391 -5.6556 -3.3197
vt -147.1091 -5.6556 -3.3197
vt -162.6324 -2.6556 -3.3197
vt -156.3848 -2.6556 -3.3197
vt -156.3848 -5.6556 -3.3197
vt -162.6324 -5.6556 -3.3197
vt -113.8503 -5.6556 -3.3197
vt -80.5914 -5.6556 -3.3197
vt -166.5291 -5.6556 -2.8337
vt -170.4150 -5.6556 -2.1668
vt -173.8968 -5.6556 -0.0000
vt -173.8968 -8.6556 -0.0000
vt -174.4510 9.3444 -0.0000
vt -174.4510 6.3444 -0.0000
vt -174.2063 6.3444 -0.0000
vt -174.2063 9.3444 -0.0000
vt -167.1197 9.3444 -0.0000
vt -167.1197 6.3444 -0.0000
vt -174.4856 9.3444 -1.0138
vt -173.8621 9.3444 -1.1904
vt -173.8621 6.3444 -1.1904
vt -174.4856 6.3444 -1.0138
vt -154.0391 9.3444 -3.3197
vt -151.4848 9.3444 -3.3197
vt -151.4848 6.3444 -3.3197
vt -154.0391 6.3444 -3.3197
vt -147.1091 6.3444 -3.3197
vt -162.6324 9.3444 -3.3197
vt -156.3848 9.3444 -3.3197
vt -156.3848 6.3444 -3.3197
vt -162.6324 6.3444 -3.3197
vt -113.8503 6.3444 -3.3197
vt -80.5914 6.3444 -3.3197
vt 0.8217 0.4375 0.5000
vt 0.6191 0.4375 0.5000
vt 0.6191 0.3485 0.5000
vt 0.8217 0.3485 0.5000
vt 0.5587 0.4375 0.5000
vt 0.5000 0.4375 0.5000
vt 0.5000 0.3485 0.5000
vt 0.5587 0.3485 0.5000
vt 0.8217 0.7933 0.5000
vt 0.6191 0.7933 0.5000
vt 0.6191 0.7043 0.5000
vt 0.8217 0.7043 0.5000
vt 0.5587 0.7933 0.5000
vt 0.5000 0.7933 0.5000
vt 0.5000 0.7043 0.5000
vt 0.5587 0.7043 0.5000
vt 0.8703 0.4375 0.5000
vt 0.8703 0.3485 0.5000
vt 0.8703 0.7933 0.5000
vt 0.8703 0.7043 0.5000
vt -12.7633 -8.6556 -3.3197
vt -14.0737 -5.6556 -3.3197
vt -12.7633 -5.6556 -3.3197
vt -12.7633 3.3444 -3.3197
vt -14.0737 6.3444 -3.3197
vt -12.7633 6.3444 -3.3197
vt 0.3809 0.4375 0.5000
vt 0.1783 0.4375 0.5000
vt 0.1783 0.3485 0.5000
vt 0.3809 0.3485 0.5000
vt 0.4413 0.4375 0.5000
vt 0.4413 0.3485 0.5000
vt 0.3809 0.7933 0.5000
vt 0.1783 0.7933 0.5000
vt 0.1783 0.7043 0.5000
vt 0.3809 0.7043 0.5000
vt 0.4413 0.7933 0.5000
vt 0.4413 0.7043 0.5000
vt 0.1297 0.4375 0.5000
vt 0.1297 0.3485 0.5000
vt 0.1297 0.7933 0.5000
vt 0.1297 0.7043 0.5000
vt -47.3326 -5.6556 -3.3197
vt -47.3326 6.3444 -3.3197
vt 0.8217 0.8823 0.5000
vt 0.6191 0.8823 0.5000
vt 0.5587 0.8823 0.5000
vt 0.5000 0.8823 0.5000
vt 0.8703 0.8823 0.5000
vt 0.3809 0.8823 0.5000
vt 0.1783 0.8823 0.5000
vt 0.4413 0.8823 0.5000
vt 0.1297 0.8823 0.5000
vt 0.1679 113.3234 0.0000
vt 0.1718 0.8282 0.0273
vt 0.0359 0.5000 0.8867
vt 0.0641 0.5000 0.9609
vt 0.1918 0.8082 0.1367
vt 0.1718 0.1718 0.8633
vt 0.1918 0.1918 0.9141
vt 0.5000 0.0359 0.8633
vt 0.5000 0.0641 0.9141
vt 0.8282 0.1718 0.8633
vt 0.8082 0.1918 0.9141
vt 0.9641 0.5000 0.8867
vt 0.9359 0.5000 0.9609
vt 0.8282 0.8282 0.0273
vt 0.8082 0.8082 0.1367
vt 0.5000 0.9641 0.0391
vt 0.5000 0.9359 0.1641
vt 0.5000 0.5000 0.4648
vt 0.5000 -0.0942 1.0000
vt 0.5000 0.7012 0.3307
vt 0.4207 0.7012 0.3307
vt 0.4207 -0.0942 1.0000
vt 0.3392 0.7012 0.3307
vt 0.3392 -0.0942 1.0000
vt 0.0657 0.7012 0.3307
vt 0.0657 -0.0942 1.0000
vt 0.5000 0.1349 0.7995
vt 0.4207 0.1349 0.7995
vt 0.3392 0.1349 0.7995
vt 0.0657 0.1349 0.7995
vt 0.0000 0.7012 0.3307
vt 0.0000 -0.0942 1.0000
vt 0.0000 0.1349 0.7995
vt 0.5793 -0.0942 1.0000
vt 0.5793 0.7012 0.3307
vt 0.6608 -0.0942 1.0000
vt 0.6608 0.7012 0.3307
vt 0.9343 -0.0942 1.0000
vt 0.9343 0.7012 0.3307
vt 0.5793 0.1349 0.7995
vt 0.6608 0.1349 0.7995
vt 0.9343 0.1349 0.7995
vt 1.0000 0.7012 0.3307
vt 1.0000 -0.0942 1.0000
vt 1.0000 0.1349 0.7995
vt 0.0113 0.9805 0.3614
vt 0.0185 0.9805 0.3614
vt 0.0185 0.9951 0.5420
vt 0.0113 0.9951 0.5420
vt 0.0318 0.9805 0.3614
vt 0.0318 0.9951 0.5420
vt 0.4936 0.9805 0.4071
vt 0.5000 0.9805 0.4071
vt 0.5000 0.9951 1.0000
vt 0.4936 0.9951 0.7079
vt 0.0050 0.9951 0.5420
vt 0.0050 0.9805 0.3614
vt 0.2500 0.9805 0.4071
vt 0.2500 0.9951 0.4158
vt 0.1470 0.9951 0.4158
vt 0.1470 0.9805 0.4071
vt 0.4871 0.9951 0.4158
vt 0.4871 0.9805 0.4071
vt 0.4652 0.9805 0.4071
vt 0.4652 0.9951 0.4158
vt 0.4599 0.9951 0.4158
vt 0.4599 0.9805 0.4071
vt 0.0113 0.5559 0.1807
vt 0.0050 0.5559 0.1807
vt 0.0050 0.5483 0.1807
vt 0.0113 0.5483 0.1807
vt 0.0113 0.9692 0.3614
vt 0.0185 0.9692 0.3614
vt 0.0318 0.9692 0.3614
vt 0.4936 0.9692 0.4004
vt 0.5000 0.9692 0.4004
vt 0.0050 0.9580 0.5420
vt 0.0113 0.9580 0.5420
vt 0.0050 0.9692 0.3614
vt 0.0113 0.7569 0.3614
vt 0.0185 0.7569 0.3614
vt 0.0185 0.8575 0.3614
vt 0.0113 0.8575 0.3614
vt 0.0318 0.7569 0.3614
vt 0.0318 0.8575 0.3614
vt 0.4871 0.9580 0.3938
vt 0.4936 0.9580 0.3938
vt 0.4871 0.9692 0.4004
vt 0.4652 0.9692 0.4004
vt 0.4559 0.9805 0.4071
vt 0.4559 0.9692 0.4004
vt 0.4599 0.9692 0.4004
vt 0.0185 0.9580 0.5420
vt 0.0318 0.9580 0.5420
vt 0.5000 0.9580 0.3938
vt 0.4652 0.9580 0.3938
vt 0.4559 0.9580 0.3938
vt 0.4599 0.9580 0.3938
vt 0.0050 0.4370 0.1807
vt 0.0050 0.4231 0.1807
vt 0.0113 0.4231 0.1807
vt 0.0113 0.4370 0.1807
vt 0.0185 0.0049 0.3614
vt 0.0185 0.0161 0.3614
vt 0.0113 0.0161 0.3614
vt 0.0113 0.0049 0.3614
vt 0.0318 0.0049 0.3614
vt 0.0318 0.0161 0.3614
vt 0.5000 0.0049 0.4071
vt 0.5000 0.0161 0.4004
vt 0.4936 0.0161 0.4004
vt 0.4936 0.0049 0.4071
vt 0.0050 0.0274 0.5420
vt 0.0050 0.0161 0.3614
vt 0.0113 0.0274 0.5420
vt 0.0185 0.0274 0.5420
vt 0.0185 0.0405 0.3614
vt 0.0113 0.0405 0.3614
vt 0.0318 0.0274 0.9034
vt 0.0318 0.0405 0.9034
vt 0.4871 0.0274 0.7896
vt 0.4871 0.0161 0.4004
vt 0.4936 0.0274 0.7896
vt 0.4652 0.0161 0.4004
vt 0.4652 0.0049 0.4071
vt 0.4871 0.0049 0.4071
vt 0.4599 0.0161 0.4004
vt 0.4559 0.0161 0.4004
vt 0.4559 0.0049 0.4071
vt 0.4599 0.0049 0.4071
vt 0.5000 0.0274 0.7896
vt 0.0050 0.0049 0.3614
vt 0.4652 0.0274 0.7896
vt 0.4599 0.0274 0.7896
vt 0.4559 0.0274 0.7896
vt 0.0050 0.5344 0.1807
vt 0.0113 0.5344 0.1807
vt 0.0185 0.5344 0.1807
vt 0.0185 0.5483 0.1807
vt 0.0318 0.4509 0.1807
vt 0.0185 0.4509 0.1807
vt 0.0185 0.4370 0.1807
vt 0.0318 0.4370 0.1807
vt 0.0050 0.4788 0.1807
vt 0.0113 0.4788 0.1807
vt 0.0113 0.4927 0.1807
vt 0.0050 0.4927 0.1807
vt 0.0185 0.4788 0.1807
vt 0.0185 0.4927 0.1807
vt 0.0318 0.5066 0.1807
vt 0.0185 0.5066 0.1807
vt 0.0318 0.4927 0.1807
vt 0.2500 0.5483 0.1514
vt 0.2500 0.5559 0.1559
vt 0.1470 0.5559 0.1559
vt 0.1470 0.5483 0.1514
vt 0.2500 0.4231 0.2415
vt 0.2500 0.4370 0.2222
vt 0.1470 0.4370 0.2105
vt 0.1470 0.4231 0.2302
vt 0.4936 0.7569 0.2748
vt 0.5000 0.7569 0.2748
vt 0.5000 0.8575 0.3343
vt 0.4936 0.8575 0.3343
vt 0.5000 0.0405 0.7722
vt 0.4936 0.0405 0.7722
vt 0.4936 0.5483 0.1514
vt 0.4936 0.5559 0.1559
vt 0.4871 0.5559 0.1559
vt 0.4871 0.5483 0.1514
vt 0.4871 0.0405 0.7722
vt 0.4652 0.5483 0.1514
vt 0.4652 0.5559 0.1559
vt 0.4599 0.5559 0.1559
vt 0.4599 0.5483 0.1514
vt 0.4652 0.0405 0.7722
vt 0.4599 0.0405 0.7722
vt 0.4936 0.5344 0.1532
vt 0.5000 0.5344 0.1532
vt 0.5000 0.5483 0.1514
vt 0.2500 0.4927 0.1526
vt 0.2500 0.5066 0.1523
vt 0.1470 0.5066 0.1501
vt 0.1470 0.4927 0.1497
vt 0.4871 0.5344 0.1532
vt 0.4599 0.5344 0.1532
vt 0.4652 0.5344 0.1532
vt 0.4936 0.4788 0.1805
vt 0.5000 0.4788 0.1805
vt 0.5000 0.4927 0.1586
vt 0.4936 0.4927 0.1586
vt 0.2500 0.4509 0.2048
vt 0.1470 0.4509 0.1953
vt 0.4871 0.4788 0.1805
vt 0.4871 0.4927 0.1586
vt 0.4599 0.4788 0.1805
vt 0.4652 0.4788 0.1805
vt 0.4652 0.4927 0.1586
vt 0.4599 0.4927 0.1586
vt 0.4871 0.5066 0.1568
vt 0.4652 0.5066 0.1568
vt 0.4871 0.4370 0.2461
vt 0.4871 0.4509 0.2242
vt 0.4652 0.4509 0.2242
vt 0.4652 0.4370 0.2461
vt 0.4559 0.9951 0.4158
vt 0.2500 0.9692 0.4004
vt 0.3529 0.9692 0.4004
vt 0.3529 0.9805 0.4071
vt 0.2500 0.9580 0.3938
vt 0.3529 0.9580 0.3938
vt 0.2500 0.0161 0.4004
vt 0.2500 0.0049 0.4071
vt 0.3529 0.0049 0.4071
vt 0.3529 0.0161 0.4004
vt 0.2500 0.0274 0.7896
vt 0.3529 0.0274 0.7896
vt 0.4559 0.5559 0.1559
vt 0.4559 0.5483 0.1514
vt 0.4559 0.0405 0.7722
vt 0.4599 0.5066 0.1568
vt 0.4559 0.5066 0.1567
vt 0.4559 0.4927 0.1585
vt 0.4599 0.4370 0.2461
vt 0.4599 0.4509 0.2242
vt 0.4559 0.4509 0.2239
vt 0.4559 0.4370 0.2457
vt 0.0050 0.7569 0.3614
vt 0.0050 0.6564 0.1807
vt 0.0113 0.6564 0.1807
vt 0.0185 0.5559 0.1807
vt 0.0318 0.5483 0.1807
vt 0.0318 0.5559 0.1807
vt 0.2500 0.7569 0.2748
vt 0.2500 0.6564 0.2154
vt 0.3529 0.6564 0.2154
vt 0.3529 0.7569 0.2748
vt 0.5000 0.5559 0.1559
vt 0.4871 0.7569 0.2748
vt 0.4871 0.6564 0.2154
vt 0.4936 0.6564 0.2154
vt 0.4652 0.7569 0.2748
vt 0.4599 0.7569 0.2748
vt 0.4599 0.6564 0.2154
vt 0.4652 0.6564 0.2154
vt 0.4559 0.7569 0.2748
vt 0.4559 0.6564 0.2154
vt 0.0050 0.2318 0.1807
vt 0.0113 0.2318 0.1807
vt 0.0113 0.3274 0.1807
vt 0.0050 0.3274 0.1807
vt 0.0185 0.4231 0.1807
vt 0.0318 0.4231 0.1807
vt 0.2500 0.2318 0.5065
vt 0.2500 0.3274 0.3740
vt 0.1470 0.3274 0.3654
vt 0.1470 0.2318 0.5006
vt 0.5000 0.4370 0.2461
vt 0.4936 0.4370 0.2461
vt 0.4936 0.4231 0.2646
vt 0.5000 0.4231 0.2646
vt 0.4871 0.4231 0.2646
vt 0.4599 0.4231 0.2646
vt 0.4652 0.4231 0.2646
vt 0.4559 0.4231 0.2642
vt 0.0185 0.2318 0.1807
vt 0.0113 0.1361 0.3614
vt 0.0185 0.1361 0.3614
vt 0.0318 0.2318 0.3614
vt 0.0318 0.1361 0.7227
vt 0.5000 0.2318 0.5184
vt 0.4936 0.2318 0.5184
vt 0.4936 0.1361 0.6453
vt 0.5000 0.1361 0.6453
vt 0.4871 0.2318 0.5184
vt 0.4871 0.1361 0.6453
vt 0.4652 0.2318 0.5184
vt 0.4599 0.2318 0.5184
vt 0.4599 0.1361 0.6453
vt 0.4652 0.1361 0.6453
vt 0.4559 0.2318 0.5182
vt 0.4559 0.1361 0.6452
vt 0.0050 0.0405 0.3614
vt 0.2500 0.0405 0.7715
vt 0.1470 0.0405 0.7711
vt 0.1470 0.0274 0.7896
vt 0.9887 0.9805 0.3614
vt 0.9887 0.9951 0.5420
vt 0.9815 0.9951 0.5420
vt 0.9815 0.9805 0.3614
vt 0.9682 0.9951 0.5420
vt 0.9682 0.9805 0.3614
vt 0.5063 0.9805 0.4071
vt 0.5063 0.9951 0.7079
vt 0.9950 0.9805 0.3614
vt 0.9950 0.9951 0.5420
vt 0.7500 0.9951 0.4158
vt 0.7500 0.9805 0.4071
vt 0.8529 0.9805 0.4071
vt 0.8529 0.9951 0.4158
vt 0.5128 0.9805 0.4071
vt 0.5128 0.9951 0.4158
vt 0.5347 0.9805 0.4071
vt 0.5400 0.9805 0.4071
vt 0.5400 0.9951 0.4158
vt 0.5347 0.9951 0.4158
vt 0.9887 0.5559 0.1807
vt 0.9887 0.5483 0.1807
vt 0.9950 0.5483 0.1807
vt 0.9950 0.5559 0.1807
vt 0.9815 0.9692 0.3614
vt 0.9887 0.9692 0.3614
vt 0.9682 0.9692 0.3614
vt 0.5063 0.9692 0.4004
vt 0.9950 0.9580 0.7227
vt 0.9950 0.9692 0.3614
vt 0.9887 0.9580 0.7227
vt 0.9815 0.7569 0.3614
vt 0.9887 0.7569 0.3614
vt 0.9887 0.8575 0.3614
vt 0.9815 0.8575 0.3614
vt 0.9682 0.7569 0.3614
vt 0.9682 0.8575 0.3614
vt 0.5128 0.9580 0.3938
vt 0.5128 0.9692 0.4004
vt 0.5063 0.9580 0.3938
vt 0.5347 0.9692 0.4004
vt 0.5440 0.9805 0.4071
vt 0.5400 0.9692 0.4004
vt 0.5440 0.9692 0.4004
vt 0.9815 0.9580 0.7227
vt 0.9682 0.9580 0.7227
vt 0.5347 0.9580 0.3938
vt 0.5400 0.9580 0.3938
vt 0.5440 0.9580 0.3938
vt 0.9950 0.4370 0.1807
vt 0.9887 0.4370 0.1807
vt 0.9887 0.4231 0.1807
vt 0.9950 0.4231 0.1807
vt 0.9815 0.0049 0.3614
vt 0.9887 0.0049 0.3614
vt 0.9887 0.0161 0.3614
vt 0.9815 0.0161 0.3614
vt 0.9682 0.0049 0.3614
vt 0.9682 0.0161 0.3614
vt 0.5063 0.0049 0.4071
vt 0.5063 0.0161 0.4004
vt 0.9950 0.0274 0.5420
vt 0.9887 0.0274 0.5420
vt 0.9950 0.0161 0.3614
vt 0.9815 0.0274 0.5420
vt 0.9887 0.0405 0.3614
vt 0.9815 0.0405 0.3614
vt 0.9682 0.0274 0.9034
vt 0.9682 0.0405 0.9034
vt 0.5128 0.0274 0.7896
vt 0.5063 0.0274 0.7896
vt 0.5128 0.0161 0.4004
vt 0.5128 0.0049 0.4071
vt 0.5347 0.0049 0.4071
vt 0.5347 0.0161 0.4004
vt 0.5400 0.0161 0.4004
vt 0.5400 0.0049 0.4071
vt 0.5440 0.0049 0.4071
vt 0.5440 0.0161 0.4004
vt 0.9950 0.0049 0.3614
vt 0.5347 0.0274 0.7896
vt 0.5400 0.0274 0.7896
vt 0.5440 0.0274 0.7896
vt 0.9887 0.5344 0.1807
vt 0.9950 0.5344 0.1807
vt 0.9815 0.5483 0.1807
vt 0.9815 0.5344 0.1807
vt 0.9815 0.4370 0.1807
vt 0.9815 0.4509 0.1807
vt 0.9682 0.4509 0.1807
vt 0.9682 0.4370 0.1807
vt 0.9887 0.4927 0.1807
vt 0.9887 0.4788 0.1807
vt 0.9950 0.4788 0.1807
vt 0.9950 0.4927 0.1807
vt 0.9815 0.4927 0.1807
vt 0.9815 0.4788 0.1807
vt 0.9815 0.5066 0.3614
vt 0.9682 0.5066 0.3614
vt 0.9682 0.4927 0.1807
vt 0.7500 0.5559 0.1559
vt 0.7500 0.5483 0.1514
vt 0.8529 0.5483 0.1514
vt 0.8529 0.5559 0.1559
vt 0.7500 0.4370 0.2222
vt 0.7500 0.4231 0.2415
vt 0.8529 0.4231 0.2302
vt 0.8529 0.4370 0.2105
vt 0.5063 0.7569 0.2748
vt 0.5063 0.8575 0.3343
vt 0.5063 0.0405 0.7722
vt 0.5063 0.5483 0.1514
vt 0.5128 0.5483 0.1514
vt 0.5128 0.5559 0.1559
vt 0.5063 0.5559 0.1559
vt 0.5128 0.0405 0.7722
vt 0.5347 0.5483 0.1514
vt 0.5400 0.5483 0.1514
vt 0.5400 0.5559 0.1559
vt 0.5347 0.5559 0.1559
vt 0.5400 0.0405 0.7722
vt 0.5347 0.0405 0.7722
vt 0.5063 0.5344 0.1532
vt 0.7500 0.5344 0.1517
vt 0.8529 0.5344 0.1510
vt 0.5128 0.5344 0.1532
vt 0.5347 0.5344 0.1532
vt 0.5400 0.5344 0.1532
vt 0.5063 0.4788 0.1805
vt 0.5063 0.4927 0.1586
vt 0.7500 0.4927 0.1526
vt 0.7500 0.4788 0.1700
vt 0.8529 0.4788 0.1649
vt 0.8529 0.4927 0.1497
vt 0.5128 0.4788 0.1805
vt 0.5128 0.4927 0.1586
vt 0.5347 0.4927 0.1586
vt 0.5347 0.4788 0.1805
vt 0.5400 0.4788 0.1805
vt 0.5400 0.4927 0.1586
vt 0.5347 0.5066 0.1568
vt 0.5128 0.5066 0.1568
vt 0.5347 0.4509 0.2242
vt 0.5128 0.4509 0.2242
vt 0.5128 0.4370 0.2461
vt 0.5347 0.4370 0.2461
vt 0.5440 0.9951 0.4158
vt 0.7500 0.9692 0.4004
vt 0.6470 0.9805 0.4071
vt 0.6470 0.9692 0.4004
vt 0.7500 0.9580 0.3938
vt 0.6470 0.9580 0.3938
vt 0.7500 0.0049 0.4071
vt 0.7500 0.0161 0.4004
vt 0.6470 0.0161 0.4004
vt 0.6470 0.0049 0.4071
vt 0.7500 0.0274 0.7896
vt 0.6470 0.0274 0.7896
vt 0.5440 0.5483 0.1514
vt 0.5440 0.5559 0.1559
vt 0.5440 0.0405 0.7722
vt 0.5440 0.5066 0.1567
vt 0.5400 0.5066 0.1568
vt 0.5440 0.4927 0.1585
vt 0.5440 0.4509 0.2239
vt 0.5400 0.4509 0.2242
vt 0.5400 0.4370 0.2461
vt 0.5440 0.4370 0.2457
vt 0.9950 0.7569 0.3614
vt 0.9887 0.6564 0.1807
vt 0.9950 0.6564 0.1807
vt 0.9815 0.5559 0.1807
vt 0.9682 0.5559 0.1807
vt 0.9682 0.5483 0.1807
vt 0.7500 0.7569 0.2748
vt 0.7500 0.6564 0.2154
vt 0.8529 0.6564 0.2154
vt 0.8529 0.7569 0.2748
vt 0.5128 0.7569 0.2748
vt 0.5063 0.6564 0.2154
vt 0.5128 0.6564 0.2154
vt 0.5400 0.7569 0.2748
vt 0.5347 0.7569 0.2748
vt 0.5347 0.6564 0.2154
vt 0.5400 0.6564 0.2154
vt 0.5440 0.7569 0.2748
vt 0.5440 0.6564 0.2154
vt 0.9887 0.2318 0.1807
vt 0.9950 0.2318 0.1807
vt 0.9950 0.3274 0.1807
vt 0.9887 0.3274 0.1807
vt 0.9815 0.4231 0.1807
vt 0.9682 0.4231 0.1807
vt 0.7500 0.2318 0.5065
vt 0.7500 0.3274 0.3740
vt 0.6470 0.3274 0.3826
vt 0.6470 0.2318 0.5123
vt 0.5063 0.4231 0.2646
vt 0.5063 0.4370 0.2461
vt 0.5128 0.4231 0.2646
vt 0.5347 0.4231 0.2646
vt 0.5400 0.4231 0.2646
vt 0.5440 0.4231 0.2642
vt 0.9815 0.2318 0.1807
vt 0.9815 0.1361 0.3614
vt 0.9887 0.1361 0.3614
vt 0.9682 0.2318 0.3614
vt 0.9682 0.1361 0.7227
vt 0.5063 0.2318 0.5184
vt 0.5063 0.1361 0.6453
vt 0.5128 0.2318 0.5184
vt 0.5128 0.1361 0.6453
vt 0.5400 0.2318 0.5184
vt 0.5347 0.2318 0.5184
vt 0.5347 0.1361 0.6453
vt 0.5400 0.1361 0.6453
vt 0.5440 0.2318 0.5182
vt 0.5440 0.1361 0.6452
vt 0.9950 0.0405 0.3614
vt 0.7500 0.0405 0.7715
vt 0.8529 0.0274 0.7896
vt 0.8529 0.0405 0.7711
vt 0.0185 0.6564 0.1807
vt 0.0318 0.6564 0.1807
vt 0.5000 0.6564 0.2154
vt 0.0050 0.8575 0.3614
vt 0.2500 0.8575 0.3343
vt 0.3529 0.8575 0.3343
vt 0.1470 0.6564 0.2154
vt 0.4871 0.8575 0.3343
vt 0.4599 0.8575 0.3343
vt 0.4652 0.8575 0.3343
vt 0.4559 0.8575 0.3343
vt 0.0050 0.1361 0.3614
vt 0.2500 0.1361 0.6390
vt 0.1470 0.1361 0.6359
vt 0.3529 0.3274 0.3826
vt 0.3529 0.4231 0.2528
vt 0.0185 0.3274 0.1807
vt 0.0318 0.3274 0.3614
vt 0.4936 0.3274 0.3915
vt 0.5000 0.3274 0.3915
vt 0.4871 0.3274 0.3915
vt 0.4599 0.3274 0.3915
vt 0.4652 0.3274 0.3915
vt 0.4559 0.3274 0.3912
vt 0.9815 0.6564 0.1807
vt 0.9682 0.6564 0.1807
vt 0.9950 0.8575 0.3614
vt 0.7500 0.8575 0.3343
vt 0.8529 0.8575 0.3343
vt 0.8529 0.9580 0.3938
vt 0.6470 0.6564 0.2154
vt 0.6470 0.5559 0.1559
vt 0.5128 0.8575 0.3343
vt 0.5347 0.8575 0.3343
vt 0.5400 0.8575 0.3343
vt 0.5440 0.8575 0.3343
vt 0.9950 0.1361 0.3614
vt 0.7500 0.1361 0.6390
vt 0.6470 0.1361 0.6421
vt 0.6470 0.0405 0.7718
vt 0.8529 0.3274 0.3654
vt 0.9815 0.3274 0.1807
vt 0.9682 0.3274 0.3614
vt 0.5063 0.3274 0.3915
vt 0.5128 0.3274 0.3915
vt 0.5347 0.3274 0.3915
vt 0.5400 0.3274 0.3915
vt 0.5440 0.3274 0.3912
vt 0.3529 0.9951 0.4158
vt 0.3529 0.5559 0.1559
vt 0.3529 0.5483 0.1514
vt 0.3529 0.4370 0.2339
vt 0.3529 0.5066 0.1545
vt 0.3529 0.4927 0.1556
vt 0.0318 0.5344 0.1807
vt 0.1470 0.5344 0.1510
vt 0.3529 0.4509 0.2143
vt 0.0318 0.4788 0.1807
vt 0.1470 0.4788 0.1649
vt 0.1470 0.9692 0.4004
vt 0.1470 0.9580 0.3938
vt 0.1470 0.0049 0.4071
vt 0.1470 0.0161 0.4004
vt 0.1470 0.7569 0.2748
vt 0.3529 0.2318 0.5123
vt 0.3529 0.0405 0.7718
vt 0.6470 0.9951 0.4158
vt 0.6470 0.5483 0.1514
vt 0.6470 0.4231 0.2528
vt 0.6470 0.4370 0.2339
vt 0.5440 0.5344 0.1532
vt 0.6470 0.5344 0.1524
vt 0.8529 0.5066 0.1501
vt 0.5440 0.4788 0.1803
vt 0.6470 0.4788 0.1752
vt 0.6470 0.4927 0.1556
vt 0.8529 0.4509 0.1953
vt 0.8529 0.9692 0.4004
vt 0.8529 0.0161 0.4004
vt 0.8529 0.0049 0.4071
vt 0.6470 0.7569 0.2748
vt 0.8529 0.2318 0.5006
vt 0.1470 0.8575 0.3343
vt 0.3529 0.1361 0.6421
vt 0.6470 0.8575 0.3343
vt 0.8529 0.1361 0.6359
vt 0.0050 0.5066 0.1807
vt 0.0113 0.5066 0.1807
vt 0.0113 0.5205 -0.0000
vt 0.0050 0.5205 -0.0000
vt 0.0185 0.5205 -0.0000
vt 0.0185 0.4648 0.1807
vt 0.0318 0.4648 0.1807
vt 0.0050 0.4509 0.1807
vt 0.0113 0.4509 0.1807
vt 0.0113 0.4648 0.1807
vt 0.0050 0.4648 0.1807
vt 0.0318 0.5205 -0.0000
vt 0.4936 0.5066 0.1568
vt 0.5000 0.5066 0.1568
vt 0.5000 0.5205 0.1550
vt 0.4936 0.5205 0.1550
vt 0.2500 0.5344 0.1517
vt 0.1470 0.5205 0.1505
vt 0.2500 0.5205 0.1520
vt 0.4871 0.5205 0.1550
vt 0.4652 0.5205 0.1550
vt 0.4599 0.5205 0.1550
vt 0.4936 0.4509 0.2242
vt 0.5000 0.4509 0.2242
vt 0.5000 0.4648 0.2024
vt 0.4936 0.4648 0.2024
vt 0.2500 0.4788 0.1700
vt 0.1470 0.4648 0.1801
vt 0.2500 0.4648 0.1874
vt 0.4871 0.4648 0.2024
vt 0.4652 0.4648 0.2024
vt 0.4599 0.4648 0.2024
vt 0.4559 0.5344 0.1532
vt 0.4559 0.5205 0.1549
vt 0.4559 0.4788 0.1803
vt 0.4559 0.4648 0.2021
vt 0.9887 0.5066 0.3614
vt 0.9950 0.5066 0.3614
vt 0.9950 0.5205 -0.0000
vt 0.9887 0.5205 -0.0000
vt 0.9815 0.5205 -0.0000
vt 0.9682 0.4788 0.1807
vt 0.9682 0.4648 0.1807
vt 0.9815 0.4648 0.1807
vt 0.9887 0.4509 0.1807
vt 0.9950 0.4509 0.1807
vt 0.9950 0.4648 0.1807
vt 0.9887 0.4648 0.1807
vt 0.9682 0.5344 0.1807
vt 0.9682 0.5205 -0.0000
vt 0.5063 0.5066 0.1568
vt 0.5063 0.5205 0.1550
vt 0.7500 0.5066 0.1523
vt 0.8529 0.5205 0.1505
vt 0.7500 0.5205 0.1520
vt 0.5128 0.5205 0.1550
vt 0.5400 0.5205 0.1550
vt 0.5347 0.5205 0.1550
vt 0.5063 0.4509 0.2242
vt 0.5063 0.4648 0.2024
vt 0.7500 0.4509 0.2048
vt 0.8529 0.4648 0.1801
vt 0.7500 0.4648 0.1874
vt 0.5128 0.4648 0.2024
vt 0.5400 0.4648 0.2024
vt 0.5347 0.4648 0.2024
vt 0.5440 0.5205 0.1549
vt 0.5440 0.4648 0.2021
vt 0.3529 0.5344 0.1524
vt 0.3529 0.5205 0.1535
vt 0.3529 0.4788 0.1752
vt 0.3529 0.4648 0.1947
vt 0.6470 0.5066 0.1545
vt 0.6470 0.5205 0.1535
vt 0.6470 0.4509 0.2143
vt 0.6470 0.4648 0.1947
vt -173.2690 113.9869 -0.8408
vt -171.8564 116.2075 -0.8408
vt -171.8564 116.2075 -0.1730
vt -173.2690 113.9869 -0.1730
vt -174.1695 111.4704 -0.8408
vt -174.1695 111.4704 -0.1730
vt -174.4856 108.7301 -0.8408
vt -174.4856 108.7301 -0.1730
vt -174.4856 105.4877 -0.8408
vt -174.4856 105.4877 -0.1730
vt -174.4856 103.0637 -0.8408
vt -174.4856 103.0637 -0.1730
vt -174.4856 100.6397 -0.8408
vt -174.4856 100.6397 -0.1730
vt -174.4856 78.9738 -0.8408
vt -174.4856 78.9738 -0.1730
vt -174.4856 57.3079 -0.8408
vt -174.4856 57.3079 -0.1730
vt -174.4856 35.6419 -0.8408
vt -174.4856 35.6419 -0.1730
vt -174.4856 13.9760 -0.8408
vt -174.4856 13.9760 -0.1730
vt -174.4856 12.3444 -0.8408
vt -174.4856 12.3444 -0.1730
vt -174.4856 9.3444 -0.8408
vt -174.4856 9.3444 -0.1730
vt -174.4856 6.3444 -0.8408
vt -174.4856 6.3444 -0.1730
vt -174.4856 3.3444 -0.8408
vt -174.4856 3.3444 -0.1730
vt -174.4856 0.3444 -0.8408
vt -174.4856 0.3444 -0.1730
vt -174.4856 -2.6556 -0.8408
vt -174.4856 -2.6556 -0.1730
vt -174.4856 -5.6556 -0.8408
vt -174.4856 -5.6556 -0.1730
vt -174.4856 -8.6556 -0.8408
vt -174.4856 -8.6556 -0.1730
vt -174.4856 -11.6556 -0.8408
vt -174.4856 -11.6556 -0.1730
vt -174.4856 -14.6592 -0.8408
vt -174.4856 -14.6592 -0.1730
vt -174.4856 -35.2761 -0.8408
vt -174.4856 -35.2761 -0.1730
vt -174.4856 -55.8930 -0.8408
vt -174.4856 -55.8930 -0.1730
vt -174.4856 -76.5099 -0.8408
vt -174.4856 -76.5099 -0.1730
vt -174.4856 -97.1268 -0.8408
vt -174.4856 -97.1268 -0.1730
vt -174.4856 -99.9509 -0.8408
vt -174.4856 -99.9509 -0.1730
vt -174.4856 -102.3749 -0.8408
vt -174.4856 -102.3749 -0.1730
vt -174.4856 -104.7989 -0.8408
vt -174.4856 -104.7989 -0.1730
vt -174.4856 -108.0413 -0.8408
vt -174.4856 -108.0413 -0.1730
vt -174.1695 -110.7816 -0.8408
vt -174.1695 -110.7816 -0.1730
vt -173.2690 -113.2981 -0.8408
vt -173.2690 -113.2981 -0.1730
vt -171.8564 -115.5187 -0.8408
vt -171.8564 -115.5187 -0.1730
vt -170.0038 -117.3714 -0.8408
vt -170.0038 -117.3714 -0.1730
vt -167.7831 -118.7840 -0.8408
vt -167.7831 -118.7840 -0.1730
vt -165.2666 -119.6844 -0.8408
vt -165.2666 -119.6844 -0.1730
vt -162.5264 -120.0006 -0.8408
vt -162.5264 -120.0006 -0.1730
vt -157.8321 -120.0006 -0.8408
vt -157.8321 -120.0006 -0.1730
vt -122.1517 -120.0006 -0.8408
vt -122.1517 -120.0006 -0.1730
vt -86.4714 -120.0006 -0.8408
vt -86.4714 -120.0006 -0.1730
vt -50.7910 -120.0006 -0.8408
vt -50.7910 -120.0006 -0.1730
vt -15.1106 -120.0006 -0.8408
vt -15.1106 -120.0006 -0.1730
vt -13.7048 -120.0006 -0.8408
vt -13.7048 -120.0006 -0.1730
vt -11.8828 -120.0006 -0.8408
vt -11.8828 -120.0006 -0.1730
vt -4.2927 -120.0006 -0.8408
vt -4.2927 -120.0006 -0.1730
vt -2.0321 -120.0006 -0.8408
vt -2.0321 -120.0006 -0.1730
vt 0.1679 -120.0006 -0.8408
vt 0.1679 -120.0006 -0.1730
vt -170.0038 118.0602 -0.8408
vt -170.0038 118.0602 -0.1730
vt -167.7831 119.4728 -0.8408
vt -167.7831 119.4728 -0.1730
vt -165.2666 120.3732 -0.8408
vt -165.2666 120.3732 -0.1730
vt -162.5264 120.6894 -0.8408
vt -162.5264 120.6894 -0.1730
vt -157.8321 120.6894 -0.8408
vt -157.8321 120.6894 -0.1730
vt -122.1517 120.6894 -0.8408
vt -122.1517 120.6894 -0.1730
vt -86.4714 120.6894 -0.8408
vt -86.4714 120.6894 -0.1730
vt -50.7910 120.6894 -0.8408
vt -50.7910 120.6894 -0.1730
vt -15.1106 120.6894 -0.8408
vt -15.1106 120.6894 -0.1730
vt -13.7048 120.6894 -0.8408
vt -13.7048 120.6894 -0.1730
vt -11.8828 120.6894 -0.8408
vt -11.8828 120.6894 -0.1730
vt -4.2927 120.6894 -0.8408
vt -4.2927 120.6894 -0.1730
vt -2.0321 120.6894 -0.8408
vt -2.0321 120.6894 -0.1730
vt 0.1679 120.6894 -0.8408
vt 0.1679 120.6894 -0.1730
vt -171.8564 116.2075 0.0000
vt -173.2690 113.9869 0.0000
vt -174.1695 111.4704 0.0000
vt -174.4856 108.7301 0.0000
vt -174.4856 105.4877 0.0000
vt -174.4856 103.0637 0.0000
vt -174.4856 100.6397 0.0000
vt -174.4856 78.9738 0.0000
vt -174.4856 57.3079 0.0000
vt -174.4856 35.6419 0.0000
vt -174.4856 13.9760 -0.0000
vt -174.4856 12.3444 -0.0000
vt -174.4856 9.3444 -0.0000
vt -174.4856 6.3444 -0.0000
vt -174.4856 3.3444 -0.0000
vt -174.4856 0.3444 -0.0000
vt -174.4856 -2.6556 -0.0000
vt -174.4856 -5.6556 -0.0000
vt -174.4856 -8.6556 -0.0000
vt -174.4856 -11.6556 -0.0000
vt -174.4856 -14.6592 -0.0000
vt -174.4856 -35.2761 0.0000
vt -174.4856 -55.8930 0.0000
vt -174.4856 -76.5099 0.0000
vt -174.4856 -97.1268 0.0000
vt -174.4856 -99.9509 0.0000
vt -174.4856 -102.3749 0.0000
vt -174.4856 -104.7989 0.0000
vt -174.4856 -108.0413 0.0000
vt -174.1695 -110.7816 0.0000
vt -173.2690 -113.2981 0.0000
vt -171.8564 -115.5187 0.0000
vt -170.0038 -117.3714 0.0000
vt -167.7831 -118.7840 0.0000
vt -165.2666 -119.6844 0.0000
vt -162.5264 -120.0006 0.0000
vt -157.8321 -120.0006 0.0000
vt -122.1517 -120.0006 0.0000
vt -86.4714 -120.0006 0.0000
vt -50.7910 -120.0006 0.0000
vt -15.1106 -120.0006 0.0000
vt -13.7048 -120.0006 0.0000
vt -11.8828 -120.0006 0.0000
vt -4.2927 -120.0006 0.0000
vt -2.0321 -120.0006 0.0000
vt 0.1679 -120.0006 0.0000
vt -170.0038 118.0602 0.0000
vt -167.7831 119.4728 0.0000
vt -165.2666 120.3732 0.0000
vt -162.5264 120.6894 0.0000
vt -157.8321 120.6894 0.0000
vt -122.1517 120.6894 0.0000
vt -86.4714 120.6894 0.0000
vt -50.7910 120.6894 0.0000
vt -15.1106 120.6894 0.0000
vt -13.7048 120.6894 0.0000
vt -11.8828 120.6894 0.0000
vt -4.2927 120.6894 0.0000
vt -2.0321 120.6894 0.0000
vt 0.1679 120.6894 0.0000
vt -165.1408 119.8341 0.0000
vt -162.4948 120.1394 0.0000
vt -167.5399 118.9757 0.0000
vt -169.6576 117.6285 0.0000
vt -171.4248 115.8613 0.0000
vt -172.7719 113.7436 0.0000
vt -173.6303 111.3446 0.0000
vt -173.9356 108.6985 0.0000
vt -173.9356 105.4877 0.0000
vt -173.9356 103.0637 0.0000
vt -173.9356 100.6397 0.0000
vt -173.9356 78.9738 0.0000
vt -173.9356 57.3079 0.0000
vt -173.9356 35.6419 0.0000
vt -173.9356 13.9760 -0.0000
vt -173.9356 12.3444 -0.0000
vt -173.9356 9.3444 -0.0000
vt -173.9356 6.3444 -0.0000
vt -173.9356 3.3444 -0.0000
vt -173.9356 0.3444 -0.0000
vt -173.9356 -2.6556 -0.0000
vt -173.9356 -5.6556 -0.0000
vt -173.9356 -8.6556 -0.0000
vt -173.9356 -11.6556 -0.0000
vt -173.9356 -14.6592 -0.0000
vt -173.9356 -35.2761 0.0000
vt -173.9356 -55.8930 0.0000
vt -173.9356 -76.5099 0.0000
vt -173.9356 -97.1268 0.0000
vt -173.9356 -99.9509 0.0000
vt -173.9356 -102.3749 0.0000
vt -173.9356 -104.7989 0.0000
vt -173.9356 -108.0097 0.0000
vt -173.6303 -110.6558 0.0000
vt -172.7719 -113.0548 0.0000
vt -171.4248 -115.1725 0.0000
vt -169.6576 -116.9397 0.0000
vt -167.5399 -118.2869 0.0000
vt -165.1408 -119.1452 0.0000
vt -162.4948 -119.4506 0.0000
vt -157.8321 -119.4505 0.0000
vt -122.1517 -119.4505 0.0000
vt -86.4714 -119.4505 0.0000
vt -50.7910 -119.4505 0.0000
vt -15.1106 -119.4505 0.0000
vt -13.7048 -119.4505 0.0000
vt -11.8828 -119.4506 0.0000
vt -4.2927 -119.4506 0.0000
vt -2.0321 -119.4506 0.0000
vt 0.1679 -119.4506 0.0000
vt -157.8321 120.1394 0.0000
vt -122.1517 120.1394 0.0000
vt -86.4714 120.1394 0.0000
vt -50.7910 120.1394 0.0000
vt -15.1106 120.1394 0.0000
vt -13.7048 120.1394 0.0000
vt -11.8828 120.1394 0.0000
vt -4.2927 120.1394 0.0000
vt -2.0321 120.1394 0.0000
vt 0.1679 120.1394 0.0000
vt -165.1948 120.0653 0.0000
vt -162.5083 120.3754 0.0000
vt -167.6442 119.1889 0.0000
vt -169.8061 117.8137 0.0000
vt -171.6099 116.0098 0.0000
vt -172.9851 113.8480 0.0000
vt -173.8616 111.3985 0.0000
vt -174.1716 108.7120 0.0000
vt -174.1717 105.4877 0.0000
vt -4.2927 120.3754 0.0000
vt -2.0321 120.3754 0.0000
vt 0.1679 120.3754 0.0000
vt -174.1717 103.0637 0.0000
vt -157.8321 120.3754 0.0000
vt -174.1717 57.3079 0.0000
vt -174.1717 78.9738 0.0000
vt -11.8828 120.3754 0.0000
vt -15.1106 120.3754 0.0000
vt -13.7048 120.3754 0.0000
vt -174.1717 100.6397 0.0000
vt -162.5083 -119.6866 0.0000
vt -165.1948 -119.3765 0.0000
vt -167.6442 -118.5001 0.0000
vt -169.8061 -117.1249 0.0000
vt -171.6099 -115.3210 0.0000
vt -172.9851 -113.1591 0.0000
vt -173.8616 -110.7097 0.0000
vt -174.1716 -108.0232 0.0000
vt -174.1717 -104.7989 0.0000
vt -2.0321 -119.6866 0.0000
vt -4.2927 -119.6866 0.0000
vt 0.1679 -119.6866 0.0000
vt -174.1717 -102.3749 0.0000
vt -157.8321 -119.6866 0.0000
vt -174.1717 -99.9509 0.0000
vt -174.1717 -97.1268 0.0000
vt -11.8828 -119.6866 0.0000
vt -13.7048 -119.6866 0.0000
vt -15.1106 -119.6866 0.0000
vt -174.1717 -11.6556 -0.0000
vt -174.1717 -8.6556 -0.0000
vt -174.1717 0.3444 -0.0000
vt -174.1717 3.3444 -0.0000
vt -86.4714 120.3754 0.0000
vt -50.7910 120.3754 0.0000
vt -50.7910 -119.6866 0.0000
vt -86.4714 -119.6866 0.0000
vt -174.1717 12.3444 -0.0000
vt -174.1717 13.9760 -0.0000
vt -174.1717 -14.6592 -0.0000
vt -174.1717 -76.5099 0.0000
vt -174.1717 -55.8930 0.0000
vt -174.1717 35.6419 0.0000
vt -174.1717 -35.2761 0.0000
vt -122.1517 120.3754 0.0000
vt -122.1517 -119.6866 0.0000
vt -174.1717 -5.6556 -0.0000
vt -174.1717 -2.6556 -0.0000
vt -174.1717 6.3444 -0.0000
vt -174.1717 9.3444 -0.0000
vt -171.4469 115.8791 0.0000
vt -172.7974 113.7561 0.0000
vt -172.9507 113.8311 0.0000
vt -171.5800 115.9858 0.0000
vt -169.6754 117.6507 0.0000
vt -169.7821 117.7838 0.0000
vt -167.5524 119.0012 0.0000
vt -167.6274 119.1544 0.0000
vt -165.1473 119.8617 0.0000
vt -165.1861 120.0279 0.0000
vt -162.4964 120.1676 0.0000
vt -162.5061 120.3372 0.0000
vt -157.8321 120.1676 0.0000
vt -157.8321 120.3372 0.0000
vt -122.1517 120.1676 0.0000
vt -122.1517 120.3372 0.0000
vt -86.4714 120.1676 0.0000
vt -86.4714 120.3372 0.0000
vt -50.7910 120.1676 0.0000
vt -50.7910 120.3372 0.0000
vt -15.1106 120.1676 0.0000
vt -15.1106 120.3372 0.0000
vt -13.7048 120.1676 0.0000
vt -13.7048 120.3372 0.0000
vt -11.8828 120.1676 0.0000
vt -11.8828 120.3372 0.0000
vt -4.2927 120.1676 0.0000
vt -4.2927 120.3372 0.0000
vt -2.0321 120.1676 0.0000
vt -2.0321 120.3372 0.0000
vt 0.1679 120.1676 0.0000
vt 0.1679 120.3372 0.0000
vt -173.6580 111.3510 0.0000
vt -173.8242 111.3898 0.0000
vt -173.9638 108.7001 0.0000
vt -174.1335 108.7098 0.0000
vt -173.9638 105.4877 0.0000
vt -174.1335 105.4877 0.0000
vt -173.9638 103.0637 0.0000
vt -174.1335 103.0637 0.0000
vt -173.9638 100.6397 0.0000
vt -174.1335 100.6397 0.0000
vt -173.9638 78.9738 0.0000
vt -174.1335 78.9738 0.0000
vt -173.9638 57.3079 0.0000
vt -174.1335 57.3079 0.0000
vt -173.9638 35.6419 0.0000
vt -174.1335 35.6419 0.0000
vt -173.9638 13.9760 -0.0000
vt -174.1335 13.9760 -0.0000
vt -173.9638 12.3444 -0.0000
vt -174.1335 12.3444 -0.0000
vt -173.9638 9.3444 -0.0000
vt -174.1335 9.3444 -0.0000
vt -173.9638 6.3444 -0.0000
vt -174.1335 6.3444 -0.0000
vt -173.9638 3.3444 -0.0000
vt -174.1335 3.3444 -0.0000
vt -173.9638 0.3444 -0.0000
vt -174.1335 0.3444 -0.0000
vt -173.9638 -2.6556 -0.0000
vt -174.1335 -2.6556 -0.0000
vt -173.9638 -5.6556 -0.0000
vt -174.1335 -5.6556 -0.0000
vt -173.9638 -8.6556 -0.0000
vt -174.1335 -8.6556 -0.0000
vt -173.9638 -11.6556 -0.0000
vt -174.1335 -11.6556 -0.0000
vt -173.9638 -14.6592 -0.0000
vt -174.1335 -14.6592 -0.0000
vt -173.9638 -35.2761 0.0000
vt -174.1335 -35.2761 0.0000
vt -173.9638 -55.8930 0.0000
vt -174.1335 -55.8930 0.0000
vt -173.9638 -76.5099 0.0000
vt -174.1335 -76.5099 0.0000
vt -173.9638 -97.1268 0.0000
vt -174.1335 -97.1268 0.0000
vt -173.9638 -99.9509 0.0000
vt -174.1335 -99.9509 0.0000
vt -173.9638 -102.3749 0.0000
vt -174.1335 -102.3749 0.0000
vt -173.9638 -104.7989 0.0000
vt -174.1335 -104.7989 0.0000
vt -173.9638 -108.0113 0.0000
vt -174.1335 -108.0210 0.0000
vt -173.6580 -110.6622 0.0000
vt -173.8242 -110.7010 0.0000
vt -172.7974 -113.0673 0.0000
vt -172.9507 -113.1423 0.0000
vt -171.4469 -115.1903 0.0000
vt -171.5800 -115.2970 0.0000
vt -169.6754 -116.9619 0.0000
vt -169.7821 -117.0950 0.0000
vt -167.5524 -118.3123 0.0000
vt -167.6274 -118.4656 0.0000
vt -165.1473 -119.1729 0.0000
vt -165.1861 -119.3391 0.0000
vt -162.4964 -119.4788 0.0000
vt -162.5061 -119.6484 0.0000
vt -157.8321 -119.4788 0.0000
vt -157.8321 -119.6484 0.0000
vt -122.1517 -119.4788 0.0000
vt -122.1517 -119.6484 0.0000
vt -86.4714 -119.4788 0.0000
vt -86.4714 -119.6484 0.0000
vt -50.7910 -119.4788 0.0000
vt -50.7910 -119.6484 0.0000
vt -15.1106 -119.4788 0.0000
vt -15.1106 -119.6484 0.0000
vt -13.7048 -119.4788 0.0000
vt -13.7048 -119.6484 0.0000
vt -11.8828 -119.4788 0.0000
vt -11.8828 -119.6484 0.0000
vt -4.2927 -119.4788 0.0000
vt -4.2927 -119.6484 0.0000
vt -2.0321 -119.4788 0.0000
vt -2.0321 -119.6484 0.0000
vt 0.1679 -119.4788 0.0000
vt 0.1679 -119.6484 0.0000
vt -171.6021 116.0036 0.0000
vt -172.9762 113.8436 0.0000
vt -169.7999 117.8059 0.0000
vt -167.6398 119.1799 0.0000
vt -165.1925 120.0556 0.0000
vt -162.5077 120.3654 0.0000
vt -157.8321 120.3654 0.0000
vt -122.1517 120.3654 0.0000
vt -86.4714 120.3654 0.0000
vt -50.7910 120.3654 0.0000
vt -15.1106 120.3654 0.0000
vt -13.7048 120.3654 0.0000
vt -11.8828 120.3654 0.0000
vt -4.2927 120.3654 0.0000
vt -2.0321 120.3654 0.0000
vt 0.1679 120.3654 0.0000
vt -173.8518 111.3963 0.0000
vt -174.1617 108.7115 0.0000
vt -174.1617 105.4877 0.0000
vt -174.1617 103.0637 0.0000
vt -174.1617 100.6397 0.0000
vt -174.1617 78.9738 0.0000
vt -174.1617 57.3079 0.0000
vt -174.1617 35.6419 0.0000
vt -174.1617 13.9760 -0.0000
vt -174.1617 12.3444 -0.0000
vt -174.1617 9.3444 -0.0000
vt -174.1617 6.3444 -0.0000
vt -174.1617 3.3444 -0.0000
vt -174.1617 0.3444 -0.0000
vt -174.1617 -2.6556 -0.0000
vt -174.1617 -5.6556 -0.0000
vt -174.1617 -8.6556 -0.0000
vt -174.1617 -11.6556 -0.0000
vt -174.1617 -14.6592 -0.0000
vt -174.1617 -35.2761 0.0000
vt -174.1617 -55.8930 0.0000
vt -174.1617 -76.5099 0.0000
vt -174.1617 -97.1268 0.0000
vt -174.1617 -99.9509 0.0000
vt -174.1617 -102.3749 0.0000
vt -174.1617 -104.7989 0.0000
vt -174.1617 -108.0227 0.0000
vt -173.8518 -110.7075 0.0000
vt -172.9762 -113.1548 0.0000
vt -171.6021 -115.3148 0.0000
vt -169.7999 -117.1171 0.0000
vt -167.6398 -118.4911 0.0000
vt -165.1925 -119.3668 0.0000
vt -162.5077 -119.6766 0.0000
vt -157.8321 -119.6766 0.0000
vt -122.1517 -119.6766 0.0000
vt -86.4714 -119.6766 0.0000
vt -50.7910 -119.6766 0.0000
vt -15.1106 -119.6766 0.0000
vt -13.7048 -119.6766 0.0000
vt -11.8828 -119.6766 0.0000
vt -4.2927 -119.6766 0.0000
vt -2.0321 -119.6766 0.0000
vt 0.1679 -119.6766 0.0000
vt -171.6080 116.0083 0.0000
vt -172.9829 113.8469 0.0000
vt -169.8045 117.8118 0.0000
vt -167.6431 119.1867 0.0000
vt -165.1942 120.0629 0.0000
vt -162.5082 120.3729 0.0000
vt -157.8321 120.3729 0.0000
vt -122.1517 120.3729 0.0000
vt -86.4714 120.3729 0.0000
vt -50.7910 120.3729 0.0000
vt -15.1106 120.3729 0.0000
vt -13.7048 120.3729 0.0000
vt -11.8828 120.3729 0.0000
vt -4.2927 120.3729 0.0000
vt -2.0321 120.3729 0.0000
vt 0.1679 120.3729 0.0000
vt -173.8591 111.3980 0.0000
vt -174.1692 108.7119 0.0000
vt -174.1692 105.4877 0.0000
vt -174.1692 103.0637 0.0000
vt -174.1692 100.6397 0.0000
vt -174.1692 78.9738 0.0000
vt -174.1692 57.3079 0.0000
vt -174.1692 35.6419 0.0000
vt -174.1692 13.9760 -0.0000
vt -174.1692 12.3444 -0.0000
vt -174.1692 9.3444 -0.0000
vt -174.1692 6.3444 -0.0000
vt -174.1692 3.3444 -0.0000
vt -174.1692 0.3444 -0.0000
vt -174.1692 -2.6556 -0.0000
vt -174.1692 -5.6556 -0.0000
vt -174.1692 -8.6556 -0.0000
vt -174.1692 -11.6556 -0.0000
vt -174.1692 -14.6592 -0.0000
vt -174.1692 -35.2761 0.0000
vt -174.1692 -55.8930 0.0000
vt -174.1692 -76.5099 0.0000
vt -174.1692 -97.1268 0.0000
vt -174.1692 -99.9509 0.0000
vt -174.1692 -102.3749 0.0000
vt -174.1692 -104.7989 0.0000
vt -174.1692 -108.0231 0.0000
vt -173.8591 -110.7092 0.0000
vt -172.9829 -113.1581 0.0000
vt -171.6080 -115.3195 0.0000
vt -169.8045 -117.1229 0.0000
vt -167.6431 -118.4978 0.0000
vt -165.1942 -119.3741 0.0000
vt -162.5082 -119.6841 0.0000
vt -157.8321 -119.6841 0.0000
vt -122.1517 -119.6841 0.0000
vt -86.4714 -119.6841 0.0000
vt -50.7910 -119.6841 0.0000
vt -15.1106 -119.6841 0.0000
vt -13.7048 -119.6841 0.0000
vt -11.8828 -119.6841 0.0000
vt -4.2927 -119.6841 0.0000
vt -2.0321 -119.6841 0.0000
vt 0.1679 -119.6841 0.0000
vt -172.9784 113.8447 0.0000
vt -171.6041 116.0051 0.0000
vt -169.8014 117.8079 0.0000
vt -167.6409 119.1822 0.0000
vt -165.1931 120.0580 0.0000
vt -162.5079 120.3679 0.0000
vt -157.8321 120.3679 0.0000
vt -122.1517 120.3679 0.0000
vt -86.4714 120.3679 0.0000
vt -50.7910 120.3679 0.0000
vt -15.1106 120.3679 0.0000
vt -13.7048 120.3679 0.0000
vt -11.8828 120.3679 0.0000
vt -4.2927 120.3679 0.0000
vt -2.0321 120.3679 0.0000
vt 0.1679 120.3679 0.0000
vt -173.8542 111.3968 0.0000
vt -174.1642 108.7116 0.0000
vt -174.1642 105.4877 0.0000
vt -174.1642 103.0637 0.0000
vt -174.1642 100.6397 0.0000
vt -174.1642 78.9738 0.0000
vt -174.1642 57.3079 0.0000
vt -174.1642 35.6419 0.0000
vt -174.1642 13.9760 -0.0000
vt -174.1642 12.3444 -0.0000
vt -174.1642 9.3444 -0.0000
vt -174.1642 6.3444 -0.0000
vt -174.1642 3.3444 -0.0000
vt -174.1642 0.3444 -0.0000
vt -174.1642 -2.6556 -0.0000
vt -174.1642 -5.6556 -0.0000
vt -174.1642 -8.6556 -0.0000
vt -174.1642 -11.6556 -0.0000
vt -174.1642 -14.6592 -0.0000
vt -174.1642 -35.2761 0.0000
vt -174.1642 -55.8930 0.0000
vt -174.1642 -76.5099 0.0000
vt -174.1642 -97.1268 0.0000
vt -174.1642 -99.9509 0.0000
vt -174.1642 -102.3749 0.0000
vt -174.1642 -104.7989 0.0000
vt -174.1642 -108.0228 0.0000
vt -173.8542 -110.7080 0.0000
vt -172.9784 -113.1559 0.0000
vt -171.6041 -115.3163 0.0000
vt -169.8014 -117.1190 0.0000
vt -167.6409 -118.4934 0.0000
vt -165.1931 -119.3692 0.0000
vt -162.5079 -119.6791 0.0000
vt -157.8321 -119.6791 0.0000
vt -122.1517 -119.6791 0.0000
vt -86.4714 -119.6791 0.0000
vt -50.7910 -119.6791 0.0000
vt -15.1106 -119.6791 0.0000
vt -13.7048 -119.6791 0.0000
vt -11.8828 -119.6791 0.0000
vt -4.2927 -119.6791 0.0000
vt -2.0321 -119.6791 0.0000
vt 0.1679 -119.6791 0.0000
vt -171.6060 116.0067 0.0000
vt -172.9806 113.8458 0.0000
vt -169.8030 117.8098 0.0000
vt -167.6420 119.1844 0.0000
vt -165.1937 120.0604 0.0000
vt -162.5080 120.3704 0.0000
vt -157.8321 120.3704 0.0000
vt -122.1517 120.3704 0.0000
vt -86.4714 120.3704 0.0000
vt -50.7910 120.3704 0.0000
vt -15.1106 120.3704 0.0000
vt -13.7048 120.3704 0.0000
vt -11.8828 120.3704 0.0000
vt -4.2927 120.3704 0.0000
vt -2.0321 120.3704 0.0000
vt 0.1679 120.3704 0.0000
vt -173.8567 111.3974 0.0000
vt -174.1667 108.7118 0.0000
vt -174.1667 105.4877 0.0000
vt -174.1667 103.0637 0.0000
vt -174.1667 100.6397 0.0000
vt -174.1667 78.9738 0.0000
vt -174.1667 57.3079 0.0000
vt -174.1667 35.6419 0.0000
vt -174.1667 13.9760 -0.0000
vt -174.1667 12.3444 -0.0000
vt -174.1667 9.3444 -0.0000
vt -174.1667 6.3444 -0.0000
vt -174.1667 3.3444 -0.0000
vt -174.1667 0.3444 -0.0000
vt -174.1667 -2.6556 -0.0000
vt -174.1667 -5.6556 -0.0000
vt -174.1667 -8.6556 -0.0000
vt -174.1667 -11.6556 -0.0000
vt -174.1667 -14.6592 -0.0000
vt -174.1667 -35.2761 0.0000
vt -174.1667 -55.8930 0.0000
vt -174.1667 -76.5099 0.0000
vt -174.1667 -97.1268 0.0000
vt -174.1667 -99.9509 0.0000
vt -174.1667 -102.3749 0.0000
vt -174.1667 -104.7989 0.0000
vt -174.1667 -108.0229 0.0000
vt -173.8567 -110.7086 0.0000
vt -172.9806 -113.1570 0.0000
vt -171.6060 -115.3179 0.0000
vt -169.8030 -117.1210 0.0000
vt -167.6420 -118.4956 0.0000
vt -165.1937 -119.3716 0.0000
vt -162.5080 -119.6816 0.0000
vt -157.8321 -119.6816 0.0000
vt -122.1517 -119.6816 0.0000
vt -86.4714 -119.6816 0.0000
vt -50.7910 -119.6816 0.0000
vt -15.1106 -119.6816 0.0000
vt -13.7048 -119.6816 0.0000
vt -11.8828 -119.6816 0.0000
vt -4.2927 -119.6816 0.0000
vt -2.0321 -119.6816 0.0000
vt 0.1679 -119.6816 0.0000
# 2503 texture coords

g Rectangle004
usemtl wire_224086086
s 1
f 1/1/1 2/2/2 3/3/2 4/4/1 
f 2/2/2 5/5/2 6/6/2 3/3/2 
f 5/5/2 7/7/2 8/8/2 6/6/2 
f 7/7/2 9/9/3 10/10/3 8/8/2 
f 9/9/3 11/11/3 12/12/3 10/10/3 
f 11/11/3 13/13/3 14/14/3 12/12/3 
f 14/14/3 13/13/3 15/15/3 16/16/3 
f 15/15/3 17/17/3 18/18/3 16/16/3 
f 19/19/3 20/20/2 21/21/2 22/22/1 
f 23/23/3 19/19/3 22/22/1 24/24/3 
f 25/25/3 23/23/3 24/24/3 26/26/2 
f 27/27/2 25/25/3 26/26/2 28/28/2 
f 29/29/2 27/27/2 28/28/2 30/30/2 
f 31/31/2 29/29/2 30/30/2 32/32/2 
f 33/33/2 34/34/2 31/31/2 32/32/2 
f 35/35/3 36/36/2 34/34/2 33/33/2 
f 37/37/2 38/38/2 39/39/2 40/40/2 
f 41/41/2 42/42/2 43/43/2 44/44/2 
f 45/45/2 46/46/2 47/47/2 48/48/2 
f 49/49/2 41/41/2 44/44/2 50/50/2 
f 46/46/2 51/51/2 52/52/2 47/47/2 
f 53/53/2 54/54/2 55/55/2 56/56/3 
f 40/40/2 54/54/2 53/53/2 37/37/2 
f 57/57/2 58/58/2 59/59/3 60/60/4 
f 61/61/2 62/62/2 63/63/2 64/64/2 
f 62/62/2 65/65/3 66/66/2 63/63/2 
f 27/27/2 29/29/2 66/66/2 65/65/3 
f 31/31/2 34/34/2 56/56/3 55/55/2 
f 34/34/2 36/36/2 67/67/3 56/56/3 
f 29/29/2 31/31/2 55/55/2 66/66/2 
f 55/55/2 54/54/2 63/63/2 66/66/2 
f 54/54/2 40/40/2 64/64/2 63/63/2 
f 40/40/2 39/39/2 68/68/3 64/64/2 
f 51/51/2 46/46/2 57/57/2 69/69/2 
f 46/46/2 45/45/2 58/58/2 57/57/2 
f 61/61/2 20/20/2 19/19/3 62/62/2 
f 62/62/2 19/19/3 23/23/3 65/65/3 
f 65/65/3 23/23/3 25/25/3 27/27/2 
f 17/17/3 70/70/2 71/71/2 18/18/3 
f 72/72/2 36/36/2 35/35/3 73/73/2 
f 67/67/3 36/36/2 72/72/2 74/74/2 
f 75/75/2 76/76/2 77/77/3 78/78/2 
f 79/79/1 1/1/1 4/4/1 80/80/1 
f 20/20/2 81/81/2 82/82/2 21/21/2 
f 61/61/2 64/64/2 68/68/3 83/83/2 
f 76/76/2 84/84/2 85/85/2 77/77/3 
f 20/20/2 61/61/2 83/83/2 81/81/2 
f 86/86/2 87/87/2 88/88/2 89/89/2 
f 90/90/2 91/91/2 92/92/2 93/93/2 
f 90/90/2 94/94/2 95/95/2 91/91/2 
f 42/42/2 96/96/2 97/97/2 43/43/2 
f 98/98/2 45/45/2 48/48/2 99/99/2 
f 100/100/2 101/101/2 59/59/3 58/58/2 
f 98/98/2 100/100/2 58/58/2 45/45/2 
f 102/102/3 103/103/4 104/104/3 105/105/3 
f 103/103/4 60/60/4 59/59/3 104/104/3 
f 106/106/2 107/107/2 108/108/2 109/109/2 
f 107/107/2 101/101/2 110/110/2 108/108/2 
f 111/111/2 112/112/2 113/113/2 114/114/2 
f 115/115/2 116/116/2 117/117/2 118/118/2 
f 119/119/2 120/120/2 110/110/2 121/121/2 
f 115/115/2 119/119/2 121/121/2 116/116/2 
f 122/122/5 123/123/6 124/124/7 125/125/8 
f 125/125/8 124/124/7 126/126/9 127/127/10 
f 127/127/10 126/126/9 128/128/11 129/129/12 
f 129/129/12 128/128/11 130/130/13 131/131/14 
f 130/130/13 132/132/15 133/133/16 131/131/14 
f 132/132/15 134/134/17 135/135/18 133/133/16 
f 134/134/17 136/136/19 137/137/20 135/135/18 
f 136/136/19 138/138/21 139/139/21 137/137/20 
f 140/140/22 141/141/23 142/142/22 143/143/22 
f 144/144/23 141/141/23 140/140/22 145/145/22 
f 138/138/21 146/146/21 147/147/21 139/139/21 
f 148/148/22 149/149/23 123/123/6 122/122/5 
f 150/150/21 151/151/21 152/152/21 153/153/21 
f 143/143/22 142/142/22 154/154/22 155/155/22 
f 156/156/23 157/157/22 158/158/23 159/159/23 
f 70/70/2 160/160/2 161/161/2 71/71/2 
f 73/73/2 162/162/2 163/163/2 72/72/2 
f 164/164/2 74/74/2 72/72/2 163/163/2 
f 146/146/21 165/165/21 166/166/21 147/147/21 
f 167/167/24 168/168/25 169/169/26 170/170/27 
f 171/171/28 172/172/29 168/168/25 167/167/24 
f 173/173/30 174/174/31 172/172/29 171/171/28 
f 175/175/32 174/174/31 173/173/30 176/176/33 
f 177/177/34 175/175/32 176/176/33 178/178/35 
f 179/179/36 177/177/34 178/178/35 180/180/37 
f 181/181/38 179/179/36 180/180/37 182/182/39 
f 183/183/40 181/181/38 182/182/39 184/184/41 
f 185/185/42 186/186/43 187/187/43 188/188/42 
f 188/188/42 187/187/43 189/189/44 190/190/42 
f 191/191/45 183/183/40 184/184/41 192/192/41 
f 170/170/27 169/169/26 193/193/46 194/194/47 
f 195/195/43 196/196/42 197/197/48 198/198/43 
f 199/199/49 200/200/50 201/201/51 202/202/52 
f 203/203/53 191/191/45 192/192/41 204/204/41 
f 205/205/54 167/167/24 170/170/27 206/206/55 
f 207/207/56 171/171/28 167/167/24 205/205/54 
f 208/208/57 173/173/30 171/171/28 207/207/56 
f 176/176/33 173/173/30 208/208/57 209/209/58 
f 178/178/35 176/176/33 209/209/58 210/210/59 
f 180/180/37 178/178/35 210/210/59 211/211/60 
f 182/182/39 180/180/37 211/211/60 212/212/61 
f 184/184/41 182/182/39 212/212/61 213/213/62 
f 214/214/63 185/185/42 188/188/42 215/215/63 
f 215/215/63 188/188/42 190/190/42 216/216/64 
f 192/192/41 184/184/41 213/213/62 217/217/65 
f 206/206/55 170/170/27 194/194/47 218/218/66 
f 196/196/42 219/219/63 220/220/63 197/197/48 
f 200/200/50 221/221/67 222/222/68 201/201/51 
f 204/204/41 192/192/41 217/217/65 223/223/69 
f 224/224/70 225/225/71 226/226/70 227/227/70 
f 228/228/72 229/229/72 230/230/71 231/231/70 
f 232/232/73 229/229/72 233/233/71 234/234/71 
f 235/235/70 236/236/70 237/237/71 238/238/70 
f 239/239/71 236/236/70 230/230/71 240/240/71 
f 241/241/70 242/242/70 243/243/71 244/244/70 
f 245/245/71 242/242/70 237/237/71 246/246/71 
f 244/244/70 243/243/71 219/219/63 214/214/63 
f 205/205/54 206/206/55 247/247/72 248/248/73 
f 248/248/73 247/247/72 249/249/70 250/250/71 
f 250/250/71 249/249/70 251/251/71 252/252/71 
f 252/252/71 251/251/71 253/253/71 254/254/70 
f 254/254/70 253/253/71 255/255/70 256/256/70 
f 256/256/70 255/255/70 257/257/72 258/258/72 
f 258/258/72 257/257/72 259/259/70 260/260/70 
f 261/261/70 262/262/71 263/263/70 264/264/70 
f 265/265/70 266/266/70 267/267/70 268/268/70 
f 269/269/70 259/259/70 257/257/72 270/270/72 
f 270/270/72 257/257/72 255/255/70 271/271/70 
f 271/271/70 255/255/70 253/253/71 272/272/70 
f 272/272/70 253/253/71 251/251/71 273/273/70 
f 273/273/70 251/251/71 249/249/70 274/274/70 
f 274/274/70 249/249/70 247/247/72 275/275/70 
f 206/206/55 218/218/66 275/275/70 247/247/72 
f 208/208/57 207/207/56 276/276/71 209/209/58 
f 209/209/58 276/276/71 277/277/71 210/210/59 
f 210/210/59 277/277/71 278/278/70 211/211/60 
f 211/211/60 278/278/70 279/279/70 212/212/61 
f 212/212/61 279/279/70 280/280/70 213/213/62 
f 213/213/62 280/280/70 281/281/73 217/217/65 
f 217/217/65 281/281/73 282/282/71 223/223/69 
f 283/283/71 284/284/74 285/285/75 286/286/71 
f 287/287/70 288/288/70 289/289/70 290/290/70 
f 260/260/70 282/282/71 281/281/73 258/258/72 
f 258/258/72 281/281/73 280/280/70 256/256/70 
f 256/256/70 280/280/70 279/279/70 254/254/70 
f 254/254/70 279/279/70 278/278/70 252/252/71 
f 252/252/71 278/278/70 277/277/71 250/250/71 
f 250/250/71 277/277/71 276/276/71 248/248/73 
f 248/248/73 276/276/71 207/207/56 205/205/54 
f 291/291/71 292/292/71 293/293/76 220/220/63 
f 245/245/71 294/294/71 292/292/71 291/291/71 
f 246/246/71 295/295/71 294/294/71 245/245/71 
f 239/239/71 296/296/71 295/295/71 246/246/71 
f 240/240/71 297/297/71 296/296/71 239/239/71 
f 232/232/73 298/298/73 297/297/71 240/240/71 
f 234/234/71 299/299/70 298/298/73 232/232/73 
f 300/300/70 301/301/70 302/302/70 303/303/71 
f 304/304/72 305/305/70 306/306/70 307/307/72 
f 308/308/71 304/304/72 307/307/72 309/309/70 
f 310/310/71 308/308/71 309/309/70 311/311/70 
f 312/312/71 310/310/71 311/311/70 313/313/70 
f 314/314/70 312/312/71 313/313/70 315/315/70 
f 316/316/70 314/314/70 315/315/70 317/317/70 
f 216/216/64 316/316/70 317/317/70 215/215/63 
f 318/318/70 319/319/70 320/320/70 321/321/70 
f 322/322/77 323/323/78 324/324/79 325/325/80 
f 325/325/80 324/324/79 326/326/81 327/327/82 
f 328/328/2 329/329/3 330/330/2 331/331/2 
f 332/332/3 329/329/3 328/328/2 333/333/3 
f 334/334/3 332/332/3 333/333/3 335/335/3 
f 336/336/2 334/334/3 335/335/3 337/337/2 
f 338/338/3 336/336/2 337/337/2 339/339/3 
f 340/340/3 338/338/3 339/339/3 341/341/3 
f 342/342/2 340/340/3 341/341/3 343/343/2 
f 344/344/3 342/342/2 343/343/2 345/345/2 
f 346/346/2 347/347/2 348/348/2 349/349/2 
f 347/347/2 350/350/2 351/351/3 348/348/2 
f 350/350/2 352/352/2 353/353/2 351/351/3 
f 352/352/2 354/354/2 355/355/3 353/353/2 
f 354/354/2 356/356/2 357/357/2 355/355/3 
f 356/356/2 358/358/2 359/359/3 357/357/2 
f 358/358/2 360/360/2 361/361/2 359/359/3 
f 360/360/2 362/362/2 363/363/2 361/361/2 
f 364/364/2 365/365/2 366/366/3 367/367/2 
f 368/368/2 369/369/2 370/370/2 371/371/2 
f 372/372/2 373/373/2 374/374/2 375/375/2 
f 369/369/2 376/376/2 377/377/2 370/370/2 
f 378/378/2 372/372/2 375/375/2 379/379/2 
f 380/380/2 381/381/3 382/382/2 383/383/2 
f 365/365/2 364/364/2 380/380/2 383/383/2 
f 384/384/2 380/380/2 364/364/2 385/385/2 
f 385/385/2 364/364/2 367/367/2 386/386/2 
f 387/387/2 388/388/2 389/389/2 390/390/2 
f 391/391/2 392/392/2 393/393/2 394/394/2 
f 394/394/2 393/393/2 395/395/2 396/396/2 
f 354/354/2 396/396/2 395/395/2 356/356/2 
f 358/358/2 382/382/2 381/381/3 360/360/2 
f 360/360/2 381/381/3 397/397/3 362/362/2 
f 356/356/2 395/395/2 382/382/2 358/358/2 
f 382/382/2 395/395/2 393/393/2 383/383/2 
f 383/383/2 393/393/2 392/392/2 365/365/2 
f 365/365/2 392/392/2 398/398/2 366/366/3 
f 391/391/2 394/394/2 347/347/2 346/346/2 
f 394/394/2 396/396/2 350/350/2 347/347/2 
f 396/396/2 354/354/2 352/352/2 350/350/2 
f 399/399/2 344/344/3 345/345/2 400/400/2 
f 362/362/2 401/401/2 402/402/2 363/363/2 
f 397/397/3 403/403/2 401/401/2 362/362/2 
f 380/380/2 384/384/2 397/397/3 381/381/3 
f 404/404/2 405/405/2 406/406/2 407/407/2 
f 330/330/2 408/408/3 409/409/3 331/331/2 
f 410/410/2 346/346/2 349/349/2 411/411/2 
f 405/405/2 412/412/2 413/413/3 406/406/2 
f 391/391/2 414/414/2 398/398/2 392/392/2 
f 415/415/2 404/404/2 407/407/2 416/416/3 
f 346/346/2 410/410/2 414/414/2 391/391/2 
f 417/417/2 418/418/2 419/419/2 420/420/2 
f 421/421/2 422/422/2 423/423/2 424/424/2 
f 425/425/2 426/426/2 422/422/2 421/421/2 
f 427/427/3 368/368/2 371/371/2 428/428/2 
f 373/373/2 429/429/2 430/430/2 374/374/2 
f 387/387/2 431/431/2 432/432/2 388/388/2 
f 433/433/2 434/434/2 435/435/2 436/436/2 
f 437/437/2 438/438/3 439/439/3 440/440/2 
f 441/441/2 442/442/2 443/443/2 444/444/2 
f 445/445/2 446/446/2 447/447/2 448/448/2 
f 448/448/2 447/447/2 442/442/2 441/441/2 
f 449/449/83 450/450/84 451/451/85 452/452/86 
f 450/450/84 453/453/87 454/454/88 451/451/85 
f 453/453/87 455/455/89 456/456/90 454/454/88 
f 455/455/89 457/457/91 458/458/92 456/456/90 
f 459/459/93 460/460/94 458/458/92 457/457/91 
f 461/461/95 462/462/96 460/460/94 459/459/93 
f 463/463/97 464/464/98 462/462/96 461/461/95 
f 465/465/21 466/466/21 464/464/98 463/463/97 
f 467/467/99 468/468/99 469/469/99 470/470/99 
f 467/467/99 470/470/99 471/471/99 472/472/99 
f 473/473/21 474/474/21 466/466/21 465/465/21 
f 475/475/99 449/449/83 452/452/86 476/476/100 
f 477/477/21 478/478/21 479/479/21 480/480/21 
f 468/468/99 481/481/100 482/482/100 469/469/99 
f 483/483/100 484/484/100 485/485/100 486/486/100 
f 418/418/2 399/399/2 400/400/2 419/419/2 
f 424/424/2 402/402/2 401/401/2 421/421/2 
f 425/425/2 421/421/2 401/401/2 403/403/2 
f 480/480/21 479/479/21 474/474/21 473/473/21 
f 487/487/101 488/488/102 489/489/103 490/490/104 
f 491/491/105 487/487/101 490/490/104 492/492/106 
f 493/493/107 491/491/105 492/492/106 494/494/108 
f 495/495/109 496/496/110 493/493/107 494/494/108 
f 497/497/111 498/498/112 496/496/110 495/495/109 
f 499/499/113 500/500/114 498/498/112 497/497/111 
f 501/501/115 502/502/116 500/500/114 499/499/113 
f 503/503/117 504/504/118 502/502/116 501/501/115 
f 505/505/119 506/506/119 507/507/120 508/508/120 
f 506/506/119 509/509/121 510/510/120 507/507/120 
f 511/511/122 512/512/118 504/504/118 503/503/117 
f 488/488/102 513/513/123 514/514/124 489/489/103 
f 515/515/125 516/516/119 517/517/120 518/518/120 
f 519/519/126 520/520/127 521/521/128 522/522/129 
f 523/523/130 524/524/131 512/512/118 511/511/122 
f 525/525/132 526/526/133 488/488/102 487/487/101 
f 527/527/134 525/525/132 487/487/101 491/491/105 
f 528/528/135 527/527/134 491/491/105 493/493/107 
f 496/496/110 529/529/136 528/528/135 493/493/107 
f 498/498/112 530/530/137 529/529/136 496/496/110 
f 500/500/114 531/531/138 530/530/137 498/498/112 
f 502/502/116 532/532/139 531/531/138 500/500/114 
f 504/504/118 533/533/140 532/532/139 502/502/116 
f 534/534/141 535/535/141 506/506/119 505/505/119 
f 535/535/141 536/536/142 509/509/121 506/506/119 
f 512/512/118 537/537/143 533/533/140 504/504/118 
f 526/526/133 538/538/144 513/513/123 488/488/102 
f 539/539/141 540/540/141 516/516/119 515/515/125 
f 541/541/145 542/542/146 520/520/127 519/519/126 
f 524/524/131 543/543/147 537/537/143 512/512/118 
f 544/544/70 545/545/70 546/546/70 547/547/70 
f 548/548/70 549/549/70 550/550/70 551/551/70 
f 552/552/70 549/549/70 553/553/71 554/554/70 
f 555/555/70 556/556/70 557/557/70 558/558/70 
f 548/548/70 556/556/70 559/559/71 560/560/71 
f 561/561/71 562/562/70 563/563/70 564/564/70 
f 555/555/70 562/562/70 565/565/71 566/566/71 
f 540/540/141 561/561/71 564/564/70 534/534/141 
f 525/525/132 567/567/71 568/568/70 526/526/133 
f 567/567/71 569/569/71 570/570/70 568/568/70 
f 569/569/71 571/571/71 572/572/71 570/570/70 
f 571/571/71 573/573/70 574/574/71 572/572/71 
f 573/573/70 575/575/71 576/576/70 574/574/71 
f 575/575/71 577/577/71 578/578/70 576/576/70 
f 577/577/71 579/579/70 580/580/70 578/578/70 
f 579/579/70 581/581/71 582/582/70 580/580/70 
f 583/583/71 584/584/70 585/585/70 586/586/71 
f 587/587/70 588/588/70 578/578/70 580/580/70 
f 588/588/70 589/589/71 576/576/70 578/578/70 
f 589/589/71 590/590/70 574/574/71 576/576/70 
f 590/590/70 591/591/70 572/572/71 574/574/71 
f 591/591/70 592/592/70 570/570/70 572/572/71 
f 592/592/70 593/593/70 568/568/70 570/570/70 
f 526/526/133 568/568/70 593/593/70 538/538/144 
f 528/528/135 529/529/136 594/594/71 527/527/134 
f 529/529/136 530/530/137 595/595/71 594/594/71 
f 530/530/137 531/531/138 596/596/70 595/595/71 
f 531/531/138 532/532/139 597/597/70 596/596/70 
f 532/532/139 533/533/140 598/598/71 597/597/70 
f 533/533/140 537/537/143 599/599/71 598/598/71 
f 537/537/143 543/543/147 600/600/71 599/599/71 
f 543/543/147 601/601/148 602/602/71 600/600/71 
f 603/603/70 604/604/70 605/605/70 606/606/70 
f 579/579/70 577/577/71 599/599/71 600/600/71 
f 577/577/71 575/575/71 598/598/71 599/599/71 
f 575/575/71 573/573/70 597/597/70 598/598/71 
f 573/573/70 571/571/71 596/596/70 597/597/70 
f 571/571/71 569/569/71 595/595/71 596/596/70 
f 569/569/71 567/567/71 594/594/71 595/595/71 
f 567/567/71 525/525/132 527/527/134 594/594/71 
f 607/607/149 608/608/71 609/609/71 539/539/141 
f 608/608/71 610/610/71 565/565/71 609/609/71 
f 610/610/71 611/611/71 566/566/71 565/565/71 
f 611/611/71 612/612/71 559/559/71 566/566/71 
f 612/612/71 613/613/71 560/560/71 559/559/71 
f 613/613/71 614/614/70 553/553/71 560/560/71 
f 614/614/70 615/615/70 554/554/70 553/553/71 
f 615/615/70 616/616/70 617/617/70 554/554/70 
f 618/618/71 619/619/70 620/620/70 621/621/70 
f 619/619/70 622/622/70 623/623/70 620/620/70 
f 622/622/70 624/624/70 625/625/70 623/623/70 
f 624/624/70 626/626/70 627/627/70 625/625/70 
f 626/626/70 628/628/70 629/629/70 627/627/70 
f 628/628/70 630/630/70 631/631/70 629/629/70 
f 630/630/70 536/536/142 535/535/141 631/631/70 
f 621/621/70 632/632/70 633/633/70 618/618/71 
f 634/634/150 635/635/151 636/636/152 637/637/153 
f 635/635/151 638/638/82 639/639/82 636/636/152 
f 534/534/141 564/564/70 631/631/70 535/535/141 
f 564/564/70 563/563/70 629/629/70 631/631/70 
f 563/563/70 558/558/70 627/627/70 629/629/70 
f 558/558/70 557/557/70 625/625/70 627/627/70 
f 557/557/70 551/551/70 623/623/70 625/625/70 
f 551/551/70 550/550/70 620/620/70 623/623/70 
f 550/550/70 640/640/70 621/621/70 620/620/70 
f 640/640/70 641/641/70 632/632/70 621/621/70 
f 227/227/70 226/226/70 642/642/71 643/643/70 
f 644/644/70 228/228/72 307/307/72 306/306/70 
f 228/228/72 231/231/70 309/309/70 307/307/72 
f 231/231/70 235/235/70 311/311/70 309/309/70 
f 235/235/70 238/238/70 313/313/70 311/311/70 
f 238/238/70 241/241/70 315/315/70 313/313/70 
f 241/241/70 244/244/70 317/317/70 315/315/70 
f 244/244/70 214/214/63 215/215/63 317/317/70 
f 123/123/6 169/169/26 168/168/25 124/124/7 
f 124/124/7 168/168/25 172/172/29 126/126/9 
f 126/126/9 172/172/29 174/174/31 128/128/11 
f 128/128/11 174/174/31 175/175/32 130/130/13 
f 175/175/32 177/177/34 132/132/15 130/130/13 
f 177/177/34 179/179/36 134/134/17 132/132/15 
f 179/179/36 181/181/38 136/136/19 134/134/17 
f 181/181/38 183/183/40 138/138/21 136/136/19 
f 141/141/23 187/187/43 186/186/43 142/142/22 
f 144/144/23 189/189/44 187/187/43 141/141/23 
f 183/183/40 191/191/45 146/146/21 138/138/21 
f 149/149/23 193/193/46 169/169/26 123/123/6 
f 645/645/154 646/646/155 151/151/21 150/150/21 
f 142/142/22 186/186/43 195/195/43 154/154/22 
f 157/157/22 198/198/43 647/647/156 158/158/23 
f 191/191/45 203/203/53 165/165/21 146/146/21 
f 490/490/104 489/489/103 452/452/86 451/451/85 
f 492/492/106 490/490/104 451/451/85 454/454/88 
f 494/494/108 492/492/106 454/454/88 456/456/90 
f 495/495/109 494/494/108 456/456/90 458/458/92 
f 460/460/94 497/497/111 495/495/109 458/458/92 
f 462/462/96 499/499/113 497/497/111 460/460/94 
f 464/464/98 501/501/115 499/499/113 462/462/96 
f 466/466/21 503/503/117 501/501/115 464/464/98 
f 508/508/120 507/507/120 470/470/99 469/469/99 
f 507/507/120 510/510/120 471/471/99 470/470/99 
f 474/474/21 511/511/122 503/503/117 466/466/21 
f 489/489/103 514/514/124 476/476/100 452/452/86 
f 648/648/21 634/634/150 637/637/153 649/649/21 
f 518/518/120 517/517/120 482/482/100 486/486/100 
f 522/522/129 521/521/128 650/650/99 651/651/99 
f 479/479/21 523/523/130 511/511/122 474/474/21 
f 652/652/2 653/653/2 654/654/2 655/655/2 
f 656/656/80 657/657/77 322/322/77 325/325/80 
f 658/658/2 659/659/2 660/660/2 661/661/2 
f 662/662/2 663/663/2 664/664/2 665/665/2 
f 666/666/21 667/667/21 648/648/21 668/668/21 
f 669/669/70 670/670/70 585/585/70 606/606/70 
f 670/670/70 671/671/70 586/586/71 585/585/70 
f 672/672/157 673/673/70 605/605/70 638/638/82 
f 673/673/70 669/669/70 606/606/70 605/605/70 
f 674/674/70 675/675/70 676/676/70 677/677/70 
f 678/678/151 672/672/157 638/638/82 635/635/151 
f 667/667/21 679/679/150 634/634/150 648/648/21 
f 680/680/2 681/681/2 682/682/2 683/683/2 
f 684/684/151 685/685/158 686/686/158 687/687/159 
f 688/688/2 689/689/2 690/690/2 691/691/2 
f 692/692/2 693/693/2 681/681/2 694/694/2 
f 695/695/21 696/696/21 697/697/21 698/698/21 
f 699/699/70 700/700/70 701/701/70 702/702/70 
f 700/700/70 703/703/70 704/704/70 701/701/70 
f 705/705/160 706/706/70 707/707/70 708/708/161 
f 706/706/70 699/699/70 702/702/70 707/707/70 
f 709/709/70 710/710/70 711/711/70 712/712/70 
f 713/713/80 705/705/160 708/708/161 687/687/159 
f 696/696/21 714/714/162 686/686/158 697/697/21 
f 388/715/2 432/716/2 715/717/2 716/718/2 
f 716/719/2 715/720/2 717/721/3 718/722/2 
f 719/723/2 720/724/2 434/725/2 433/726/2 
f 445/727/2 721/728/2 720/729/2 719/730/2 
f 718/722/2 722/731/3 723/732/2 716/719/2 
f 389/733/2 388/715/2 716/718/2 723/734/2 
f 546/735/70 724/736/70 725/737/70 547/738/70 
f 726/739/70 727/740/70 728/741/70 729/742/70 
f 547/738/70 725/737/70 727/740/70 726/739/70 
f 730/743/70 731/744/70 732/745/70 733/746/70 
f 734/747/70 735/748/70 736/749/70 737/750/70 
f 733/746/70 732/745/70 735/748/70 734/747/70 
f 96/96/2 111/111/2 114/114/2 97/97/2 
f 116/116/2 98/98/2 99/99/2 117/117/2 
f 121/121/2 110/110/2 101/101/2 100/100/2 
f 116/116/2 121/121/2 100/100/2 98/98/2 
f 105/105/3 104/104/3 107/107/2 106/106/2 
f 104/104/3 59/59/3 101/101/2 107/107/2 
f 157/157/22 156/156/23 155/155/22 154/154/22 
f 186/186/43 185/185/42 196/196/42 195/195/43 
f 185/185/42 214/214/63 219/219/63 196/196/42 
f 738/751/70 739/752/70 225/225/71 224/224/70 
f 232/232/73 240/240/71 230/230/71 229/229/72 
f 228/228/72 644/644/70 233/233/71 229/229/72 
f 239/239/71 246/246/71 237/237/71 236/236/70 
f 235/235/70 231/231/70 230/230/71 236/236/70 
f 245/245/71 291/291/71 243/243/71 242/242/70 
f 241/241/70 238/238/70 237/237/71 242/242/70 
f 291/291/71 220/220/63 219/219/63 243/243/71 
f 438/438/3 427/427/3 428/428/2 439/439/3 
f 444/444/2 430/430/2 429/429/2 441/441/2 
f 432/432/2 431/431/2 435/435/2 434/434/2 
f 481/481/100 483/483/100 486/486/100 482/482/100 
f 516/516/119 505/505/119 508/508/120 517/517/120 
f 540/540/141 534/534/141 505/505/119 516/516/119 
f 554/554/70 617/617/70 740/753/70 552/552/70 
f 560/560/71 553/553/71 549/549/70 548/548/70 
f 640/640/70 550/550/70 549/549/70 552/552/70 
f 566/566/71 559/559/71 556/556/70 555/555/70 
f 551/551/70 557/557/70 556/556/70 548/548/70 
f 609/609/71 565/565/71 562/562/70 561/561/71 
f 558/558/70 563/563/70 562/562/70 555/555/70 
f 539/539/141 609/609/71 561/561/71 540/540/141 
f 198/198/43 157/157/22 154/154/22 195/195/43 
f 517/517/120 508/508/120 469/469/99 482/482/100 
f 715/717/2 432/716/2 434/725/2 720/724/2 
f 717/721/3 715/720/2 720/729/2 721/728/2 
f 741/754/70 742/755/70 724/736/70 546/735/70 
f 743/756/70 744/757/70 731/744/70 730/743/70 
f 109/109/2 108/108/2 745/758/2 746/759/2 
f 108/108/2 110/110/2 120/120/2 745/758/2 
f 747/760/3 748/761/3 749/762/3 750/763/3 
f 751/764/2 752/765/2 753/766/2 754/767/2 
f 755/768/2 84/84/2 756/769/2 757/770/2 
f 751/764/2 755/768/2 757/770/2 752/765/2 
f 758/771/22 759/772/22 760/773/22 761/774/22 
f 198/198/43 197/197/48 762/775/163 647/647/156 
f 197/197/48 220/220/63 293/293/76 762/775/163 
f 763/776/70 221/221/67 764/777/164 765/778/72 
f 766/779/70 763/776/70 765/778/72 767/780/70 
f 768/781/70 766/779/70 767/780/70 769/782/70 
f 770/783/70 768/781/70 769/782/70 771/784/70 
f 772/785/70 770/783/70 771/784/70 773/786/70 
f 774/787/73 772/785/70 773/786/70 775/788/72 
f 776/789/71 774/787/73 775/788/72 777/790/70 
f 709/709/70 778/791/70 779/792/70 780/793/70 
f 719/794/2 433/433/2 781/795/2 782/796/2 
f 433/433/2 436/436/2 783/797/2 781/795/2 
f 445/445/2 719/794/2 782/796/2 446/446/2 
f 784/798/3 785/799/2 786/800/3 787/801/3 
f 788/802/2 789/803/2 790/804/2 791/805/2 
f 415/415/2 792/806/2 793/807/2 794/808/2 
f 792/806/2 791/805/2 790/804/2 793/807/2 
f 795/809/99 796/810/99 650/650/99 797/811/99 
f 798/812/165 515/515/125 518/518/120 799/813/166 
f 607/607/149 539/539/141 515/515/125 798/812/165 
f 542/542/146 800/814/70 801/815/70 802/816/167 
f 800/814/70 803/817/70 804/818/70 801/815/70 
f 803/817/70 805/819/70 806/820/70 804/818/70 
f 805/819/70 807/821/70 808/822/70 806/820/70 
f 807/821/70 809/823/70 810/824/70 808/822/70 
f 809/823/70 811/825/71 812/826/70 810/824/70 
f 811/825/71 813/827/71 814/828/70 812/826/70 
f 813/827/71 815/829/70 816/830/70 814/828/70 
f 199/199/49 758/771/22 761/774/22 817/831/168 
f 799/813/166 518/518/120 486/486/100 485/485/100 
f 743/832/70 818/833/70 819/834/70 820/835/70 
f 738/751/70 821/836/70 822/837/70 823/838/70 
f 824/839/2 825/840/2 826/841/2 827/842/2 
f 653/653/2 828/843/2 829/844/2 654/654/2 
f 653/653/2 830/845/2 831/846/2 828/843/2 
f 832/847/21 833/848/21 834/849/21 835/850/21 
f 836/851/71 837/852/70 838/853/70 839/854/71 
f 265/265/70 290/290/70 289/289/70 266/266/70 
f 261/261/70 840/855/70 841/856/70 842/857/70 
f 287/287/70 327/327/82 326/326/81 288/288/70 
f 283/283/71 262/262/71 843/858/71 844/859/70 
f 738/751/70 823/838/70 845/860/70 739/752/70 
f 846/861/70 643/643/70 642/642/71 847/862/70 
f 848/863/169 646/646/155 849/864/170 850/865/171 
f 850/865/171 849/864/170 284/284/74 851/866/172 
f 837/852/70 319/319/70 852/867/71 838/853/70 
f 322/322/77 832/847/21 835/850/21 323/323/78 
f 300/300/70 836/851/71 839/854/71 853/868/70 
f 854/869/71 855/870/71 856/871/71 857/872/70 
f 659/659/2 858/873/2 859/874/2 660/660/2 
f 860/875/2 861/876/2 664/664/2 862/877/2 
f 665/665/2 664/664/2 861/876/2 863/878/2 
f 668/668/21 648/648/21 649/649/21 864/879/21 
f 865/880/70 866/881/70 867/882/70 868/883/70 
f 606/606/70 585/585/70 584/584/70 603/603/70 
f 869/884/70 870/885/70 871/886/70 872/887/71 
f 638/638/82 605/605/70 604/604/70 639/639/82 
f 873/888/71 874/889/71 875/890/71 876/891/71 
f 877/892/70 741/893/70 878/894/70 879/895/70 
f 726/896/70 729/897/70 880/898/70 881/899/70 
f 882/900/173 883/901/174 884/902/175 885/903/176 
f 886/904/177 882/900/173 885/903/176 887/905/178 
f 547/547/70 726/896/70 881/899/70 544/544/70 
f 883/901/174 888/906/21 889/907/21 884/902/175 
f 741/893/70 546/546/70 545/545/70 878/894/70 
f 890/908/70 891/909/70 892/910/71 893/911/71 
f 894/912/2 895/913/2 896/914/2 897/915/2 
f 898/916/2 899/917/2 900/918/2 901/919/2 
f 902/920/2 901/919/2 900/918/2 903/921/2 
f 904/922/21 888/906/21 905/923/21 906/924/21 
f 873/888/71 870/885/70 907/925/70 908/926/71 
f 886/904/177 874/889/71 909/927/71 910/928/179 
f 911/929/70 912/930/70 913/931/70 914/932/70 
f 915/933/70 916/934/70 917/935/70 918/936/70 
f 865/880/70 915/933/70 918/936/70 919/937/70 
f 912/930/70 866/881/70 920/938/70 913/931/70 
f 921/939/70 922/940/70 923/941/71 924/942/70 
f 640/640/70 552/552/70 740/753/70 641/641/70 
f 587/587/70 580/580/70 582/582/70 925/943/71 
f 579/579/70 600/600/71 602/602/71 581/581/71 
f 524/524/131 523/523/130 926/944/130 927/945/180 
f 543/543/147 524/524/131 927/945/180 601/601/148 
f 523/523/130 479/479/21 478/478/21 926/944/130 
f 928/3/3 929/2/3 930/1/1 931/4/4 
f 932/5/3 929/2/3 928/3/3 933/6/3 
f 934/7/3 932/5/3 933/6/3 935/8/3 
f 936/9/2 934/7/3 935/8/3 937/10/2 
f 938/11/2 936/9/2 937/10/2 939/12/2 
f 940/13/2 938/11/2 939/12/2 941/14/2 
f 942/15/2 940/13/2 941/14/2 943/16/2 
f 944/17/2 942/15/2 943/16/2 945/18/2 
f 946/20/3 947/19/3 948/22/4 949/21/2 
f 947/19/3 950/23/2 951/24/2 948/22/4 
f 950/23/2 952/25/2 953/26/3 951/24/2 
f 952/25/2 954/27/2 955/28/2 953/26/3 
f 954/27/2 956/29/3 957/30/3 955/28/2 
f 956/29/3 958/31/3 959/32/3 957/30/3 
f 958/31/3 960/34/3 961/33/3 959/32/3 
f 960/34/3 962/36/2 963/35/3 961/33/3 
f 964/37/2 965/40/2 966/39/2 967/38/3 
f 968/42/2 969/41/2 970/44/2 971/43/3 
f 972/46/2 973/45/3 974/48/3 975/47/2 
f 969/41/2 49/49/2 50/50/2 970/44/2 
f 51/51/2 972/46/2 975/47/2 52/52/2 
f 976/53/2 977/56/2 978/55/2 979/54/2 
f 965/40/2 964/37/2 976/53/2 979/54/2 
f 980/57/3 981/60/3 982/59/2 983/58/2 
f 984/61/3 985/64/2 986/63/2 987/62/2 
f 987/62/2 986/63/2 988/66/2 989/65/2 
f 954/27/2 989/65/2 988/66/2 956/29/3 
f 958/31/3 978/55/2 977/56/2 960/34/3 
f 960/34/3 977/56/2 990/67/2 962/36/2 
f 956/29/3 988/66/2 978/55/2 958/31/3 
f 978/55/2 988/66/2 986/63/2 979/54/2 
f 979/54/2 986/63/2 985/64/2 965/40/2 
f 965/40/2 985/64/2 991/68/3 966/39/2 
f 51/51/2 69/69/2 980/57/3 972/46/2 
f 972/46/2 980/57/3 983/58/2 973/45/3 
f 984/61/3 987/62/2 947/19/3 946/20/3 
f 987/62/2 989/65/2 950/23/2 947/19/3 
f 989/65/2 954/27/2 952/25/2 950/23/2 
f 992/70/2 944/17/2 945/18/2 993/71/2 
f 962/36/2 994/72/2 995/73/2 963/35/3 
f 990/67/2 996/74/2 994/72/2 962/36/2 
f 997/76/2 998/75/2 999/78/3 1000/77/3 
f 930/1/1 1001/79/4 1002/80/1 931/4/4 
f 1003/81/2 946/20/3 949/21/2 1004/82/2 
f 984/61/3 1005/83/3 991/68/3 985/64/2 
f 1006/84/2 997/76/2 1000/77/3 1007/85/2 
f 946/20/3 1003/81/2 1005/83/3 984/61/3 
f 1008/87/2 1009/86/2 1010/89/2 1011/88/2 
f 1012/93/2 1013/92/2 1014/91/2 1015/90/2 
f 1016/94/2 1015/90/2 1014/91/2 1017/95/2 
f 1018/96/3 968/42/2 971/43/3 1019/97/3 
f 973/45/3 1020/98/2 1021/99/3 974/48/3 
f 1022/100/2 983/58/2 982/59/2 1023/101/2 
f 1020/98/2 973/45/3 983/58/2 1022/100/2 
f 1024/102/2 1025/105/2 1026/104/2 1027/103/1 
f 1027/103/1 1026/104/2 982/59/2 981/60/3 
f 1028/106/2 1029/109/2 1030/108/2 1031/107/2 
f 1031/107/2 1030/108/2 1032/110/2 1023/101/2 
f 1033/112/2 1034/111/2 1035/114/2 1036/113/2 
f 1037/116/2 1038/115/2 1039/118/2 1040/117/2 
f 1041/119/2 1042/121/2 1032/110/2 1043/120/2 
f 1038/115/2 1037/116/2 1042/121/2 1041/119/2 
f 1044/122/181 1045/125/182 1046/124/183 1047/123/184 
f 1045/125/182 1048/127/185 1049/126/186 1046/124/183 
f 1048/127/185 1050/129/187 1051/128/188 1049/126/186 
f 1050/129/187 1052/131/189 1053/130/190 1051/128/188 
f 1053/130/190 1052/131/189 1054/133/191 1055/132/192 
f 1055/132/192 1054/133/191 1056/135/193 1057/134/194 
f 1057/134/194 1056/135/193 1058/137/195 1059/136/196 
f 1059/136/196 1058/137/195 1060/139/197 1061/138/197 
f 1062/140/22 1063/143/22 1064/142/22 1065/141/22 
f 144/144/23 145/145/22 1062/140/22 1065/141/22 
f 1061/138/197 1060/139/197 1066/147/197 1067/146/197 
f 1068/148/22 1044/122/181 1047/123/184 1069/149/22 
f 1070/152/197 1071/151/197 1072/150/197 1073/153/197 
f 1063/143/22 1074/155/22 1075/154/22 1064/142/22 
f 1076/156/22 1077/159/22 1078/158/22 1079/157/22 
f 1080/160/2 992/70/2 993/71/2 1081/161/2 
f 1082/162/2 995/73/2 994/72/2 1083/163/2 
f 1084/164/2 1083/163/2 994/72/2 996/74/2 
f 1067/146/197 1066/147/197 1085/166/197 1086/165/197 
f 1087/167/198 1088/170/199 1089/169/200 1090/168/201 
f 1091/171/202 1087/167/198 1090/168/201 1092/172/203 
f 1093/173/204 1091/171/202 1092/172/203 1094/174/205 
f 1095/175/206 1096/176/207 1093/173/204 1094/174/205 
f 1097/177/208 1098/178/209 1096/176/207 1095/175/206 
f 1099/179/210 1100/180/211 1098/178/209 1097/177/208 
f 1101/181/212 1102/182/213 1100/180/211 1099/179/210 
f 1103/183/214 1104/184/215 1102/182/213 1101/181/212 
f 1105/185/216 1106/188/216 1107/187/44 1108/186/44 
f 1106/188/216 190/190/42 189/189/44 1107/187/44 
f 1109/191/217 1110/192/215 1104/184/215 1103/183/214 
f 1088/170/199 1111/194/218 1112/193/219 1089/169/200 
f 1113/195/44 1114/198/44 1115/197/220 1116/196/216 
f 1117/201/221 1118/200/222 1119/199/223 1120/202/224 
f 1121/203/225 1122/204/215 1110/192/215 1109/191/217 
f 1123/205/226 1124/206/227 1088/170/199 1087/167/198 
f 1125/207/228 1123/205/226 1087/167/198 1091/171/202 
f 1126/208/229 1125/207/228 1091/171/202 1093/173/204 
f 1096/176/207 1127/209/230 1126/208/229 1093/173/204 
f 1098/178/209 1128/210/231 1127/209/230 1096/176/207 
f 1100/180/211 1129/211/232 1128/210/231 1098/178/209 
f 1102/182/213 1130/212/233 1129/211/232 1100/180/211 
f 1104/184/215 1131/213/234 1130/212/233 1102/182/213 
f 1132/214/64 1133/215/64 1106/188/216 1105/185/216 
f 1133/215/64 216/216/64 190/190/42 1106/188/216 
f 1110/192/215 1134/217/235 1131/213/234 1104/184/215 
f 1124/206/227 1135/218/236 1111/194/218 1088/170/199 
f 1116/196/216 1115/197/220 1136/220/64 1137/219/64 
f 1138/222/237 1139/221/238 1118/200/222 1117/201/221 
f 1122/204/215 1140/223/239 1134/217/235 1110/192/215 
f 1141/224/70 1142/227/70 1143/226/71 1144/225/71 
f 1145/228/73 1146/231/71 1147/230/70 1148/229/72 
f 1149/232/72 1150/234/70 1151/233/70 1148/229/72 
f 1152/235/71 1153/238/71 1154/237/70 1155/236/70 
f 1156/239/70 1157/240/70 1147/230/70 1155/236/70 
f 1158/241/71 1159/244/71 1160/243/70 1161/242/70 
f 1162/245/70 1163/246/70 1154/237/70 1161/242/70 
f 1159/244/71 1132/214/64 1137/219/64 1160/243/70 
f 1123/205/226 1164/248/72 1165/247/73 1124/206/227 
f 1164/248/72 1166/250/70 1167/249/70 1165/247/73 
f 1166/250/70 1168/252/70 1169/251/70 1167/249/70 
f 1168/252/70 1170/254/70 1171/253/70 1169/251/70 
f 1170/254/70 1172/256/70 1173/255/71 1171/253/70 
f 1172/256/70 1174/258/72 1175/257/73 1173/255/71 
f 1174/258/72 1176/260/70 1177/259/70 1175/257/73 
f 1178/262/70 1179/261/71 1180/264/71 1181/263/70 
f 1182/265/70 1183/268/70 1184/267/70 1185/266/70 
f 1186/269/71 1187/270/73 1175/257/73 1177/259/70 
f 1187/270/73 1188/271/71 1173/255/71 1175/257/73 
f 1188/271/71 1189/272/71 1171/253/70 1173/255/71 
f 1189/272/71 1190/273/70 1169/251/70 1171/253/70 
f 1190/273/70 1191/274/71 1167/249/70 1169/251/70 
f 1191/274/71 1192/275/71 1165/247/73 1167/249/70 
f 1124/206/227 1165/247/73 1192/275/71 1135/218/236 
f 1126/208/229 1127/209/230 1193/276/70 1125/207/228 
f 1127/209/230 1128/210/231 1194/277/70 1193/276/70 
f 1128/210/231 1129/211/232 1195/278/71 1194/277/70 
f 1129/211/232 1130/212/233 1196/279/71 1195/278/71 
f 1130/212/233 1131/213/234 1197/280/70 1196/279/71 
f 1131/213/234 1134/217/235 1198/281/72 1197/280/70 
f 1134/217/235 1140/223/239 1199/282/70 1198/281/72 
f 1200/284/240 1201/283/70 1202/286/71 1203/285/241 
f 1204/287/71 1205/290/70 1206/289/70 1207/288/71 
f 1176/260/70 1174/258/72 1198/281/72 1199/282/70 
f 1174/258/72 1172/256/70 1197/280/70 1198/281/72 
f 1172/256/70 1170/254/70 1196/279/71 1197/280/70 
f 1170/254/70 1168/252/70 1195/278/71 1196/279/71 
f 1168/252/70 1166/250/70 1194/277/70 1195/278/71 
f 1166/250/70 1164/248/72 1193/276/70 1194/277/70 
f 1164/248/72 1123/205/226 1125/207/228 1193/276/70 
f 1208/291/70 1136/220/64 1209/293/242 1210/292/70 
f 1162/245/70 1208/291/70 1210/292/70 1211/294/70 
f 1163/246/70 1162/245/70 1211/294/70 1212/295/70 
f 1156/239/70 1163/246/70 1212/295/70 1213/296/70 
f 1157/240/70 1156/239/70 1213/296/70 1214/297/70 
f 1149/232/72 1157/240/70 1214/297/70 1215/298/72 
f 1150/234/70 1149/232/72 1215/298/72 1216/299/71 
f 1217/301/71 1218/300/71 1219/303/71 1220/302/71 
f 304/304/72 1221/307/73 1222/306/71 305/305/70 
f 308/308/71 1223/309/71 1221/307/73 304/304/72 
f 310/310/71 1224/311/71 1223/309/71 308/308/71 
f 312/312/71 1225/313/70 1224/311/71 310/310/71 
f 314/314/70 1226/315/70 1225/313/70 312/312/71 
f 316/316/70 1227/317/70 1226/315/70 314/314/70 
f 216/216/64 1133/215/64 1227/317/70 316/316/70 
f 1228/319/70 318/318/70 321/321/70 1229/320/70 
f 1230/322/243 1231/325/244 1232/324/245 1233/323/246 
f 1231/325/244 1234/327/247 1235/326/247 1232/324/245 
f 1236/330/3 1237/329/3 1238/328/3 1239/331/3 
f 1237/329/3 1240/332/2 1241/333/2 1238/328/3 
f 1240/332/2 1242/334/2 1243/335/2 1241/333/2 
f 1242/334/2 1244/336/2 1245/337/2 1243/335/2 
f 1244/336/2 1246/338/2 1247/339/2 1245/337/2 
f 1246/338/2 1248/340/2 1249/341/2 1247/339/2 
f 1249/341/2 1248/340/2 1250/342/3 1251/343/3 
f 1250/342/3 1252/344/2 1253/345/2 1251/343/3 
f 1254/347/3 1255/346/2 1256/349/3 1257/348/3 
f 1258/350/2 1254/347/3 1257/348/3 1259/351/2 
f 1260/352/2 1258/350/2 1259/351/2 1261/353/3 
f 1262/354/3 1260/352/2 1261/353/3 1263/355/3 
f 1264/356/3 1262/354/3 1263/355/3 1265/357/3 
f 1266/358/3 1264/356/3 1265/357/3 1267/359/2 
f 1268/361/3 1269/360/3 1266/358/3 1267/359/2 
f 1270/363/3 1271/362/2 1269/360/3 1268/361/3 
f 1272/364/2 1273/367/3 1274/366/3 1275/365/2 
f 1276/369/2 1277/368/3 1278/371/3 1279/370/2 
f 1280/373/2 1281/372/2 1282/375/2 1283/374/3 
f 376/376/2 1276/369/2 1279/370/2 377/377/2 
f 1281/372/2 378/378/2 379/379/2 1282/375/2 
f 1284/380/2 1285/383/2 1286/382/2 1287/381/2 
f 1275/365/2 1285/383/2 1284/380/2 1272/364/2 
f 1288/384/2 1289/385/2 1272/364/2 1284/380/2 
f 1289/385/2 1290/386/2 1273/367/3 1272/364/2 
f 1291/387/2 390/390/2 389/389/2 1292/388/2 
f 1293/391/2 1294/394/3 1295/393/2 1296/392/2 
f 1294/394/3 1297/396/2 1298/395/2 1295/393/2 
f 1262/354/3 1264/356/3 1298/395/2 1297/396/2 
f 1266/358/3 1269/360/3 1287/381/2 1286/382/2 
f 1269/360/3 1271/362/2 1299/397/2 1287/381/2 
f 1264/356/3 1266/358/3 1286/382/2 1298/395/2 
f 1286/382/2 1285/383/2 1295/393/2 1298/395/2 
f 1285/383/2 1275/365/2 1296/392/2 1295/393/2 
f 1275/365/2 1274/366/3 1300/398/2 1296/392/2 
f 1293/391/2 1255/346/2 1254/347/3 1294/394/3 
f 1294/394/3 1254/347/3 1258/350/2 1297/396/2 
f 1297/396/2 1258/350/2 1260/352/2 1262/354/3 
f 1252/344/2 1301/399/2 1302/400/2 1253/345/2 
f 1303/401/2 1271/362/2 1270/363/3 1304/402/2 
f 1299/397/2 1271/362/2 1303/401/2 1305/403/2 
f 1284/380/2 1287/381/2 1299/397/2 1288/384/2 
f 1306/405/3 1307/404/2 1308/407/2 1309/406/3 
f 1310/408/2 1236/330/3 1239/331/3 1311/409/2 
f 1255/346/2 1312/410/3 1313/411/2 1256/349/3 
f 1314/412/3 1306/405/3 1309/406/3 1315/413/3 
f 1293/391/2 1296/392/2 1300/398/2 1316/414/3 
f 1307/404/2 1317/415/2 1318/416/3 1308/407/2 
f 1255/346/2 1293/391/2 1316/414/3 1312/410/3 
f 1319/418/2 1320/417/2 1321/420/2 1322/419/2 
f 1323/422/2 1324/421/2 1325/424/2 1326/423/2 
f 1327/425/2 1324/421/2 1323/422/2 1328/426/2 
f 1277/368/3 1329/427/2 1330/428/2 1278/371/3 
f 1331/429/3 1280/373/2 1283/374/3 1332/430/3 
f 1291/387/2 1292/388/2 1333/432/2 1334/431/2 
f 1335/433/2 1336/436/2 1337/435/2 1338/434/2 
f 1339/438/2 1340/437/2 1341/440/2 1342/439/2 
f 1343/442/2 1344/441/2 1345/444/2 1346/443/2 
f 1347/445/2 1348/448/2 1349/447/2 1350/446/2 
f 1348/448/2 1344/441/2 1343/442/2 1349/447/2 
f 1351/449/248 1352/452/249 1353/451/250 1354/450/251 
f 1354/450/251 1353/451/250 1355/454/252 1356/453/253 
f 1356/453/253 1355/454/252 1357/456/254 1358/455/255 
f 1358/455/255 1357/456/254 1359/458/256 1360/457/257 
f 1361/459/258 1360/457/257 1359/458/256 1362/460/259 
f 1363/461/260 1361/459/258 1362/460/259 1364/462/261 
f 1365/463/262 1363/461/260 1364/462/261 1366/464/263 
f 1367/465/197 1365/463/262 1366/464/263 1368/466/197 
f 1369/467/99 1370/470/99 1371/469/100 1372/468/100 
f 1369/467/99 472/472/99 471/471/99 1370/470/99 
f 1373/473/197 1367/465/197 1368/466/197 1374/474/197 
f 1375/475/99 1376/476/99 1352/452/249 1351/449/248 
f 1377/477/197 1378/480/197 1379/479/197 1380/478/197 
f 1372/468/100 1371/469/100 1381/482/99 1382/481/99 
f 1383/483/99 1384/486/99 1385/485/99 1386/484/99 
f 1301/399/2 1319/418/2 1322/419/2 1302/400/2 
f 1304/402/2 1325/424/2 1324/421/2 1303/401/2 
f 1327/425/2 1305/403/2 1303/401/2 1324/421/2 
f 1378/480/197 1373/473/197 1374/474/197 1379/479/197 
f 1387/487/264 1388/490/265 1389/489/266 1390/488/267 
f 1391/491/268 1392/492/269 1388/490/265 1387/487/264 
f 1393/493/270 1394/494/271 1392/492/269 1391/491/268 
f 1395/495/272 1394/494/271 1393/493/270 1396/496/273 
f 1397/497/274 1395/495/272 1396/496/273 1398/498/275 
f 1399/499/276 1397/497/274 1398/498/275 1400/500/277 
f 1401/501/278 1399/499/276 1400/500/277 1402/502/279 
f 1403/503/280 1401/501/278 1402/502/279 1404/504/281 
f 1405/505/121 1406/508/282 1407/507/282 1408/506/121 
f 1408/506/121 1407/507/282 510/510/120 509/509/121 
f 1409/511/283 1403/503/280 1404/504/281 1410/512/281 
f 1390/488/267 1389/489/266 1411/514/284 1412/513/285 
f 1413/515/286 1414/518/282 1415/517/282 1416/516/121 
f 1417/521/287 1418/520/288 1419/519/289 1420/522/290 
f 1421/523/291 1409/511/283 1410/512/281 1422/524/292 
f 1423/525/293 1387/487/264 1390/488/267 1424/526/294 
f 1425/527/295 1391/491/268 1387/487/264 1423/525/293 
f 1426/528/296 1393/493/270 1391/491/268 1425/527/295 
f 1396/496/273 1393/493/270 1426/528/296 1427/529/297 
f 1398/498/275 1396/496/273 1427/529/297 1428/530/298 
f 1400/500/277 1398/498/275 1428/530/298 1429/531/299 
f 1402/502/279 1400/500/277 1429/531/299 1430/532/300 
f 1404/504/281 1402/502/279 1430/532/300 1431/533/301 
f 1432/534/142 1405/505/121 1408/506/121 1433/535/142 
f 1433/535/142 1408/506/121 509/509/121 536/536/142 
f 1410/512/281 1404/504/281 1431/533/301 1434/537/302 
f 1424/526/294 1390/488/267 1412/513/285 1435/538/303 
f 1436/539/142 1413/515/286 1416/516/121 1437/540/142 
f 1418/520/288 1438/542/304 1439/541/305 1419/519/289 
f 1422/524/292 1410/512/281 1434/537/302 1440/543/306 
f 1441/544/70 1442/547/70 1443/546/70 1444/545/70 
f 1445/548/70 1446/551/70 1447/550/70 1448/549/70 
f 1449/552/70 1450/554/70 1451/553/70 1448/549/70 
f 1452/555/70 1453/558/70 1454/557/70 1455/556/70 
f 1445/548/70 1456/560/70 1457/559/70 1455/556/70 
f 1458/561/70 1459/564/70 1460/563/70 1461/562/70 
f 1452/555/70 1462/566/70 1463/565/70 1461/562/70 
f 1437/540/142 1432/534/142 1459/564/70 1458/561/70 
f 1423/525/293 1424/526/294 1464/568/71 1465/567/70 
f 1465/567/70 1464/568/71 1466/570/70 1467/569/70 
f 1467/569/70 1466/570/70 1468/572/70 1469/571/70 
f 1469/571/70 1468/572/70 1470/574/70 1471/573/71 
f 1471/573/71 1470/574/70 1472/576/71 1473/575/70 
f 1473/575/70 1472/576/71 1474/578/71 1475/577/70 
f 1475/577/70 1474/578/71 1476/580/71 1477/579/71 
f 1477/579/71 1476/580/71 1478/582/71 1479/581/70 
f 1480/583/70 1481/586/70 1482/585/70 1483/584/71 
f 1484/587/71 1476/580/71 1474/578/71 1485/588/71 
f 1485/588/71 1474/578/71 1472/576/71 1486/589/70 
f 1486/589/70 1472/576/71 1470/574/70 1487/590/71 
f 1487/590/71 1470/574/70 1468/572/70 1488/591/71 
f 1488/591/71 1468/572/70 1466/570/70 1489/592/71 
f 1489/592/71 1466/570/70 1464/568/71 1490/593/71 
f 1424/526/294 1435/538/303 1490/593/71 1464/568/71 
f 1426/528/296 1425/527/295 1491/594/70 1427/529/297 
f 1427/529/297 1491/594/70 1492/595/70 1428/530/298 
f 1428/530/298 1492/595/70 1493/596/71 1429/531/299 
f 1429/531/299 1493/596/71 1494/597/71 1430/532/300 
f 1430/532/300 1494/597/71 1495/598/70 1431/533/301 
f 1431/533/301 1495/598/70 1496/599/70 1434/537/302 
f 1434/537/302 1496/599/70 1497/600/70 1440/543/306 
f 1440/543/306 1497/600/70 1498/602/70 1499/601/307 
f 1500/603/71 1501/606/71 1502/605/71 1503/604/71 
f 1477/579/71 1497/600/70 1496/599/70 1475/577/70 
f 1475/577/70 1496/599/70 1495/598/70 1473/575/70 
f 1473/575/70 1495/598/70 1494/597/71 1471/573/71 
f 1471/573/71 1494/597/71 1493/596/71 1469/571/70 
f 1469/571/70 1493/596/71 1492/595/70 1467/569/70 
f 1467/569/70 1492/595/70 1491/594/70 1465/567/70 
f 1465/567/70 1491/594/70 1425/527/295 1423/525/293 
f 1504/607/308 1436/539/142 1505/609/70 1506/608/70 
f 1506/608/70 1505/609/70 1463/565/70 1507/610/70 
f 1507/610/70 1463/565/70 1462/566/70 1508/611/70 
f 1508/611/70 1462/566/70 1457/559/70 1509/612/70 
f 1509/612/70 1457/559/70 1456/560/70 1510/613/70 
f 1510/613/70 1456/560/70 1451/553/70 1511/614/70 
f 1511/614/70 1451/553/70 1450/554/70 1512/615/70 
f 1512/615/70 1450/554/70 1513/617/70 1514/616/70 
f 618/618/71 1515/621/70 1516/620/71 619/619/70 
f 619/619/70 1516/620/71 1517/623/71 622/622/70 
f 622/622/70 1517/623/71 1518/625/71 624/624/70 
f 624/624/70 1518/625/71 1519/627/71 626/626/70 
f 626/626/70 1519/627/71 1520/629/70 628/628/70 
f 628/628/70 1520/629/70 1521/631/70 630/630/70 
f 630/630/70 1521/631/70 1433/535/142 536/536/142 
f 1515/621/70 618/618/71 633/633/70 1522/632/70 
f 1523/634/309 1524/637/310 1525/636/311 1526/635/312 
f 1526/635/312 1525/636/311 1527/639/313 1528/638/313 
f 1432/534/142 1433/535/142 1521/631/70 1459/564/70 
f 1459/564/70 1521/631/70 1520/629/70 1460/563/70 
f 1460/563/70 1520/629/70 1519/627/71 1453/558/70 
f 1453/558/70 1519/627/71 1518/625/71 1454/557/70 
f 1454/557/70 1518/625/71 1517/623/71 1446/551/70 
f 1446/551/70 1517/623/71 1516/620/71 1447/550/70 
f 1447/550/70 1516/620/71 1515/621/70 1529/640/70 
f 1529/640/70 1515/621/70 1522/632/70 1530/641/70 
f 1142/227/70 1531/643/70 1532/642/71 1143/226/71 
f 1533/644/71 1222/306/71 1221/307/73 1145/228/73 
f 1145/228/73 1221/307/73 1223/309/71 1146/231/71 
f 1146/231/71 1223/309/71 1224/311/71 1152/235/71 
f 1152/235/71 1224/311/71 1225/313/70 1153/238/71 
f 1153/238/71 1225/313/70 1226/315/70 1158/241/71 
f 1158/241/71 1226/315/70 1227/317/70 1159/244/71 
f 1159/244/71 1227/317/70 1133/215/64 1132/214/64 
f 1047/123/184 1046/124/183 1090/168/201 1089/169/200 
f 1046/124/183 1049/126/186 1092/172/203 1090/168/201 
f 1049/126/186 1051/128/188 1094/174/205 1092/172/203 
f 1051/128/188 1053/130/190 1095/175/206 1094/174/205 
f 1095/175/206 1053/130/190 1055/132/192 1097/177/208 
f 1097/177/208 1055/132/192 1057/134/194 1099/179/210 
f 1099/179/210 1057/134/194 1059/136/196 1101/181/212 
f 1101/181/212 1059/136/196 1061/138/197 1103/183/214 
f 1065/141/22 1064/142/22 1108/186/44 1107/187/44 
f 144/144/23 1065/141/22 1107/187/44 189/189/44 
f 1103/183/214 1061/138/197 1067/146/197 1109/191/217 
f 1069/149/22 1047/123/184 1089/169/200 1112/193/219 
f 1071/151/197 1534/646/314 1535/645/315 1072/150/197 
f 1064/142/22 1075/154/22 1113/195/44 1108/186/44 
f 1079/157/22 1078/158/22 1536/647/316 1114/198/44 
f 1109/191/217 1067/146/197 1086/165/197 1121/203/225 
f 1388/490/265 1353/451/250 1352/452/249 1389/489/266 
f 1392/492/269 1355/454/252 1353/451/250 1388/490/265 
f 1394/494/271 1357/456/254 1355/454/252 1392/492/269 
f 1395/495/272 1359/458/256 1357/456/254 1394/494/271 
f 1362/460/259 1359/458/256 1395/495/272 1397/497/274 
f 1364/462/261 1362/460/259 1397/497/274 1399/499/276 
f 1366/464/263 1364/462/261 1399/499/276 1401/501/278 
f 1368/466/197 1366/464/263 1401/501/278 1403/503/280 
f 1406/508/282 1371/469/100 1370/470/99 1407/507/282 
f 1407/507/282 1370/470/99 471/471/99 510/510/120 
f 1374/474/197 1368/466/197 1403/503/280 1409/511/283 
f 1389/489/266 1352/452/249 1376/476/99 1411/514/284 
f 1537/648/197 1538/649/197 1524/637/310 1523/634/309 
f 1414/518/282 1384/486/99 1381/482/99 1415/517/282 
f 1539/946/100 1417/521/287 1420/522/290 1540/651/100 
f 1379/479/197 1374/474/197 1409/511/283 1421/523/291 
f 1541/653/2 1542/652/2 1543/655/2 1544/654/2 
f 1230/322/243 1545/657/309 1546/656/244 1231/325/244 
f 1547/659/2 1548/658/2 1549/661/2 1550/660/2 
f 1551/664/2 1552/663/2 1553/662/2 1554/665/2 
f 1537/648/197 1555/667/197 1556/666/197 1557/668/197 
f 1482/585/70 1558/670/70 1559/669/70 1501/606/71 
f 1481/586/70 1560/671/70 1558/670/70 1482/585/70 
f 1502/605/71 1561/673/71 1562/672/317 1528/638/313 
f 1501/606/71 1559/669/70 1561/673/71 1502/605/71 
f 1563/908/70 1564/947/70 1565/948/70 1566/911/70 
f 1528/638/313 1562/672/317 1567/678/312 1526/635/312 
f 1523/634/309 1568/679/309 1555/667/197 1537/648/197 
f 1569/681/2 1570/680/2 1571/683/2 1572/682/2 
f 1573/686/318 1574/685/318 1575/684/312 1576/687/319 
f 1577/689/2 1578/688/2 1579/691/2 1580/690/2 
f 1569/681/2 1581/693/2 1582/692/2 1583/694/2 
f 1584/697/197 1585/696/197 1586/695/197 1587/698/197 
f 1588/701/70 1589/700/70 1590/699/70 1591/702/70 
f 1592/704/70 1593/703/70 1589/700/70 1588/701/70 
f 1594/707/71 1595/706/71 1596/705/317 1597/708/320 
f 1591/702/70 1590/699/70 1595/706/71 1594/707/71 
f 1598/674/70 1599/949/70 1600/950/70 1601/677/70 
f 1597/708/320 1596/705/317 1602/713/244 1576/687/319 
f 1573/686/318 1603/714/321 1585/696/197 1584/697/197 
f 1292/951/2 1604/952/3 1605/953/2 1333/954/2 
f 1604/955/3 1606/956/3 1607/957/2 1605/958/2 
f 1608/959/2 1335/960/2 1338/961/2 1609/962/2 
f 1347/963/2 1608/964/2 1609/965/2 1610/966/2 
f 1606/956/3 1604/955/3 723/732/2 722/731/3 
f 389/733/2 723/734/2 1604/952/3 1292/951/2 
f 1611/967/70 1612/968/70 1443/969/70 1442/970/70 
f 728/741/70 1613/971/70 1614/972/70 729/742/70 
f 1613/971/70 1611/967/70 1442/970/70 1614/972/70 
f 1615/973/70 1616/974/70 1617/975/70 1618/976/70 
f 736/749/70 1619/977/70 1620/978/70 737/750/70 
f 1619/977/70 1615/973/70 1618/976/70 1620/978/70 
f 1034/111/2 1018/96/3 1019/97/3 1035/114/2 
f 1020/98/2 1037/116/2 1040/117/2 1021/99/3 
f 1042/121/2 1022/100/2 1023/101/2 1032/110/2 
f 1037/116/2 1020/98/2 1022/100/2 1042/121/2 
f 1025/105/2 1028/106/2 1031/107/2 1026/104/2 
f 1026/104/2 1031/107/2 1023/101/2 982/59/2 
f 1079/157/22 1075/154/22 1074/155/22 1076/156/22 
f 1108/186/44 1113/195/44 1116/196/216 1105/185/216 
f 1105/185/216 1116/196/216 1137/219/64 1132/214/64 
f 1621/751/70 1141/224/70 1144/225/71 1622/752/70 
f 1149/232/72 1148/229/72 1147/230/70 1157/240/70 
f 1145/228/73 1148/229/72 1151/233/70 1533/644/71 
f 1156/239/70 1155/236/70 1154/237/70 1163/246/70 
f 1152/235/71 1155/236/70 1147/230/70 1146/231/71 
f 1162/245/70 1161/242/70 1160/243/70 1208/291/70 
f 1158/241/71 1161/242/70 1154/237/70 1153/238/71 
f 1208/291/70 1160/243/70 1137/219/64 1136/220/64 
f 1329/427/2 1339/438/2 1342/439/2 1330/428/2 
f 1332/430/3 1345/444/2 1344/441/2 1331/429/3 
f 1333/432/2 1338/434/2 1337/435/2 1334/431/2 
f 1382/481/99 1381/482/99 1384/486/99 1383/483/99 
f 1416/516/121 1415/517/282 1406/508/282 1405/505/121 
f 1437/540/142 1416/516/121 1405/505/121 1432/534/142 
f 1450/554/70 1449/552/70 1623/753/70 1513/617/70 
f 1456/560/70 1445/548/70 1448/549/70 1451/553/70 
f 1529/640/70 1449/552/70 1448/549/70 1447/550/70 
f 1462/566/70 1452/555/70 1455/556/70 1457/559/70 
f 1446/551/70 1445/548/70 1455/556/70 1454/557/70 
f 1505/609/70 1458/561/70 1461/562/70 1463/565/70 
f 1453/558/70 1452/555/70 1461/562/70 1460/563/70 
f 1436/539/142 1437/540/142 1458/561/70 1505/609/70 
f 1114/198/44 1113/195/44 1075/154/22 1079/157/22 
f 1415/517/282 1381/482/99 1371/469/100 1406/508/282 
f 1605/953/2 1609/962/2 1338/961/2 1333/954/2 
f 1607/957/2 1610/966/2 1609/965/2 1605/958/2 
f 1612/968/70 1624/979/70 1625/980/70 1443/969/70 
f 1616/974/70 1626/981/70 1627/982/70 1617/975/70 
f 1029/109/2 1628/759/2 1629/758/2 1030/108/2 
f 1030/108/2 1629/758/2 1043/120/2 1032/110/2 
f 1630/761/2 1631/760/2 1632/763/2 1633/762/2 
f 1634/767/2 1635/766/2 1636/765/2 1637/764/2 
f 1006/84/2 1638/768/2 1639/770/2 1640/769/2 
f 1638/768/2 1637/764/2 1636/765/2 1639/770/2 
f 1641/773/22 1642/772/23 1643/983/23 1644/774/22 
f 1114/198/44 1536/647/316 1645/775/322 1115/197/220 
f 1115/197/220 1645/775/322 1209/293/242 1136/220/64 
f 1139/221/238 1646/776/71 1647/778/73 1648/777/323 
f 1646/776/71 1649/779/71 1650/780/71 1647/778/73 
f 1649/779/71 1651/781/71 1652/782/71 1650/780/71 
f 1651/781/71 1653/783/71 1654/784/71 1652/782/71 
f 1653/783/71 1655/785/70 1656/786/71 1654/784/71 
f 1655/785/70 1657/787/72 1658/788/72 1656/786/71 
f 1657/787/72 1659/789/70 1660/790/70 1658/788/72 
f 1661/791/70 1662/709/70 1663/793/70 1664/792/70 
f 1608/794/2 1665/796/2 1666/795/3 1335/433/2 
f 1335/433/2 1666/795/3 1667/797/3 1336/436/2 
f 1347/445/2 1350/446/2 1665/796/2 1608/794/2 
f 1668/799/2 1669/798/2 1670/801/2 1671/800/2 
f 1672/805/2 1673/804/2 1674/803/2 1675/802/2 
f 1676/806/2 1317/415/2 1677/808/2 1678/807/2 
f 1672/805/2 1676/806/2 1678/807/2 1673/804/2 
f 1539/946/100 1679/810/100 1680/809/99 1681/811/99 
f 1682/812/324 1683/813/325 1414/518/282 1413/515/286 
f 1504/607/308 1682/812/324 1413/515/286 1436/539/142 
f 1684/814/71 1438/542/304 1685/816/326 1686/815/70 
f 1687/817/71 1684/814/71 1686/815/70 1688/818/71 
f 1689/819/71 1687/817/71 1688/818/71 1690/820/71 
f 1691/821/71 1689/819/71 1690/820/71 1692/822/70 
f 1693/823/71 1691/821/71 1692/822/70 1694/824/70 
f 1695/825/70 1693/823/71 1694/824/70 1696/826/70 
f 1697/827/70 1695/825/70 1696/826/70 1698/828/70 
f 1699/829/70 1697/827/70 1698/828/70 1700/830/70 
f 1644/774/22 1643/983/23 1119/199/223 1701/831/327 
f 1683/813/325 1385/485/99 1384/486/99 1414/518/282 
f 1702/834/70 1703/833/70 1627/832/70 1704/835/70 
f 1705/837/70 1706/836/70 1621/751/70 1707/838/70 
f 1708/840/2 1709/839/2 1710/842/2 1711/841/2 
f 1712/843/2 1541/653/2 1544/654/2 1713/844/2 
f 1541/653/2 1712/843/2 1714/846/2 1715/845/2 
f 1716/847/197 1717/850/197 1718/849/197 1719/848/197 
f 1720/852/71 1721/851/70 1722/854/70 1723/853/71 
f 1182/265/70 1185/266/70 1206/289/70 1205/290/70 
f 1724/855/71 1179/261/71 1725/857/70 1726/856/71 
f 1204/287/71 1207/288/71 1235/326/247 1234/327/247 
f 1178/262/70 1201/283/70 1727/859/71 1728/858/71 
f 1621/751/70 1622/752/70 1729/860/71 1707/838/70 
f 846/861/70 847/862/70 1532/642/71 1531/643/70 
f 1730/864/328 1534/646/314 1731/863/329 1732/865/330 
f 1200/284/240 1730/864/328 1732/865/330 1733/866/331 
f 1228/319/70 1720/852/71 1723/853/71 1734/867/71 
f 1230/322/243 1233/323/246 1717/850/197 1716/847/197 
f 1721/851/70 1218/300/71 1735/868/71 1722/854/70 
f 1736/869/70 1737/870/70 1738/984/70 1739/985/70 
f 1740/873/2 1547/659/2 1550/660/2 1741/874/2 
f 1742/877/2 1551/664/2 1743/876/2 1744/875/2 
f 1554/665/2 1745/878/2 1743/876/2 1551/664/2 
f 1557/668/197 1746/879/197 1538/649/197 1537/648/197 
f 1747/881/70 1748/880/70 1749/883/70 1750/882/70 
f 1501/606/71 1500/603/71 1483/584/71 1482/585/70 
f 1751/885/71 1752/884/70 1753/887/70 1754/886/71 
f 1528/638/313 1527/639/313 1503/604/71 1502/605/71 
f 1755/889/70 1756/888/70 1757/891/70 1758/890/70 
f 1759/892/70 1760/895/70 1761/894/70 1625/893/70 
f 1614/896/70 1762/899/70 880/898/70 729/897/70 
f 1763/902/332 1764/901/333 1765/900/334 1766/903/335 
f 1766/903/335 1765/900/334 1767/904/336 1768/905/337 
f 1442/547/70 1441/544/70 1762/899/70 1614/896/70 
f 1769/907/197 1770/906/197 1764/901/333 1763/902/332 
f 1625/893/70 1761/894/70 1444/545/70 1443/546/70 
f 1771/909/70 1563/908/70 1566/911/70 1772/910/70 
f 1773/913/2 1774/912/2 1775/915/2 1776/914/2 
f 1777/919/2 1778/918/2 1779/917/2 1780/916/2 
f 1777/919/2 1781/920/3 1782/921/2 1778/918/2 
f 1783/923/197 1770/906/197 1784/922/197 1785/924/197 
f 1751/885/71 1756/888/70 1786/926/70 1787/925/71 
f 1755/889/70 1767/904/336 1788/928/338 1789/927/70 
f 1790/930/70 1791/929/70 1792/932/70 1793/931/70 
f 916/934/70 1794/933/70 1795/936/70 917/935/70 
f 1794/933/70 1748/880/70 1796/937/70 1795/936/70 
f 1747/881/70 1790/930/70 1793/931/70 1797/938/70 
f 1798/939/70 1799/940/70 1800/986/70 1801/987/70 
f 1529/640/70 1530/641/70 1623/753/70 1449/552/70 
f 1484/587/71 1802/943/70 1478/582/71 1476/580/71 
f 1477/579/71 1479/581/70 1498/602/70 1497/600/70 
f 1422/524/292 1803/945/339 1804/944/291 1421/523/291 
f 1440/543/306 1499/601/307 1803/945/339 1422/524/292 
f 1421/523/291 1804/944/291 1380/478/197 1379/479/197 
f 1805/988/2 824/839/2 827/842/2 1806/989/2 
f 87/87/2 1805/988/2 1806/989/2 88/88/2 
f 160/160/2 86/86/2 89/89/2 161/161/2 
f 828/843/2 1807/990/2 1808/991/2 829/844/2 
f 1807/990/2 90/90/2 93/93/2 1808/991/2 
f 92/92/2 91/91/2 163/163/2 162/162/2 
f 828/843/2 831/846/2 1809/992/3 1807/990/2 
f 1807/990/2 1809/992/3 94/94/2 90/90/2 
f 164/164/2 163/163/2 91/91/2 95/95/2 
f 1810/993/21 835/850/21 834/849/21 1811/994/21 
f 151/151/21 1810/993/21 1811/994/21 152/152/21 
f 153/153/21 166/166/21 165/165/21 150/150/21 
f 266/266/70 289/289/70 843/858/71 842/857/70 
f 842/857/70 843/858/71 262/262/71 261/261/70 
f 260/260/70 259/259/70 264/264/70 263/263/70 
f 288/288/70 326/326/81 851/866/172 844/859/70 
f 844/859/70 851/866/172 284/284/74 283/283/71 
f 223/223/69 282/282/71 286/286/71 285/285/75 
f 739/752/70 845/860/70 1812/995/70 853/868/70 
f 853/868/70 1812/995/70 301/301/70 300/300/70 
f 299/299/70 234/234/71 303/303/71 302/302/70 
f 847/862/70 642/642/71 852/867/71 1813/996/70 
f 1813/996/70 852/867/71 319/319/70 318/318/70 
f 306/306/70 305/305/70 321/321/70 320/320/70 
f 848/863/169 323/323/78 835/850/21 1810/993/21 
f 646/646/155 848/863/169 1810/993/21 151/151/21 
f 150/150/21 165/165/21 203/203/53 645/645/154 
f 233/233/71 644/644/70 1814/997/70 1815/998/71 
f 1815/998/71 1814/997/70 837/852/70 836/851/71 
f 226/226/70 225/225/71 839/854/71 838/853/70 
f 259/259/70 269/269/70 1816/999/70 264/264/70 
f 264/264/70 1816/999/70 840/855/70 261/261/70 
f 267/267/70 266/266/70 842/857/70 841/856/70 
f 282/282/71 260/260/70 263/263/70 286/286/71 
f 286/286/71 263/263/70 262/262/71 283/283/71 
f 289/289/70 288/288/70 844/859/70 843/858/71 
f 645/645/154 203/203/53 204/204/41 1817/1000/340 
f 646/646/155 645/645/154 1817/1000/340 849/864/170 
f 850/865/171 324/324/79 323/323/78 848/863/169 
f 1817/1000/340 204/204/41 223/223/69 285/285/75 
f 849/864/170 1817/1000/340 285/285/75 284/284/74 
f 851/866/172 326/326/81 324/324/79 850/865/171 
f 644/644/70 306/306/70 320/320/70 1814/997/70 
f 1814/997/70 320/320/70 319/319/70 837/852/70 
f 642/642/71 226/226/70 838/853/70 852/867/71 
f 234/234/71 233/233/71 1815/998/71 303/303/71 
f 303/303/71 1815/998/71 836/851/71 300/300/70 
f 225/225/71 739/752/70 853/868/70 839/854/71 
f 776/789/71 1818/1001/70 1819/1002/71 1820/1003/70 
f 1818/1001/70 854/869/71 857/872/70 1819/1002/71 
f 778/791/70 855/870/71 1821/984/70 779/792/70 
f 641/641/70 740/753/70 920/938/70 919/937/70 
f 919/937/70 920/938/70 866/881/70 865/880/70 
f 545/545/70 544/544/70 868/883/70 867/882/70 
f 925/943/71 582/582/70 907/925/70 1822/1004/70 
f 1822/1004/70 907/925/70 870/885/70 869/884/70 
f 584/584/70 583/583/71 872/887/71 871/886/70 
f 581/581/71 602/602/71 909/927/71 908/926/71 
f 908/926/71 909/927/71 874/889/71 873/888/71 
f 604/604/70 603/603/70 876/891/71 875/890/71 
f 927/945/180 926/944/130 1823/1005/341 1824/1006/342 
f 1824/1006/342 1823/1005/341 883/901/174 882/900/173 
f 637/637/153 636/636/152 885/903/176 884/902/175 
f 601/601/148 927/945/180 1824/1006/342 910/928/179 
f 910/928/179 1824/1006/342 882/900/173 886/904/177 
f 636/636/152 639/639/82 887/905/178 885/903/176 
f 926/944/130 478/478/21 905/923/21 1823/1005/341 
f 1823/1005/341 905/923/21 888/906/21 883/901/174 
f 649/649/21 637/637/153 884/902/175 889/907/21 
f 858/873/2 1825/1007/2 1826/1008/2 859/874/2 
f 1825/1007/2 894/912/2 897/915/2 1826/1008/2 
f 895/913/2 417/417/2 420/420/2 896/914/2 
f 860/875/2 1827/1009/2 1828/1010/2 861/876/2 
f 1827/1009/2 898/916/2 901/919/2 1828/1010/2 
f 423/423/2 422/422/2 900/918/2 899/917/2 
f 863/878/2 861/876/2 1828/1010/2 1829/1011/2 
f 1829/1011/2 1828/1010/2 901/919/2 902/920/2 
f 422/422/2 426/426/2 903/921/2 900/918/2 
f 864/879/21 649/649/21 889/907/21 1830/1012/21 
f 1830/1012/21 889/907/21 888/906/21 904/922/21 
f 478/478/21 477/477/21 906/924/21 905/923/21 
f 603/603/70 584/584/70 871/886/70 876/891/71 
f 876/891/71 871/886/70 870/885/70 873/888/71 
f 582/582/70 581/581/71 908/926/71 907/925/70 
f 639/639/82 604/604/70 875/890/71 887/905/178 
f 887/905/178 875/890/71 874/889/71 886/904/177 
f 602/602/71 601/601/148 910/928/179 909/927/71 
f 879/895/70 878/894/70 1831/1013/70 1832/1014/70 
f 1832/1014/70 1831/1013/70 912/930/70 911/929/70 
f 617/617/70 616/616/70 914/932/70 913/931/70 
f 881/899/70 880/898/70 1833/1015/70 1834/1016/70 
f 1834/1016/70 1833/1015/70 916/934/70 915/933/70 
f 633/633/70 632/632/70 918/936/70 917/935/70 
f 544/544/70 881/899/70 1834/1016/70 868/883/70 
f 868/883/70 1834/1016/70 915/933/70 865/880/70 
f 632/632/70 641/641/70 919/937/70 918/936/70 
f 878/894/70 545/545/70 867/882/70 1831/1013/70 
f 1831/1013/70 867/882/70 866/881/70 912/930/70 
f 740/753/70 617/617/70 913/931/70 920/938/70 
f 891/909/70 1835/1017/70 1836/1018/70 892/910/71 
f 1835/1017/70 921/939/70 924/942/70 1836/1018/70 
f 815/829/70 922/940/70 1837/986/70 816/830/70 
f 1709/839/2 1838/988/2 1839/989/2 1710/842/2 
f 1838/988/2 1008/87/2 1011/88/2 1839/989/2 
f 1009/86/2 1080/160/2 1081/161/2 1010/89/2 
f 1713/844/2 1840/991/2 1841/990/2 1712/843/2 
f 1840/991/2 1012/93/2 1015/90/2 1841/990/2 
f 1082/162/2 1083/163/2 1014/91/2 1013/92/2 
f 1714/846/2 1712/843/2 1841/990/2 1842/992/2 
f 1842/992/2 1841/990/2 1015/90/2 1016/94/2 
f 1083/163/2 1084/164/2 1017/95/2 1014/91/2 
f 1718/849/197 1717/850/197 1843/993/197 1844/994/197 
f 1844/994/197 1843/993/197 1071/151/197 1070/152/197 
f 1086/165/197 1085/166/197 1073/153/197 1072/150/197 
f 1206/289/70 1185/266/70 1725/857/70 1728/858/71 
f 1728/858/71 1725/857/70 1179/261/71 1178/262/70 
f 1177/259/70 1176/260/70 1181/263/70 1180/264/71 
f 1235/326/247 1207/288/71 1727/859/71 1733/866/331 
f 1733/866/331 1727/859/71 1201/283/70 1200/284/240 
f 1199/282/70 1140/223/239 1203/285/241 1202/286/71 
f 1729/860/71 1622/752/70 1735/868/71 1845/995/71 
f 1845/995/71 1735/868/71 1218/300/71 1217/301/71 
f 1150/234/70 1216/299/71 1220/302/71 1219/303/71 
f 1532/642/71 847/862/70 1813/996/70 1734/867/71 
f 1734/867/71 1813/996/70 318/318/70 1228/319/70 
f 305/305/70 1222/306/71 1229/320/70 321/321/70 
f 1717/850/197 1233/323/246 1731/863/329 1843/993/197 
f 1843/993/197 1731/863/329 1534/646/314 1071/151/197 
f 1121/203/225 1086/165/197 1072/150/197 1535/645/315 
f 1533/644/71 1151/233/70 1846/998/70 1847/997/71 
f 1847/997/71 1846/998/70 1721/851/70 1720/852/71 
f 1144/225/71 1143/226/71 1723/853/71 1722/854/70 
f 1186/269/71 1177/259/70 1180/264/71 1848/999/70 
f 1848/999/70 1180/264/71 1179/261/71 1724/855/71 
f 1185/266/70 1184/267/70 1726/856/71 1725/857/70 
f 1176/260/70 1199/282/70 1202/286/71 1181/263/70 
f 1181/263/70 1202/286/71 1201/283/70 1178/262/70 
f 1207/288/71 1206/289/70 1728/858/71 1727/859/71 
f 1122/204/215 1121/203/225 1535/645/315 1849/1000/343 
f 1730/864/328 1849/1000/343 1535/645/315 1534/646/314 
f 1233/323/246 1232/324/245 1732/865/330 1731/863/329 
f 1140/223/239 1122/204/215 1849/1000/343 1203/285/241 
f 1203/285/241 1849/1000/343 1730/864/328 1200/284/240 
f 1232/324/245 1235/326/247 1733/866/331 1732/865/330 
f 1222/306/71 1533/644/71 1847/997/71 1229/320/70 
f 1229/320/70 1847/997/71 1720/852/71 1228/319/70 
f 1143/226/71 1532/642/71 1734/867/71 1723/853/71 
f 1151/233/70 1150/234/70 1219/303/71 1846/998/70 
f 1846/998/70 1219/303/71 1218/300/71 1721/851/70 
f 1622/752/70 1144/225/71 1722/854/70 1735/868/71 
f 1659/789/70 1850/1001/70 1851/1019/70 1660/790/70 
f 1850/1001/70 1736/869/70 1739/985/70 1851/1019/70 
f 1661/791/70 1737/870/70 1852/871/70 1853/1020/71 
f 1623/753/70 1530/641/70 1796/937/70 1797/938/70 
f 1797/938/70 1796/937/70 1748/880/70 1747/881/70 
f 1441/544/70 1444/545/70 1750/882/70 1749/883/70 
f 1478/582/71 1802/943/70 1854/1004/70 1787/925/71 
f 1787/925/71 1854/1004/70 1752/884/70 1751/885/71 
f 1480/583/70 1483/584/71 1754/886/71 1753/887/70 
f 1498/602/70 1479/581/70 1786/926/70 1789/927/70 
f 1789/927/70 1786/926/70 1756/888/70 1755/889/70 
f 1500/603/71 1503/604/71 1758/890/70 1757/891/70 
f 1855/1005/344 1804/944/291 1803/945/339 1856/1006/345 
f 1764/901/333 1855/1005/344 1856/1006/345 1765/900/334 
f 1766/903/335 1525/636/311 1524/637/310 1763/902/332 
f 1856/1006/345 1803/945/339 1499/601/307 1788/928/338 
f 1765/900/334 1856/1006/345 1788/928/338 1767/904/336 
f 1768/905/337 1527/639/313 1525/636/311 1766/903/335 
f 1783/923/197 1380/478/197 1804/944/291 1855/1005/344 
f 1770/906/197 1783/923/197 1855/1005/344 1764/901/333 
f 1763/902/332 1524/637/310 1538/649/197 1769/907/197 
f 1857/1007/2 1740/873/2 1741/874/2 1858/1008/2 
f 1774/912/2 1857/1007/2 1858/1008/2 1775/915/2 
f 1320/417/2 1773/913/2 1776/914/2 1321/420/2 
f 1743/876/2 1859/1010/2 1860/1009/2 1744/875/2 
f 1859/1010/2 1777/919/2 1780/916/2 1860/1009/2 
f 1779/917/2 1778/918/2 1323/422/2 1326/423/2 
f 1743/876/2 1745/878/2 1861/1011/2 1859/1010/2 
f 1859/1010/2 1861/1011/2 1781/920/3 1777/919/2 
f 1328/426/2 1323/422/2 1778/918/2 1782/921/2 
f 1769/907/197 1538/649/197 1746/879/197 1862/1012/197 
f 1770/906/197 1769/907/197 1862/1012/197 1784/922/197 
f 1785/924/197 1377/477/197 1380/478/197 1783/923/197 
f 1483/584/71 1500/603/71 1757/891/70 1754/886/71 
f 1754/886/71 1757/891/70 1756/888/70 1751/885/71 
f 1479/581/70 1478/582/71 1787/925/71 1786/926/70 
f 1503/604/71 1527/639/313 1768/905/337 1758/890/70 
f 1758/890/70 1768/905/337 1767/904/336 1755/889/70 
f 1499/601/307 1498/602/70 1789/927/70 1788/928/338 
f 1761/894/70 1760/895/70 1863/1014/70 1864/1013/70 
f 1864/1013/70 1863/1014/70 1791/929/70 1790/930/70 
f 1514/616/70 1513/617/70 1793/931/70 1792/932/70 
f 880/898/70 1762/899/70 1865/1016/70 1833/1015/70 
f 1833/1015/70 1865/1016/70 1794/933/70 916/934/70 
f 1522/632/70 633/633/70 917/935/70 1795/936/70 
f 1762/899/70 1441/544/70 1749/883/70 1865/1016/70 
f 1865/1016/70 1749/883/70 1748/880/70 1794/933/70 
f 1530/641/70 1522/632/70 1795/936/70 1796/937/70 
f 1444/545/70 1761/894/70 1864/1013/70 1750/882/70 
f 1750/882/70 1864/1013/70 1790/930/70 1747/881/70 
f 1513/617/70 1623/753/70 1797/938/70 1793/931/70 
f 1771/909/70 1866/1017/70 1867/1021/70 1868/1022/70 
f 1866/1017/70 1798/939/70 1801/987/70 1867/1021/70 
f 1699/829/70 1799/940/70 1869/941/70 1870/1023/70 
f 746/759/2 745/758/2 1871/1024/2 1872/1025/2 
f 75/75/2 1872/1025/2 1871/1024/2 76/76/2 
f 39/39/2 38/38/2 78/78/2 77/77/3 
f 745/758/2 120/120/2 756/769/2 1871/1024/2 
f 76/76/2 1871/1024/2 756/769/2 84/84/2 
f 68/68/3 39/39/2 77/77/3 85/85/2 
f 647/647/156 762/775/163 1873/1026/346 817/831/168 
f 817/831/168 1873/1026/346 200/200/50 199/199/49 
f 194/194/47 193/193/46 202/202/52 201/201/51 
f 762/775/163 293/293/76 764/777/164 1873/1026/346 
f 1873/1026/346 764/777/164 221/221/67 200/200/50 
f 218/218/66 194/194/47 201/201/51 222/222/68 
f 782/796/2 781/795/2 1874/1027/2 1875/1028/2 
f 1875/1028/2 1874/1027/2 405/405/2 404/404/2 
f 367/367/2 366/366/3 407/407/2 406/406/2 
f 781/795/2 783/797/2 1876/1029/2 1874/1027/2 
f 1874/1027/2 1876/1029/2 412/412/2 405/405/2 
f 386/386/2 367/367/2 406/406/2 413/413/3 
f 446/446/2 782/796/2 1875/1028/2 794/808/2 
f 794/808/2 1875/1028/2 404/404/2 415/415/2 
f 366/366/3 398/398/2 416/416/3 407/407/2 
f 1877/1030/347 798/812/165 799/813/166 1878/1031/348 
f 520/520/127 1877/1030/347 1878/1031/348 521/521/128 
f 522/522/129 514/514/124 513/513/123 519/519/126 
f 802/816/167 607/607/149 798/812/165 1877/1030/347 
f 542/542/146 802/816/167 1877/1030/347 520/520/127 
f 519/519/126 513/513/123 538/538/144 541/541/145 
f 1878/1031/348 799/813/166 485/485/100 797/811/99 
f 521/521/128 1878/1031/348 797/811/99 650/650/99 
f 651/651/99 476/476/100 514/514/124 522/522/129 
f 820/835/70 819/834/70 1879/1032/70 1880/1033/70 
f 1880/1033/70 1879/1032/70 675/675/70 674/674/70 
f 586/586/71 671/671/70 1881/948/70 893/911/71 
f 823/838/70 822/837/70 1882/1034/70 780/793/70 
f 780/793/70 1882/1034/70 710/710/70 709/709/70 
f 704/704/70 703/703/70 1883/950/70 677/677/70 
f 1884/1035/3 79/79/1 80/80/1 1885/1036/2 
f 748/761/3 1884/1035/3 1885/1036/2 749/762/3 
f 112/112/2 747/760/3 750/763/3 113/113/2 
f 81/81/2 1886/1037/3 1887/1038/3 82/82/2 
f 1886/1037/3 751/764/2 754/767/2 1887/1038/3 
f 753/766/2 752/765/2 115/115/2 118/118/2 
f 83/83/2 68/68/3 85/85/2 1888/1039/2 
f 1888/1039/2 85/85/2 84/84/2 755/768/2 
f 120/120/2 119/119/2 757/770/2 756/769/2 
f 81/81/2 83/83/2 1888/1039/2 1886/1037/3 
f 1886/1037/3 1888/1039/2 755/768/2 751/764/2 
f 119/119/2 115/115/2 752/765/2 757/770/2 
f 149/149/23 148/148/22 1889/1040/22 1890/1041/22 
f 1890/1041/22 1889/1040/22 759/772/22 758/771/22 
f 159/159/23 158/158/23 761/774/22 760/773/22 
f 275/275/70 218/218/66 222/222/68 1891/1042/70 
f 1891/1042/70 222/222/68 221/221/67 763/776/70 
f 293/293/76 292/292/71 765/778/72 764/777/164 
f 274/274/70 275/275/70 1891/1042/70 1892/1043/70 
f 1892/1043/70 1891/1042/70 763/776/70 766/779/70 
f 292/292/71 294/294/71 767/780/70 765/778/72 
f 273/273/70 274/274/70 1892/1043/70 1893/1044/70 
f 768/781/70 1893/1044/70 1892/1043/70 766/779/70 
f 294/294/71 295/295/71 769/782/70 767/780/70 
f 272/272/70 273/273/70 1893/1044/70 1894/1045/70 
f 1894/1045/70 1893/1044/70 768/781/70 770/783/70 
f 295/295/71 296/296/71 771/784/70 769/782/70 
f 271/271/70 272/272/70 1894/1045/70 1895/1046/70 
f 1895/1046/70 1894/1045/70 770/783/70 772/785/70 
f 296/296/71 297/297/71 773/786/70 771/784/70 
f 270/270/72 271/271/70 1895/1046/70 1896/1047/72 
f 1896/1047/72 1895/1046/70 772/785/70 774/787/73 
f 297/297/71 298/298/73 775/788/72 773/786/70 
f 269/269/70 270/270/72 1896/1047/72 1820/1003/70 
f 1820/1003/70 1896/1047/72 774/787/73 776/789/71 
f 298/298/73 299/299/70 777/790/70 775/788/72 
f 268/268/70 267/267/70 1897/1020/71 712/712/70 
f 712/712/70 1897/1020/71 778/791/70 709/709/70 
f 845/860/70 823/838/70 780/793/70 779/792/70 
f 408/408/3 1898/1048/3 1899/1049/3 409/409/3 
f 1898/1048/3 784/798/3 787/801/3 1899/1049/3 
f 785/799/2 437/437/2 440/440/2 786/800/3 
f 411/411/2 1900/1050/3 1901/1051/2 410/410/2 
f 1900/1050/3 788/802/2 791/805/2 1901/1051/2 
f 443/443/2 442/442/2 790/804/2 789/803/2 
f 398/398/2 414/414/2 1902/1052/2 416/416/3 
f 416/416/3 1902/1052/2 792/806/2 415/415/2 
f 447/447/2 446/446/2 794/808/2 793/807/2 
f 414/414/2 410/410/2 1901/1051/2 1902/1052/2 
f 1902/1052/2 1901/1051/2 791/805/2 792/806/2 
f 442/442/2 447/447/2 793/807/2 790/804/2 
f 1903/1053/99 475/475/99 476/476/100 651/651/99 
f 796/810/99 1903/1053/99 651/651/99 650/650/99 
f 797/811/99 485/485/100 484/484/100 795/809/99 
f 538/538/144 593/593/70 1904/1054/70 541/541/145 
f 541/541/145 1904/1054/70 800/814/70 542/542/146 
f 608/608/71 607/607/149 802/816/167 801/815/70 
f 593/593/70 592/592/70 1905/1055/70 1904/1054/70 
f 1904/1054/70 1905/1055/70 803/817/70 800/814/70 
f 610/610/71 608/608/71 801/815/70 804/818/70 
f 592/592/70 591/591/70 1906/1056/70 1905/1055/70 
f 1905/1055/70 1906/1056/70 805/819/70 803/817/70 
f 611/611/71 610/610/71 804/818/70 806/820/70 
f 591/591/70 590/590/70 1907/1057/70 1906/1056/70 
f 805/819/70 1906/1056/70 1907/1057/70 807/821/70 
f 612/612/71 611/611/71 806/820/70 808/822/70 
f 590/590/70 589/589/71 1908/1058/70 1907/1057/70 
f 1907/1057/70 1908/1058/70 809/823/70 807/821/70 
f 613/613/71 612/612/71 808/822/70 810/824/70 
f 589/589/71 588/588/70 1909/1059/71 1908/1058/70 
f 1908/1058/70 1909/1059/71 811/825/71 809/823/70 
f 614/614/70 613/613/71 810/824/70 812/826/70 
f 588/588/70 587/587/70 1910/1060/71 1909/1059/71 
f 1909/1059/71 1910/1060/71 813/827/71 811/825/71 
f 615/615/70 614/614/70 812/826/70 814/828/70 
f 587/587/70 925/943/71 1911/1023/71 1910/1060/71 
f 1910/1060/71 1911/1023/71 815/829/70 813/827/71 
f 616/616/70 615/615/70 814/828/70 816/830/70 
f 193/193/46 149/149/23 1890/1041/22 202/202/52 
f 202/202/52 1890/1041/22 758/771/22 199/199/49 
f 158/158/23 647/647/156 817/831/168 761/774/22 
f 301/301/70 1812/995/70 1821/984/70 1912/985/71 
f 1912/985/71 1821/984/70 855/870/71 854/869/71 
f 841/856/70 840/855/70 857/872/70 856/871/71 
f 877/892/70 879/895/70 1913/1022/70 1914/1061/70 
f 1914/1061/70 1913/1022/70 891/909/70 890/908/70 
f 583/583/71 586/586/71 893/911/71 892/910/71 
f 911/929/70 914/932/70 1837/986/70 1915/987/70 
f 1915/987/70 1837/986/70 922/940/70 921/939/70 
f 1822/1004/70 869/884/70 924/942/70 923/941/71 
f 1629/758/2 1628/759/2 1916/1025/2 1917/1024/2 
f 1917/1024/2 1916/1025/2 998/75/2 997/76/2 
f 967/38/3 966/39/2 1000/77/3 999/78/3 
f 1043/120/2 1629/758/2 1917/1024/2 1640/769/2 
f 1640/769/2 1917/1024/2 997/76/2 1006/84/2 
f 966/39/2 991/68/3 1007/85/2 1000/77/3 
f 1918/1026/349 1645/775/322 1536/647/316 1701/831/327 
f 1118/200/222 1918/1026/349 1701/831/327 1119/199/223 
f 1120/202/224 1112/193/219 1111/194/218 1117/201/221 
f 1648/777/323 1209/293/242 1645/775/322 1918/1026/349 
f 1139/221/238 1648/777/323 1918/1026/349 1118/200/222 
f 1117/201/221 1111/194/218 1135/218/236 1138/222/237 
f 1666/795/3 1665/796/2 1919/1028/2 1920/1027/3 
f 1306/405/3 1920/1027/3 1919/1028/2 1307/404/2 
f 1274/366/3 1273/367/3 1309/406/3 1308/407/2 
f 1667/797/3 1666/795/3 1920/1027/3 1921/1029/2 
f 1921/1029/2 1920/1027/3 1306/405/3 1314/412/3 
f 1273/367/3 1290/386/2 1315/413/3 1309/406/3 
f 1665/796/2 1350/446/2 1677/808/2 1919/1028/2 
f 1919/1028/2 1677/808/2 1317/415/2 1307/404/2 
f 1300/398/2 1274/366/3 1308/407/2 1318/416/3 
f 1683/813/325 1682/812/324 1922/1030/350 1923/1031/351 
f 1923/1031/351 1922/1030/350 1418/520/288 1417/521/287 
f 1412/513/285 1411/514/284 1420/522/290 1419/519/289 
f 1682/812/324 1504/607/308 1685/816/326 1922/1030/350 
f 1922/1030/350 1685/816/326 1438/542/304 1418/520/288 
f 1435/538/303 1412/513/285 1419/519/289 1439/541/305 
f 1385/485/99 1683/813/325 1923/1031/351 1681/811/99 
f 1681/811/99 1923/1031/351 1417/521/287 1539/946/100 
f 1411/514/284 1376/476/99 1540/651/100 1420/522/290 
f 1759/892/70 1924/1062/70 1925/1063/70 1926/1061/70 
f 1926/1061/70 1925/1063/70 1564/947/70 1563/908/70 
f 1592/704/70 1927/1064/70 1928/676/70 1601/677/70 
f 1704/835/70 1929/1065/70 1930/1066/70 1931/1033/70 
f 1931/1033/70 1930/1066/70 1599/949/70 1598/674/70 
f 1183/268/70 1932/1067/70 1933/711/70 1934/712/70 
f 1001/79/4 1935/1035/2 1936/1036/2 1002/80/1 
f 1935/1035/2 1630/761/2 1633/762/2 1936/1036/2 
f 1631/760/2 1033/112/2 1036/113/2 1632/763/2 
f 1004/82/2 1937/1038/3 1938/1037/3 1003/81/2 
f 1937/1038/3 1634/767/2 1637/764/2 1938/1037/3 
f 1039/118/2 1038/115/2 1636/765/2 1635/766/2 
f 991/68/3 1005/83/3 1939/1039/3 1007/85/2 
f 1007/85/2 1939/1039/3 1638/768/2 1006/84/2 
f 1041/119/2 1043/120/2 1640/769/2 1639/770/2 
f 1005/83/3 1003/81/2 1938/1037/3 1939/1039/3 
f 1939/1039/3 1938/1037/3 1637/764/2 1638/768/2 
f 1038/115/2 1041/119/2 1639/770/2 1636/765/2 
f 1940/1040/23 1068/148/22 1069/149/22 1941/1041/23 
f 1642/772/23 1940/1040/23 1941/1041/23 1643/983/23 
f 1644/774/22 1078/158/22 1077/159/22 1641/773/22 
f 1135/218/236 1192/275/71 1942/1042/70 1138/222/237 
f 1138/222/237 1942/1042/70 1646/776/71 1139/221/238 
f 1210/292/70 1209/293/242 1648/777/323 1647/778/73 
f 1192/275/71 1191/274/71 1943/1043/71 1942/1042/70 
f 1942/1042/70 1943/1043/71 1649/779/71 1646/776/71 
f 1211/294/70 1210/292/70 1647/778/73 1650/780/71 
f 1191/274/71 1190/273/70 1944/1044/71 1943/1043/71 
f 1943/1043/71 1944/1044/71 1651/781/71 1649/779/71 
f 1212/295/70 1211/294/70 1650/780/71 1652/782/71 
f 1190/273/70 1189/272/71 1945/1045/70 1944/1044/71 
f 1944/1044/71 1945/1045/70 1653/783/71 1651/781/71 
f 1213/296/70 1212/295/70 1652/782/71 1654/784/71 
f 1189/272/71 1188/271/71 1946/1046/71 1945/1045/70 
f 1945/1045/70 1946/1046/71 1655/785/70 1653/783/71 
f 1214/297/70 1213/296/70 1654/784/71 1656/786/71 
f 1188/271/71 1187/270/73 1947/1047/72 1946/1046/71 
f 1946/1046/71 1947/1047/72 1657/787/72 1655/785/70 
f 1215/298/72 1214/297/70 1656/786/71 1658/788/72 
f 1187/270/73 1186/269/71 1948/1003/70 1947/1047/72 
f 1947/1047/72 1948/1003/70 1659/789/70 1657/787/72 
f 1216/299/71 1215/298/72 1658/788/72 1660/790/70 
f 1184/267/70 1183/268/70 1934/712/70 1853/1020/71 
f 1853/1020/71 1934/712/70 1662/709/70 1661/791/70 
f 1707/838/70 1729/860/71 1664/792/70 1663/793/70 
f 1949/1048/2 1310/408/2 1311/409/2 1950/1049/2 
f 1669/798/2 1949/1048/2 1950/1049/2 1670/801/2 
f 1340/437/2 1668/799/2 1671/800/2 1341/440/2 
f 1312/410/3 1951/1051/3 1952/1050/3 1313/411/2 
f 1951/1051/3 1672/805/2 1675/802/2 1952/1050/3 
f 1674/803/2 1673/804/2 1343/442/2 1346/443/2 
f 1316/414/3 1300/398/2 1318/416/3 1953/1052/3 
f 1953/1052/3 1318/416/3 1317/415/2 1676/806/2 
f 1350/446/2 1349/447/2 1678/807/2 1677/808/2 
f 1312/410/3 1316/414/3 1953/1052/3 1951/1051/3 
f 1951/1051/3 1953/1052/3 1676/806/2 1672/805/2 
f 1349/447/2 1343/442/2 1673/804/2 1678/807/2 
f 1376/476/99 1375/475/99 1954/1053/100 1540/651/100 
f 1540/651/100 1954/1053/100 1679/810/100 1539/946/100 
f 1386/484/99 1385/485/99 1681/811/99 1680/809/99 
f 1490/593/71 1435/538/303 1439/541/305 1955/1068/71 
f 1955/1068/71 1439/541/305 1438/542/304 1684/814/71 
f 1504/607/308 1506/608/70 1686/815/70 1685/816/326 
f 1489/592/71 1490/593/71 1955/1068/71 1956/1055/71 
f 1956/1055/71 1955/1068/71 1684/814/71 1687/817/71 
f 1506/608/70 1507/610/70 1688/818/71 1686/815/70 
f 1488/591/71 1489/592/71 1956/1055/71 1957/1056/71 
f 1957/1056/71 1956/1055/71 1687/817/71 1689/819/71 
f 1507/610/70 1508/611/70 1690/820/71 1688/818/71 
f 1487/590/71 1488/591/71 1957/1056/71 1958/1057/71 
f 1958/1057/71 1957/1056/71 1689/819/71 1691/821/71 
f 1508/611/70 1509/612/70 1692/822/70 1690/820/71 
f 1486/589/70 1487/590/71 1958/1057/71 1959/1058/71 
f 1959/1058/71 1958/1057/71 1691/821/71 1693/823/71 
f 1509/612/70 1510/613/70 1694/824/70 1692/822/70 
f 1485/588/71 1486/589/70 1959/1058/71 1960/1059/70 
f 1960/1059/70 1959/1058/71 1693/823/71 1695/825/70 
f 1510/613/70 1511/614/70 1696/826/70 1694/824/70 
f 1484/587/71 1485/588/71 1960/1059/70 1961/1060/70 
f 1961/1060/70 1960/1059/70 1695/825/70 1697/827/70 
f 1511/614/70 1512/615/70 1698/828/70 1696/826/70 
f 1802/943/70 1484/587/71 1961/1060/70 1870/1023/70 
f 1870/1023/70 1961/1060/70 1697/827/70 1699/829/70 
f 1512/615/70 1514/616/70 1700/830/70 1698/828/70 
f 1941/1041/23 1069/149/22 1112/193/219 1120/202/224 
f 1643/983/23 1941/1041/23 1120/202/224 1119/199/223 
f 1701/831/327 1536/647/316 1078/158/22 1644/774/22 
f 1724/855/71 1726/856/71 1852/871/70 1962/872/70 
f 1962/872/70 1852/871/70 1737/870/70 1736/869/70 
f 1845/995/71 1217/301/71 1739/985/70 1738/984/70 
f 1760/895/70 1759/892/70 1926/1061/70 1868/1022/70 
f 1868/1022/70 1926/1061/70 1563/908/70 1771/909/70 
f 1481/586/70 1480/583/70 1772/910/70 1566/911/70 
f 1752/884/70 1854/1004/70 1869/941/70 1963/942/70 
f 1963/942/70 1869/941/70 1799/940/70 1798/939/70 
f 1792/932/70 1791/929/70 1801/987/70 1800/986/70 
f 299/299/70 302/302/70 1964/1019/71 777/790/70 
f 777/790/70 1964/1019/71 1818/1001/70 776/789/71 
f 1816/999/70 269/269/70 1820/1003/70 1819/1002/71 
f 302/302/70 301/301/70 1912/985/71 1964/1019/71 
f 1964/1019/71 1912/985/71 854/869/71 1818/1001/70 
f 840/855/70 1816/999/70 1819/1002/71 857/872/70 
f 267/267/70 841/856/70 856/871/71 1897/1020/71 
f 1897/1020/71 856/871/71 855/870/71 778/791/70 
f 1812/995/70 845/860/70 779/792/70 1821/984/70 
f 879/895/70 1832/1014/70 1965/1021/70 1913/1022/70 
f 1913/1022/70 1965/1021/70 1835/1017/70 891/909/70 
f 872/887/71 583/583/71 892/910/71 1836/1018/70 
f 1832/1014/70 911/929/70 1915/987/70 1965/1021/70 
f 1965/1021/70 1915/987/70 921/939/70 1835/1017/70 
f 869/884/70 872/887/71 1836/1018/70 924/942/70 
f 925/943/71 1822/1004/70 923/941/71 1911/1023/71 
f 1911/1023/71 923/941/71 922/940/70 815/829/70 
f 914/932/70 616/616/70 816/830/70 1837/986/70 
f 1186/269/71 1848/999/70 1966/1002/71 1948/1003/70 
f 1948/1003/70 1966/1002/71 1850/1001/70 1659/789/70 
f 1220/302/71 1216/299/71 1660/790/70 1851/1019/70 
f 1848/999/70 1724/855/71 1962/872/70 1966/1002/71 
f 1966/1002/71 1962/872/70 1736/869/70 1850/1001/70 
f 1217/301/71 1220/302/71 1851/1019/70 1739/985/70 
f 1729/860/71 1845/995/71 1738/984/70 1664/792/70 
f 1664/792/70 1738/984/70 1737/870/70 1661/791/70 
f 1726/856/71 1184/267/70 1853/1020/71 1852/871/70 
f 1480/583/70 1753/887/70 1967/1018/70 1772/910/70 
f 1772/910/70 1967/1018/70 1866/1017/70 1771/909/70 
f 1863/1014/70 1760/895/70 1868/1022/70 1867/1021/70 
f 1753/887/70 1752/884/70 1963/942/70 1967/1018/70 
f 1967/1018/70 1963/942/70 1798/939/70 1866/1017/70 
f 1791/929/70 1863/1014/70 1867/1021/70 1801/987/70 
f 1514/616/70 1792/932/70 1800/986/70 1700/830/70 
f 1700/830/70 1800/986/70 1799/940/70 1699/829/70 
f 1854/1004/70 1802/943/70 1870/1023/70 1869/941/70 
f 693/693/2 1968/1069/2 1969/1070/2 1970/1071/2 
f 713/713/80 714/714/162 1971/1072/162 1972/1073/80 
f 1973/1074/2 1974/1075/2 1975/1076/2 1976/1077/2 
f 1977/1078/2 680/680/2 1978/1079/2 1979/1080/2 
f 1980/1081/21 1981/1082/21 1982/1083/21 1983/1084/21 
f 1984/1085/70 1985/1086/70 1986/1087/70 1987/1088/70 
f 1985/1086/70 1988/1064/70 1989/1089/70 1986/1087/70 
f 1990/1090/352 1991/1091/70 1992/1092/70 1993/1093/157 
f 1991/1091/70 1984/1085/70 1987/1088/70 1992/1092/70 
f 1994/947/70 1881/948/70 1995/1094/70 1996/1095/70 
f 684/684/151 1990/1090/352 1993/1093/157 1997/1096/151 
f 1981/1082/21 685/685/158 1998/1097/150 1982/1083/21 
f 663/663/2 1978/1079/2 1999/1098/2 2000/1099/2 
f 678/678/151 679/679/150 1998/1097/150 1997/1096/151 
f 2001/1100/2 2002/1101/2 2003/1102/2 2004/1103/2 
f 2005/1104/2 652/652/2 1968/1069/2 2006/1105/2 
f 2007/1106/21 2008/1107/21 2009/1108/21 2010/1109/21 
f 2011/1110/70 2012/1111/70 2013/1112/70 2014/1113/70 
f 2012/1111/70 2015/1067/70 2016/1114/70 2013/1112/70 
f 2017/1115/81 2018/1116/70 2019/1117/70 2020/1118/160 
f 2018/1116/70 2011/1110/70 2014/1113/70 2019/1117/70 
f 2021/949/70 1883/950/70 2022/1119/70 2023/1120/70 
f 656/656/80 2017/1115/81 2020/1118/160 1972/1073/80 
f 2008/1107/21 657/657/77 1971/1072/162 2009/1108/21 
f 2024/1121/70 2025/1122/70 2026/1123/70 2027/1124/70 
f 2028/1125/70 2029/1126/70 2030/1127/70 2031/1128/70 
f 2025/1122/70 2028/1125/70 2031/1128/70 2026/1123/70 
f 2032/1129/70 2033/1130/70 2034/1131/70 2035/1132/70 
f 2036/1133/70 2037/1134/70 2038/1135/70 2039/1136/70 
f 2033/1130/70 2036/1133/70 2039/1136/70 2034/1131/70 
f 818/1137/70 2024/1121/70 2027/1124/70 2040/1138/70 
f 821/1139/70 2032/1129/70 2035/1132/70 2041/1140/70 
f 742/1141/70 2042/1062/70 2043/1142/70 2040/1143/70 
f 744/1144/70 2044/1065/70 2045/1145/70 2041/1146/70 
f 2046/1071/2 2047/1070/2 2048/1069/2 1581/693/2 
f 1603/714/321 1602/713/244 2049/1073/244 2050/1072/243 
f 2051/1075/2 2052/1074/2 2053/1077/2 2054/1076/2 
f 1570/680/2 2055/1078/2 2056/1080/2 2057/1079/2 
f 2058/1082/197 2059/1081/197 2060/1084/197 2061/1083/197 
f 2062/1086/70 2063/1085/70 2064/1088/70 2065/1087/70 
f 1927/1064/70 2062/1086/70 2065/1087/70 2066/1089/70 
f 2067/1091/71 2068/1090/317 2069/1093/317 2070/1092/71 
f 2063/1085/70 2067/1091/71 2070/1092/71 2064/1088/70 
f 2071/675/70 1928/676/70 2072/1094/70 2073/1095/70 
f 2068/1090/317 1575/684/312 2074/1096/312 2069/1093/317 
f 1574/685/318 2058/1082/197 2061/1083/197 2075/1097/318 
f 2076/1099/2 2077/1098/2 2057/1079/2 1552/663/2 
f 1568/679/309 1567/678/312 2074/1096/312 2075/1097/318 
f 2078/1101/2 2079/1100/2 2080/1103/2 2081/1102/2 
f 1542/652/2 2082/1104/2 2083/1105/2 2048/1069/2 
f 2084/1107/197 2085/1106/197 2086/1109/197 2087/1108/197 
f 2088/1111/70 2089/1110/70 2090/1113/70 2091/1112/70 
f 1932/1067/70 2088/1111/70 2091/1112/70 2092/1114/70 
f 2093/1116/71 2094/1115/353 2095/1118/353 2096/1117/71 
f 2089/1110/70 2093/1116/71 2096/1117/71 2090/1113/70 
f 2097/710/70 1933/711/70 2098/1119/70 2099/1120/70 
f 2094/1115/353 1546/656/244 2049/1073/244 2095/1118/353 
f 1545/657/309 2084/1107/197 2087/1108/197 2050/1072/243 
f 2100/1147/70 2101/1148/70 2102/1149/70 2103/1150/70 
f 2029/1126/70 2104/1151/70 2105/1152/70 2030/1127/70 
f 2104/1151/70 2100/1147/70 2103/1150/70 2105/1152/70 
f 2106/1153/70 2107/1154/70 2108/1155/70 2109/1156/70 
f 2037/1134/70 2110/1157/70 2111/1158/70 2038/1135/70 
f 2110/1157/70 2106/1153/70 2109/1156/70 2111/1158/70 
f 2101/1148/70 1703/1159/70 2112/1160/70 2102/1149/70 
f 2107/1154/70 1706/1161/70 2113/1162/70 2108/1155/70 
f 1924/1062/70 1624/1141/70 2112/1143/70 2114/1142/70 
f 1929/1065/70 1626/1144/70 2113/1146/70 2115/1145/70 
f 2042/1062/70 2116/1063/70 2117/1163/70 2043/1142/70 
f 2116/1063/70 1994/947/70 1996/1095/70 2117/1163/70 
f 1988/1064/70 676/676/70 1995/1094/70 1989/1089/70 
f 2044/1065/70 2118/1066/70 2119/1164/70 2045/1145/70 
f 2118/1066/70 2021/949/70 2023/1120/70 2119/1164/70 
f 2015/1067/70 711/711/70 2022/1119/70 2016/1114/70 
f 1702/834/70 2120/1032/70 2121/1163/70 2114/1142/70 
f 2120/1032/70 2071/675/70 2073/1095/70 2121/1163/70 
f 1560/671/70 1565/948/70 2072/1094/70 2066/1089/70 
f 1705/837/70 2122/1034/70 2123/1164/70 2115/1145/70 
f 2122/1034/70 2097/710/70 2099/1120/70 2123/1164/70 
f 1593/703/70 1600/950/70 2098/1119/70 2092/1114/70 
f 1968/1069/2 652/652/2 655/655/2 1969/1070/2 
f 1972/1073/80 1971/1072/162 657/657/77 656/656/80 
f 1974/1075/2 658/658/2 661/661/2 1975/1076/2 
f 1979/1080/2 1978/1079/2 663/663/2 662/662/2 
f 1983/1084/21 1982/1083/21 667/667/21 666/666/21 
f 1987/1088/70 1986/1087/70 670/670/70 669/669/70 
f 1986/1087/70 1989/1089/70 671/671/70 670/670/70 
f 1993/1093/157 1992/1092/70 673/673/70 672/672/157 
f 1992/1092/70 1987/1088/70 669/669/70 673/673/70 
f 1996/1095/70 1995/1094/70 676/676/70 675/675/70 
f 1997/1096/151 1993/1093/157 672/672/157 678/678/151 
f 1982/1083/21 1998/1097/150 679/679/150 667/667/21 
f 1978/1079/2 680/680/2 683/683/2 1999/1098/2 
f 1997/1096/151 1998/1097/150 685/685/158 684/684/151 
f 2002/1101/2 688/688/2 691/691/2 2003/1102/2 
f 2006/1105/2 1968/1069/2 693/693/2 692/692/2 
f 2010/1109/21 2009/1108/21 696/696/21 695/695/21 
f 2014/1113/70 2013/1112/70 700/700/70 699/699/70 
f 2013/1112/70 2016/1114/70 703/703/70 700/700/70 
f 2020/1118/160 2019/1117/70 706/706/70 705/705/160 
f 2019/1117/70 2014/1113/70 699/699/70 706/706/70 
f 2023/1120/70 2022/1119/70 711/711/70 710/710/70 
f 1972/1073/80 2020/1118/160 705/705/160 713/713/80 
f 2009/1108/21 1971/1072/162 714/714/162 696/696/21 
f 2027/1124/70 2026/1123/70 725/737/70 724/736/70 
f 2031/1128/70 2030/1127/70 728/741/70 727/740/70 
f 2026/1123/70 2031/1128/70 727/740/70 725/737/70 
f 2035/1132/70 2034/1131/70 732/745/70 731/744/70 
f 2039/1136/70 2038/1135/70 736/749/70 735/748/70 
f 2034/1131/70 2039/1136/70 735/748/70 732/745/70 
f 2040/1138/70 2027/1124/70 724/736/70 742/755/70 
f 2041/1140/70 2035/1132/70 731/744/70 744/757/70 
f 2040/1143/70 2043/1142/70 819/834/70 818/833/70 
f 2041/1146/70 2045/1145/70 822/837/70 821/836/70 
f 2047/1070/2 1543/655/2 1542/652/2 2048/1069/2 
f 2050/1072/243 2049/1073/244 1546/656/244 1545/657/309 
f 1548/658/2 2051/1075/2 2054/1076/2 1549/661/2 
f 2057/1079/2 2056/1080/2 1553/662/2 1552/663/2 
f 2061/1083/197 2060/1084/197 1556/666/197 1555/667/197 
f 2065/1087/70 2064/1088/70 1559/669/70 1558/670/70 
f 2066/1089/70 2065/1087/70 1558/670/70 1560/671/70 
f 2070/1092/71 2069/1093/317 1562/672/317 1561/673/71 
f 2064/1088/70 2070/1092/71 1561/673/71 1559/669/70 
f 2073/1095/70 2072/1094/70 1565/948/70 1564/947/70 
f 2069/1093/317 2074/1096/312 1567/678/312 1562/672/317 
f 2075/1097/318 2061/1083/197 1555/667/197 1568/679/309 
f 2077/1098/2 1571/683/2 1570/680/2 2057/1079/2 
f 2075/1097/318 2074/1096/312 1575/684/312 1574/685/318 
f 1578/688/2 2078/1101/2 2081/1102/2 1579/691/2 
f 2048/1069/2 2083/1105/2 1582/692/2 1581/693/2 
f 2087/1108/197 2086/1109/197 1586/695/197 1585/696/197 
f 2091/1112/70 2090/1113/70 1590/699/70 1589/700/70 
f 2092/1114/70 2091/1112/70 1589/700/70 1593/703/70 
f 2096/1117/71 2095/1118/353 1596/705/317 1595/706/71 
f 2090/1113/70 2096/1117/71 1595/706/71 1590/699/70 
f 2099/1120/70 2098/1119/70 1600/950/70 1599/949/70 
f 2095/1118/353 2049/1073/244 1602/713/244 1596/705/317 
f 2050/1072/243 2087/1108/197 1585/696/197 1603/714/321 
f 2103/1150/70 2102/1149/70 1612/968/70 1611/967/70 
f 2030/1127/70 2105/1152/70 1613/971/70 728/741/70 
f 2105/1152/70 2103/1150/70 1611/967/70 1613/971/70 
f 2109/1156/70 2108/1155/70 1616/974/70 1615/973/70 
f 2038/1135/70 2111/1158/70 1619/977/70 736/749/70 
f 2111/1158/70 2109/1156/70 1615/973/70 1619/977/70 
f 2102/1149/70 2112/1160/70 1624/979/70 1612/968/70 
f 2108/1155/70 2113/1162/70 1626/981/70 1616/974/70 
f 2114/1142/70 2112/1143/70 1703/833/70 1702/834/70 
f 2115/1145/70 2113/1146/70 1706/836/70 1705/837/70 
f 2043/1142/70 2117/1163/70 1879/1032/70 819/834/70 
f 2117/1163/70 1996/1095/70 675/675/70 1879/1032/70 
f 1989/1089/70 1995/1094/70 1881/948/70 671/671/70 
f 2045/1145/70 2119/1164/70 1882/1034/70 822/837/70 
f 2119/1164/70 2023/1120/70 710/710/70 1882/1034/70 
f 2016/1114/70 2022/1119/70 1883/950/70 703/703/70 
f 2114/1142/70 2121/1163/70 1925/1063/70 1924/1062/70 
f 2121/1163/70 2073/1095/70 1564/947/70 1925/1063/70 
f 2066/1089/70 2072/1094/70 1928/676/70 1927/1064/70 
f 2115/1145/70 2123/1164/70 1930/1066/70 1929/1065/70 
f 2123/1164/70 2099/1120/70 1599/949/70 1930/1066/70 
f 2092/1114/70 2098/1119/70 1933/711/70 1932/1067/70 
f 681/681/2 693/693/2 1970/1071/2 682/682/2 
f 687/687/159 686/686/158 714/714/162 713/713/80 
f 689/689/2 1973/1074/2 1976/1077/2 690/690/2 
f 694/694/2 681/681/2 680/680/2 1977/1078/2 
f 698/698/21 697/697/21 1981/1082/21 1980/1081/21 
f 702/702/70 701/701/70 1985/1086/70 1984/1085/70 
f 701/701/70 704/704/70 1988/1064/70 1985/1086/70 
f 708/708/161 707/707/70 1991/1091/70 1990/1090/352 
f 707/707/70 702/702/70 1984/1085/70 1991/1091/70 
f 890/908/70 893/911/71 1881/948/70 1994/947/70 
f 687/687/159 708/708/161 1990/1090/352 684/684/151 
f 697/697/21 686/686/158 685/685/158 1981/1082/21 
f 664/664/2 663/663/2 2000/1099/2 862/877/2 
f 635/635/151 634/634/150 679/679/150 678/678/151 
f 825/840/2 2001/1100/2 2004/1103/2 826/841/2 
f 830/845/2 653/653/2 652/652/2 2005/1104/2 
f 833/848/21 832/847/21 2008/1107/21 2007/1106/21 
f 290/290/70 265/265/70 2012/1111/70 2011/1110/70 
f 265/265/70 268/268/70 2015/1067/70 2012/1111/70 
f 327/327/82 287/287/70 2018/1116/70 2017/1115/81 
f 287/287/70 290/290/70 2011/1110/70 2018/1116/70 
f 674/674/70 677/677/70 1883/950/70 2021/949/70 
f 325/325/80 327/327/82 2017/1115/81 656/656/80 
f 832/847/21 322/322/77 657/657/77 2008/1107/21 
f 730/743/70 733/746/70 2025/1122/70 2024/1121/70 
f 734/747/70 737/750/70 2029/1126/70 2028/1125/70 
f 733/746/70 734/747/70 2028/1125/70 2025/1122/70 
f 224/1165/70 227/1166/70 2033/1130/70 2032/1129/70 
f 643/1167/70 846/1168/70 2037/1134/70 2036/1133/70 
f 227/1166/70 643/1167/70 2036/1133/70 2033/1130/70 
f 743/756/70 730/743/70 2024/1121/70 818/1137/70 
f 738/1169/70 224/1165/70 2032/1129/70 821/1139/70 
f 741/893/70 877/892/70 2042/1062/70 742/1141/70 
f 743/832/70 820/835/70 2044/1065/70 744/1144/70 
f 1572/682/2 2046/1071/2 1581/693/2 1569/681/2 
f 1573/686/318 1576/687/319 1602/713/244 1603/714/321 
f 2052/1074/2 1577/689/2 1580/690/2 2053/1077/2 
f 1569/681/2 1583/694/2 2055/1078/2 1570/680/2 
f 1584/697/197 1587/698/197 2059/1081/197 2058/1082/197 
f 1588/701/70 1591/702/70 2063/1085/70 2062/1086/70 
f 1592/704/70 1588/701/70 2062/1086/70 1927/1064/70 
f 1594/707/71 1597/708/320 2068/1090/317 2067/1091/71 
f 1591/702/70 1594/707/71 2067/1091/71 2063/1085/70 
f 1598/674/70 1601/677/70 1928/676/70 2071/675/70 
f 1597/708/320 1576/687/319 1575/684/312 2068/1090/317 
f 1573/686/318 1584/697/197 2058/1082/197 1574/685/318 
f 1742/877/2 2076/1099/2 1552/663/2 1551/664/2 
f 1523/634/309 1526/635/312 1567/678/312 1568/679/309 
f 2079/1100/2 1708/840/2 1711/841/2 2080/1103/2 
f 1541/653/2 1715/845/2 2082/1104/2 1542/652/2 
f 1716/847/197 1719/848/197 2085/1106/197 2084/1107/197 
f 1182/265/70 1205/290/70 2089/1110/70 2088/1111/70 
f 1183/268/70 1182/265/70 2088/1111/70 1932/1067/70 
f 1204/287/71 1234/327/247 2094/1115/353 2093/1116/71 
f 1205/290/70 1204/287/71 2093/1116/71 2089/1110/70 
f 1662/709/70 1934/712/70 1933/711/70 2097/710/70 
f 1234/327/247 1231/325/244 1546/656/244 2094/1115/353 
f 1230/322/243 1716/847/197 2084/1107/197 1545/657/309 
f 1618/976/70 1617/975/70 2101/1148/70 2100/1147/70 
f 737/750/70 1620/978/70 2104/1151/70 2029/1126/70 
f 1620/978/70 1618/976/70 2100/1147/70 2104/1151/70 
f 1142/1170/70 1141/1171/70 2107/1154/70 2106/1153/70 
f 846/1168/70 1531/1172/70 2110/1157/70 2037/1134/70 
f 1531/1172/70 1142/1170/70 2106/1153/70 2110/1157/70 
f 1617/975/70 1627/982/70 1703/1159/70 2101/1148/70 
f 1141/1171/70 1621/1173/70 1706/1161/70 2107/1154/70 
f 1759/892/70 1625/893/70 1624/1141/70 1924/1062/70 
f 1704/835/70 1627/832/70 1626/1144/70 1929/1065/70 
f 877/892/70 1914/1061/70 2116/1063/70 2042/1062/70 
f 1914/1061/70 890/908/70 1994/947/70 2116/1063/70 
f 704/704/70 677/677/70 676/676/70 1988/1064/70 
f 820/835/70 1880/1033/70 2118/1066/70 2044/1065/70 
f 1880/1033/70 674/674/70 2021/949/70 2118/1066/70 
f 268/268/70 712/712/70 711/711/70 2015/1067/70 
f 1704/835/70 1931/1033/70 2120/1032/70 1702/834/70 
f 1931/1033/70 1598/674/70 2071/675/70 2120/1032/70 
f 1481/586/70 1566/911/70 1565/948/70 1560/671/70 
f 1707/838/70 1663/793/70 2122/1034/70 1705/837/70 
f 1663/793/70 1662/709/70 2097/710/70 2122/1034/70 
f 1592/704/70 1601/677/70 1600/950/70 1593/703/70 
f 2124/1174/1 103/60/4 102/60/3 2125/1174/3 
f 1027/60/1 2124/1174/1 2125/1174/3 1024/60/2 
f 57/57/2 60/60/4 2126/60/4 2127/57/2 
f 60/60/4 103/60/4 2128/60/4 2126/60/4 
f 103/60/4 2124/1174/1 2129/1174/1 2128/60/4 
f 2124/1174/1 1027/60/1 2130/60/1 2129/1174/1 
f 1027/60/1 981/60/3 2131/60/3 2130/60/1 
f 981/60/3 980/57/3 2132/57/3 2131/60/3 
f 980/57/3 69/69/2 2133/69/354 2132/57/3 
f 69/69/2 57/57/2 2127/57/2 2133/69/354 
f 2127/57/2 2126/60/4 2134/60/1 2135/57/1 
f 2126/60/4 2128/60/4 2136/60/3 2134/60/1 
f 2128/60/4 2129/1174/1 2137/1174/2 2136/60/3 
f 2129/1174/1 2130/60/1 2138/60/2 2137/1174/2 
f 2130/60/1 2131/60/3 2139/60/4 2138/60/2 
f 2131/60/3 2132/57/3 2140/57/4 2139/60/4 
f 2132/57/3 2133/69/354 2141/69/1 2140/57/4 
f 2133/69/354 2127/57/2 2135/57/1 2141/69/1 
f 2142/60/355 2143/57/355 2144/57/355 2145/60/355 
s 2
f 2146/60/356 2142/60/356 2145/60/356 2147/60/356 
s 1
f 2148/1174/357 2146/60/357 2147/60/357 2149/1174/357 
s 2
f 2150/60/358 2148/1174/358 2149/1174/358 2151/60/358 
s 1
f 2152/60/359 2150/60/359 2151/60/359 2153/60/359 
s 2
f 2154/57/360 2152/60/360 2153/60/360 2155/57/360 
s 1
f 2156/69/361 2154/57/361 2155/57/361 2157/69/361 
s 2
f 2143/57/362 2156/69/362 2157/69/362 2144/57/362 
s 1
f 2158/60/355 2159/57/355 2143/57/355 2142/60/355 
f 2160/57/355 2161/60/355 2145/60/355 2144/57/355 
s 2
f 2162/60/356 2158/60/356 2142/60/356 2146/60/356 
f 2161/60/356 2163/60/356 2147/60/356 2145/60/356 
s 1
f 2164/1174/357 2162/60/357 2146/60/357 2148/1174/357 
f 2163/60/357 2165/1174/357 2149/1174/357 2147/60/357 
s 2
f 2166/60/358 2164/1174/358 2148/1174/358 2150/60/358 
f 2165/1174/358 2167/60/358 2151/60/358 2149/1174/358 
s 1
f 2168/60/359 2166/60/359 2150/60/359 2152/60/359 
f 2167/60/359 2169/60/359 2153/60/359 2151/60/359 
s 2
f 2170/57/360 2168/60/360 2152/60/360 2154/57/360 
f 2169/60/360 2171/57/360 2155/57/360 2153/60/360 
s 1
f 2172/69/361 2170/57/361 2154/57/361 2156/69/361 
f 2171/57/361 2173/69/361 2157/69/361 2155/57/361 
s 2
f 2159/57/362 2172/69/362 2156/69/362 2143/57/362 
f 2173/69/362 2160/57/362 2144/57/362 2157/69/362 
s 4
f 2159/1175/1 2158/1176/1 2174/1177/1 2175/1178/1 
f 2158/1176/1 2162/1179/3 2176/1180/3 2174/1177/1 
f 2162/1179/3 2164/1181/2 2177/1182/2 2176/1180/3 
f 2164/1181/2 2166/1183/2 2178/1184/2 2177/1182/2 
f 2166/1183/2 2168/1185/4 2179/1186/4 2178/1184/2 
f 2168/1185/4 2170/1187/4 2180/1188/4 2179/1186/4 
f 2170/1187/4 2172/1189/1 2181/1190/1 2180/1188/4 
f 2172/1189/1 2159/1175/1 2175/1178/1 2181/1190/1 
f 2177/1182/2 2178/1184/2 2182/1191/1 2176/1180/3 
f 2182/1191/1 2178/1184/2 2179/1186/4 2180/1188/4 
f 2182/1191/1 2175/1178/1 2174/1177/1 2176/1180/3 
f 2181/1190/1 2175/1178/1 2182/1191/1 2180/1188/4 
s 1
f 378/1192/2 2183/1193/3 2184/1194/2 372/1195/2 
f 372/1195/2 2184/1194/2 2185/1196/3 373/1197/2 
f 2185/1196/3 2186/1198/2 429/1199/2 373/1197/2 
f 2183/1200/3 722/731/3 718/722/2 2184/1201/2 
f 2184/1201/2 718/722/2 717/721/3 2185/1202/3 
f 717/721/3 721/728/2 2186/1203/2 2185/1202/3 
f 448/1204/2 441/1205/2 429/1199/2 2186/1198/2 
f 445/727/2 448/1206/2 2186/1203/2 721/728/2 
f 378/1192/2 1281/1207/2 2187/1208/2 2183/1193/3 
f 1281/1207/2 1280/1209/2 2188/1210/2 2187/1208/2 
f 2188/1210/2 1280/1209/2 1331/1211/3 2189/1212/2 
f 2183/1200/3 2187/1213/2 1606/956/3 722/731/3 
f 2187/1213/2 2188/1214/2 1607/957/2 1606/956/3 
f 1607/957/2 2188/1214/2 2189/1215/2 1610/966/2 
f 1348/1216/2 2189/1212/2 1331/1211/3 1344/1217/2 
f 1347/963/2 1610/966/2 2189/1215/2 1348/1218/2 
f 2190/1219/2 2191/1220/2 37/1221/2 53/1222/2 
f 2191/1220/2 2192/1223/3 38/1224/2 37/1221/2 
f 2193/1225/3 2194/1226/2 2125/1227/3 102/1228/3 
f 53/1222/2 56/1229/3 67/1230/3 2190/1219/2 
f 2195/1231/2 75/1232/2 78/1233/2 2196/1234/2 
f 2193/1225/3 102/1228/3 105/1235/3 2197/1236/2 
f 2198/1237/2 106/1238/2 109/1239/2 2199/1240/2 
f 2200/1241/3 831/1242/2 830/1243/2 2201/1244/2 
f 2191/1220/2 2190/1219/2 2202/1245/2 2203/1246/2 
f 2192/1223/3 2191/1220/2 2203/1246/2 2204/1247/2 
f 2194/1226/2 2193/1225/3 2205/1248/2 2206/1249/2 
f 164/1250/2 2207/1251/2 2202/1245/2 74/1252/2 
f 2208/1253/3 2209/1254/2 2210/1255/2 2211/1256/2 
f 2209/1254/2 2212/1257/2 2213/1258/2 2210/1255/2 
f 2214/1259/2 2215/1260/2 2205/1248/2 2216/1261/2 
f 2198/1237/2 2217/1262/2 2216/1261/2 2197/1236/2 
f 2218/1263/2 2219/1264/2 2220/1265/2 2199/1240/2 
f 2221/1266/2 2203/1246/2 2202/1245/2 2207/1251/2 
f 2222/1267/2 2204/1247/2 2203/1246/2 2221/1266/2 
f 2223/1268/2 2206/1249/2 2205/1248/2 2215/1260/2 
f 67/1230/3 74/1252/2 2202/1245/2 2190/1219/2 
f 2197/1236/2 2216/1261/2 2205/1248/2 2193/1225/3 
f 2217/1262/2 2224/1269/2 2214/1259/2 2216/1261/2 
f 2219/1264/2 2225/1270/2 2226/1271/2 2220/1265/2 
f 665/1272/2 863/1273/2 2227/1274/2 2228/1275/2 
f 385/1276/2 2229/1277/3 2230/1278/2 384/1279/2 
f 386/1280/2 2231/1281/3 2229/1277/3 385/1276/2 
f 390/1282/2 2232/1283/2 2233/1284/2 387/1285/2 
f 425/1286/2 403/1287/2 2230/1278/2 2234/1288/2 
f 2235/1289/3 2236/1290/3 2237/1291/2 2234/1288/2 
f 2238/1292/3 2239/1293/3 2236/1290/3 2235/1289/3 
f 2240/1294/2 2241/1295/2 2233/1284/2 2242/1296/2 
f 2241/1295/2 2243/1297/2 435/1298/2 431/1299/2 
f 2244/1300/3 2245/1301/3 783/1302/2 436/1303/2 
f 2235/1289/3 2234/1288/2 2230/1278/2 2229/1277/3 
f 2238/1292/3 2235/1289/3 2229/1277/3 2231/1281/3 
f 2246/1304/2 2242/1296/2 2233/1284/2 2232/1283/2 
f 397/1305/3 384/1279/2 2230/1278/2 403/1287/2 
f 431/1299/2 387/1285/2 2233/1284/2 2241/1295/2 
f 2240/1294/2 2247/1306/2 2243/1297/2 2241/1295/2 
f 2248/1307/3 2249/1308/3 2245/1301/3 2244/1300/3 
f 2005/1309/2 2250/1310/2 2201/1244/2 830/1243/2 
f 2250/1310/2 2251/1311/2 2252/1312/2 2201/1244/2 
f 2253/1313/2 2254/1314/2 2255/1315/3 2256/1316/3 
f 1977/1317/2 2257/1318/2 2258/1319/2 694/1320/2 
f 2257/1318/2 2259/1321/3 2260/1322/2 2258/1319/2 
f 2261/1323/3 2262/1324/2 2260/1322/2 2263/1325/2 
f 2264/1326/2 2265/1327/3 2266/1328/3 2267/1329/2 
f 2268/1330/3 2269/1331/3 2270/1332/3 2271/1333/3 
f 2272/1334/2 2273/1335/3 2274/1336/2 2275/1337/2 
f 2276/1338/2 2277/1339/2 2242/1296/2 2246/1304/2 
f 2278/1340/2 2279/1341/2 2280/1342/2 2281/1343/3 
f 2242/1296/2 2277/1339/2 2282/1344/2 2240/1294/2 
f 2283/1345/2 2284/1346/2 2285/1347/2 2286/1348/2 
f 2247/1306/2 2287/1349/2 2288/1350/2 2248/1307/3 
f 2289/1351/2 2290/1352/2 2291/1353/2 2278/1340/2 
f 2292/1354/3 2293/1355/2 2294/1356/2 2295/1357/2 
f 2296/1358/2 2289/1351/2 2278/1340/2 2281/1343/3 
f 2297/1359/2 2298/1360/2 2283/1345/2 2286/1348/2 
f 2299/1361/2 2300/1362/2 2301/1363/3 2302/1364/2 
f 2269/1331/3 2303/1365/3 2304/1366/3 2270/1332/3 
f 2305/1367/3 2299/1361/2 2302/1364/2 2306/1368/2 
f 2307/1369/2 2308/1370/2 2309/1371/2 2310/1372/3 
f 2197/1236/2 105/1235/3 106/1238/2 2198/1237/2 
f 2199/1240/2 2220/1265/2 2217/1262/2 2198/1237/2 
f 2220/1265/2 2226/1271/2 2224/1269/2 2217/1262/2 
f 2244/1300/3 436/1303/2 435/1298/2 2243/1297/2 
f 2248/1307/3 2244/1300/3 2243/1297/2 2247/1306/2 
f 2281/1343/3 2280/1342/2 2284/1346/2 2283/1345/2 
f 2240/1294/2 2282/1344/2 2287/1349/2 2247/1306/2 
f 2306/1368/2 2311/1373/2 2312/1374/3 2309/1371/2 
f 2313/1375/3 2314/1376/3 2315/1377/2 2316/1378/2 
f 2199/1240/2 109/1239/2 746/1379/2 2218/1263/2 
f 2195/1231/2 2317/1380/2 2318/1381/2 2319/1382/2 
f 2317/1380/2 2320/1383/2 2321/1384/2 2318/1381/2 
f 2322/1385/2 412/1386/2 1876/1387/2 2323/1388/2 
f 2324/1389/2 2322/1385/2 2323/1388/2 2325/1390/2 
f 2286/1348/2 2285/1347/2 2326/1391/2 2327/1392/2 
f 2248/1307/3 2288/1350/2 2328/1393/2 2249/1308/3 
f 2310/1372/3 2329/1394/3 2330/1395/2 2331/1396/2 
f 2332/1397/2 2333/1398/2 2334/1399/3 2335/1400/3 
f 2208/1253/3 94/1401/2 1809/1402/3 2336/1403/3 
f 2201/1244/2 2252/1312/2 2337/1404/3 2200/1241/3 
f 2252/1312/2 2338/1405/2 2339/1406/2 2337/1404/3 
f 2340/1407/3 2341/1408/3 2342/1409/3 2343/1410/2 
f 2278/1340/2 2291/1353/2 2344/1411/3 2279/1341/2 
f 2272/1334/2 2345/1412/2 2346/1413/2 2347/1414/2 
f 2348/1415/3 2349/1416/3 2350/1417/3 2351/1418/2 
f 2345/1412/2 2348/1415/3 2351/1418/2 2346/1413/2 
f 2349/1416/3 2352/1419/2 2353/1420/2 2350/1417/3 
f 902/1421/2 2354/1422/2 2355/1423/2 1829/1424/2 
f 2255/1315/3 2228/1275/2 2227/1274/2 2356/1425/3 
f 2256/1316/3 2255/1315/3 2356/1425/3 2357/1426/3 
f 2358/1427/3 2359/1428/3 2360/1429/3 2361/1430/3 
f 2362/1431/2 2363/1432/2 2364/1433/2 2365/1434/2 
f 2363/1432/2 2313/1375/3 2366/1435/3 2364/1433/2 
f 2316/1378/2 2332/1397/2 2367/1436/2 2368/1437/2 
f 2313/1375/3 2316/1378/2 2368/1437/2 2366/1435/3 
f 2332/1397/2 2335/1400/3 2369/1438/3 2367/1436/2 
f 2370/1439/3 2354/1422/2 2371/1440/2 2372/1441/3 
f 2373/1442/3 2370/1439/3 2372/1441/3 2374/1443/3 
f 2375/1444/3 2376/1445/3 2377/1446/3 2378/1447/2 
f 2376/1445/3 2379/1448/2 2380/1449/2 2377/1446/3 
f 2381/1450/2 2382/1451/2 2383/1452/2 2384/1453/3 
f 2379/1448/2 2381/1450/2 2384/1453/3 2380/1449/2 
f 2382/1451/2 2385/1454/2 2386/1455/2 2383/1452/2 
f 425/1286/2 2234/1288/2 2237/1291/2 426/1456/2 
f 2324/1389/2 2387/1457/3 2388/1458/2 2389/1459/2 
f 2390/1460/2 976/1461/2 964/1462/2 2391/1463/2 
f 2391/1463/2 964/1462/2 967/1464/3 2392/1465/3 
f 2393/1466/2 1024/1467/2 2125/1227/3 2194/1226/2 
f 976/1461/2 2390/1460/2 990/1468/2 977/1469/2 
f 998/1470/2 2394/1471/2 2395/1472/2 999/1473/3 
f 2393/1466/2 2396/1474/2 1025/1475/2 1024/1467/2 
f 2397/1476/2 2398/1477/2 1029/1478/2 1028/1479/2 
f 2399/1480/3 2400/1481/2 1715/1482/2 1714/1483/2 
f 2391/1463/2 2401/1484/2 2402/1485/2 2390/1460/2 
f 2392/1465/3 2403/1486/2 2401/1484/2 2391/1463/2 
f 2194/1226/2 2206/1249/2 2404/1487/2 2393/1466/2 
f 1084/1488/2 996/1489/2 2402/1485/2 2405/1490/2 
f 2406/1491/2 2407/1492/3 2408/1493/2 2409/1494/2 
f 2410/1495/3 2406/1491/2 2409/1494/2 2411/1496/3 
f 2412/1497/2 2413/1498/2 2404/1487/2 2414/1499/2 
f 2397/1476/2 2396/1474/2 2413/1498/2 2415/1500/2 
f 2416/1501/2 2398/1477/2 2417/1502/2 2418/1503/2 
f 2419/1504/2 2405/1490/2 2402/1485/2 2401/1484/2 
f 2420/1505/3 2419/1504/2 2401/1484/2 2403/1486/2 
f 2223/1268/2 2414/1499/2 2404/1487/2 2206/1249/2 
f 990/1468/2 2390/1460/2 2402/1485/2 996/1489/2 
f 2396/1474/2 2393/1466/2 2404/1487/2 2413/1498/2 
f 2415/1500/2 2413/1498/2 2412/1497/2 2421/1506/2 
f 2418/1503/2 2417/1502/2 2422/1507/2 2423/1508/2 
f 1554/1509/2 2424/1510/2 2425/1511/2 1745/1512/2 
f 1289/1513/2 1288/1514/2 2426/1515/2 2427/1516/2 
f 1290/1517/2 1289/1513/2 2427/1516/2 2428/1518/3 
f 390/1282/2 1291/1519/2 2429/1520/2 2232/1283/2 
f 1327/1521/2 2430/1522/2 2426/1515/2 1305/1523/2 
f 2431/1524/2 2430/1522/2 2432/1525/2 2433/1526/2 
f 2434/1527/2 2431/1524/2 2433/1526/2 2435/1528/2 
f 2436/1529/2 2437/1530/2 2429/1520/2 2438/1531/2 
f 2438/1531/2 1334/1532/2 1337/1533/2 2439/1534/2 
f 2440/1535/2 1336/1536/2 1667/1537/3 2441/1538/2 
f 2431/1524/2 2427/1516/2 2426/1515/2 2430/1522/2 
f 2434/1527/2 2428/1518/3 2427/1516/2 2431/1524/2 
f 2246/1304/2 2232/1283/2 2429/1520/2 2437/1530/2 
f 1299/1539/2 1305/1523/2 2426/1515/2 1288/1514/2 
f 1334/1532/2 2438/1531/2 2429/1520/2 1291/1519/2 
f 2436/1529/2 2438/1531/2 2439/1534/2 2442/1540/2 
f 2443/1541/2 2440/1535/2 2441/1538/2 2444/1542/2 
f 2400/1481/2 2445/1543/2 2082/1544/2 1715/1482/2 
f 2446/1545/2 2447/1546/2 2445/1543/2 2400/1481/2 
f 2448/1547/2 2449/1548/3 2450/1549/3 2451/1550/2 
f 2452/1551/2 2453/1552/2 2055/1553/2 1583/1554/2 
f 2454/1555/2 2455/1556/2 2453/1552/2 2452/1551/2 
f 2454/1555/2 2456/1557/2 2457/1558/3 2458/1559/3 
f 2459/1560/2 2460/1561/2 2461/1562/3 2462/1563/3 
f 2463/1564/2 2464/1565/2 2465/1566/2 2466/1567/2 
f 2273/1335/3 2467/1568/3 2468/1569/3 2274/1336/2 
f 2276/1338/2 2246/1304/2 2437/1530/2 2469/1570/2 
f 2470/1571/3 2471/1572/2 2472/1573/3 2473/1574/3 
f 2437/1530/2 2436/1529/2 2474/1575/2 2469/1570/2 
f 2475/1576/3 2476/1577/3 2477/1578/3 2478/1579/3 
f 2442/1540/2 2443/1541/2 2479/1580/3 2480/1581/2 
f 2291/1353/2 2290/1352/2 2481/1582/2 2470/1571/3 
f 2460/1561/2 2482/1583/2 2483/1584/3 2461/1562/3 
f 2470/1571/3 2481/1582/2 2484/1585/2 2471/1572/2 
f 2475/1576/3 2485/1586/2 2486/1587/2 2476/1577/3 
f 2301/1363/3 2300/1362/2 2487/1588/2 2488/1589/2 
f 2489/1590/2 2490/1591/2 2491/1592/3 2492/1593/3 
f 2488/1589/2 2487/1588/2 2493/1594/2 2494/1595/3 
f 2495/1596/2 2496/1597/3 2497/1598/3 2498/1599/2 
f 2396/1474/2 2397/1476/2 1028/1479/2 1025/1475/2 
f 2398/1477/2 2397/1476/2 2415/1500/2 2417/1502/2 
f 2417/1502/2 2415/1500/2 2421/1506/2 2422/1507/2 
f 2440/1535/2 2439/1534/2 1337/1533/2 1336/1536/2 
f 2443/1541/2 2442/1540/2 2439/1534/2 2440/1535/2 
f 2471/1572/2 2475/1576/3 2478/1579/3 2472/1573/3 
f 2436/1529/2 2442/1540/2 2480/1581/2 2474/1575/2 
f 2499/1600/2 2500/1601/3 2494/1595/3 2495/1596/2 
f 2501/1602/3 2502/1603/2 2503/1604/2 2504/1605/3 
f 2398/1477/2 2416/1501/2 1628/1606/2 1029/1478/2 
f 2505/1607/2 2394/1471/2 2506/1608/2 2507/1609/2 
f 2508/1610/2 2505/1607/2 2507/1609/2 2509/1611/2 
f 1314/1612/3 2510/1613/3 2511/1614/3 1921/1615/2 
f 2510/1613/3 2512/1616/3 2513/1617/3 2511/1614/3 
f 2476/1577/3 2514/1618/2 2515/1619/2 2477/1578/3 
f 2443/1541/2 2444/1542/2 2516/1620/3 2479/1580/3 
f 2517/1621/3 2518/1622/2 2498/1599/2 2519/1623/3 
f 2520/1624/2 2521/1625/3 2522/1626/3 2523/1627/2 
f 1016/1628/2 2407/1492/3 2524/1629/2 1842/1630/2 
f 2400/1481/2 2399/1480/3 2525/1631/2 2446/1545/2 
f 2446/1545/2 2525/1631/2 2526/1632/2 2527/1633/3 
f 2528/1634/2 2529/1635/2 2530/1636/2 2531/1637/3 
f 2470/1571/3 2473/1574/3 2344/1411/3 2291/1353/2 
f 2532/1638/2 2467/1568/3 2533/1639/3 2534/1640/3 
f 2535/1641/3 2536/1642/3 2537/1643/3 2538/1644/3 
f 2536/1642/3 2532/1638/2 2534/1640/3 2537/1643/3 
f 2539/1645/2 2535/1641/3 2538/1644/3 2540/1646/2 
f 2541/1647/3 1781/1648/3 1861/1649/2 2542/1650/2 
f 2448/1547/2 2543/1651/2 2425/1511/2 2424/1510/2 
f 2451/1550/2 2544/1652/2 2543/1651/2 2448/1547/2 
f 2545/1653/2 2546/1654/2 2547/1655/2 2548/1656/2 
f 2362/1431/2 2365/1434/2 2549/1657/2 2550/1658/2 
f 2550/1658/2 2549/1657/2 2551/1659/2 2503/1604/2 
f 2504/1605/3 2552/1660/3 2553/1661/3 2522/1626/3 
f 2503/1604/2 2551/1659/2 2552/1660/3 2504/1605/3 
f 2522/1626/3 2553/1661/3 2554/1662/2 2523/1627/2 
f 2541/1647/3 2555/1663/2 2556/1664/2 2557/1665/3 
f 2555/1663/2 2558/1666/2 2559/1667/2 2556/1664/2 
f 2560/1668/2 2375/1444/3 2378/1447/2 2561/1669/2 
f 2562/1670/2 2560/1668/2 2561/1669/2 2563/1671/3 
f 2564/1672/3 2565/1673/2 2566/1674/2 2567/1675/3 
f 2565/1673/2 2562/1670/2 2563/1671/3 2566/1674/2 
f 2568/1676/3 2564/1672/3 2567/1675/3 2569/1677/3 
f 1327/1521/2 1328/1678/2 2432/1525/2 2430/1522/2 
f 2570/1679/2 2512/1616/3 2571/1680/3 2572/1681/3 
f 2200/1241/3 2337/1404/3 2573/1682/2 2336/1403/3 
f 2336/1403/3 2573/1682/2 2209/1254/2 2208/1253/3 
f 2221/1266/2 2207/1251/2 2211/1256/2 2210/1255/2 
f 2337/1404/3 2339/1406/2 2574/1683/3 2573/1682/2 
f 2573/1682/2 2574/1683/3 2212/1257/2 2209/1254/2 
f 2222/1267/2 2221/1266/2 2210/1255/2 2213/1258/2 
f 2279/1341/2 2344/1411/3 2575/1684/3 2347/1414/2 
f 2347/1414/2 2575/1684/3 2273/1335/3 2272/1334/2 
f 2223/1268/2 2215/1260/2 2275/1337/2 2274/1336/2 
f 2207/1251/2 164/1250/2 95/1685/2 2211/1256/2 
f 2211/1256/2 95/1685/2 94/1401/2 2208/1253/3 
f 831/1242/2 2200/1241/3 2336/1403/3 1809/1402/3 
f 2320/1383/2 2576/1686/2 2577/1687/2 2321/1384/2 
f 2576/1686/2 2340/1407/3 2343/1410/2 2577/1687/2 
f 2265/1327/3 2341/1408/3 2578/1688/2 2266/1328/3 
f 2215/1260/2 2214/1259/2 2579/1689/2 2275/1337/2 
f 2275/1337/2 2579/1689/2 2345/1412/2 2272/1334/2 
f 2280/1342/2 2279/1341/2 2347/1414/2 2346/1413/2 
f 2224/1269/2 2226/1271/2 2580/1690/2 2581/1691/3 
f 2581/1691/3 2580/1690/2 2349/1416/3 2348/1415/3 
f 2285/1347/2 2284/1346/2 2351/1418/2 2350/1417/3 
f 2214/1259/2 2224/1269/2 2581/1691/3 2579/1689/2 
f 2579/1689/2 2581/1691/3 2348/1415/3 2345/1412/2 
f 2284/1346/2 2280/1342/2 2346/1413/2 2351/1418/2 
f 2226/1271/2 2225/1270/2 2582/1692/2 2580/1690/2 
f 2580/1690/2 2582/1692/2 2352/1419/2 2349/1416/3 
f 2326/1391/2 2285/1347/2 2350/1417/3 2353/1420/2 
f 426/1456/2 2237/1291/2 2371/1440/2 903/1693/2 
f 903/1693/2 2371/1440/2 2354/1422/2 902/1421/2 
f 2227/1274/2 863/1273/2 1829/1424/2 2355/1423/2 
f 2387/1457/3 2583/1694/3 2584/1695/2 2388/1458/2 
f 2583/1694/3 2358/1427/3 2361/1430/3 2584/1695/2 
f 2268/1330/3 2359/1428/3 2585/1696/3 2586/1697/3 
f 2356/1425/3 2227/1274/2 2355/1423/2 2587/1698/3 
f 2587/1698/3 2355/1423/2 2354/1422/2 2370/1439/3 
f 2237/1291/2 2236/1290/3 2372/1441/3 2371/1440/2 
f 2357/1426/3 2356/1425/3 2587/1698/3 2588/1699/3 
f 2588/1699/3 2587/1698/3 2370/1439/3 2373/1442/3 
f 2236/1290/3 2239/1293/3 2374/1443/3 2372/1441/3 
f 2365/1434/2 2364/1433/2 2589/1700/2 2590/1701/3 
f 2590/1701/3 2589/1700/2 2376/1445/3 2375/1444/3 
f 2277/1339/2 2276/1338/2 2378/1447/2 2377/1446/3 
f 2364/1433/2 2366/1435/3 2591/1702/3 2589/1700/2 
f 2589/1700/2 2591/1702/3 2379/1448/2 2376/1445/3 
f 2282/1344/2 2277/1339/2 2377/1446/3 2380/1449/2 
f 2368/1437/2 2367/1436/2 2592/1703/2 2593/1704/2 
f 2593/1704/2 2592/1703/2 2382/1451/2 2381/1450/2 
f 2288/1350/2 2287/1349/2 2384/1453/3 2383/1452/2 
f 2366/1435/3 2368/1437/2 2593/1704/2 2591/1702/3 
f 2591/1702/3 2593/1704/2 2381/1450/2 2379/1448/2 
f 2287/1349/2 2282/1344/2 2380/1449/2 2384/1453/3 
f 2367/1436/2 2369/1438/3 2594/1705/3 2592/1703/2 
f 2592/1703/2 2594/1705/3 2385/1454/2 2382/1451/2 
f 2328/1393/2 2288/1350/2 2383/1452/2 2386/1455/2 
f 2525/1631/2 2399/1480/3 2524/1629/2 2595/1706/3 
f 2595/1706/3 2524/1629/2 2407/1492/3 2406/1491/2 
f 2405/1490/2 2419/1504/2 2409/1494/2 2408/1493/2 
f 2526/1632/2 2525/1631/2 2595/1706/3 2596/1707/3 
f 2596/1707/3 2595/1706/3 2406/1491/2 2410/1495/3 
f 2419/1504/2 2420/1505/3 2411/1496/3 2409/1494/2 
f 2344/1411/3 2473/1574/3 2533/1639/3 2575/1684/3 
f 2575/1684/3 2533/1639/3 2467/1568/3 2273/1335/3 
f 2414/1499/2 2223/1268/2 2274/1336/2 2468/1569/3 
f 1084/1488/2 2405/1490/2 2408/1493/2 1017/1708/2 
f 1017/1708/2 2408/1493/2 2407/1492/3 1016/1628/2 
f 2399/1480/3 1714/1483/2 1842/1630/2 2524/1629/2 
f 2508/1610/2 2597/1709/2 2598/1710/3 2599/1711/3 
f 2597/1709/2 2528/1634/2 2531/1637/3 2598/1710/3 
f 2459/1560/2 2529/1635/2 2600/1712/2 2601/1713/2 
f 2412/1497/2 2414/1499/2 2468/1569/3 2602/1714/2 
f 2602/1714/2 2468/1569/3 2467/1568/3 2532/1638/2 
f 2473/1574/3 2472/1573/3 2534/1640/3 2533/1639/3 
f 2422/1507/2 2421/1506/2 2603/1715/2 2604/1716/3 
f 2604/1716/3 2603/1715/2 2536/1642/3 2535/1641/3 
f 2478/1579/3 2477/1578/3 2538/1644/3 2537/1643/3 
f 2421/1506/2 2412/1497/2 2602/1714/2 2603/1715/2 
f 2603/1715/2 2602/1714/2 2532/1638/2 2536/1642/3 
f 2472/1573/3 2478/1579/3 2537/1643/3 2534/1640/3 
f 2423/1508/2 2422/1507/2 2604/1716/3 2605/1717/2 
f 2605/1717/2 2604/1716/3 2535/1641/3 2539/1645/2 
f 2477/1578/3 2515/1619/2 2540/1646/2 2538/1644/3 
f 2432/1525/2 1328/1678/2 1782/1718/2 2557/1665/3 
f 2557/1665/3 1782/1718/2 1781/1648/3 2541/1647/3 
f 1745/1512/2 2425/1511/2 2542/1650/2 1861/1649/2 
f 2570/1679/2 2606/1719/2 2607/1720/2 2608/1721/2 
f 2606/1719/2 2545/1653/2 2548/1656/2 2607/1720/2 
f 2464/1565/2 2546/1654/2 2609/1722/2 2465/1566/2 
f 2425/1511/2 2543/1651/2 2610/1723/2 2542/1650/2 
f 2542/1650/2 2610/1723/2 2555/1663/2 2541/1647/3 
f 2433/1526/2 2432/1525/2 2557/1665/3 2556/1664/2 
f 2543/1651/2 2544/1652/2 2611/1724/2 2610/1723/2 
f 2610/1723/2 2611/1724/2 2558/1666/2 2555/1663/2 
f 2435/1528/2 2433/1526/2 2556/1664/2 2559/1667/2 
f 2549/1657/2 2365/1434/2 2590/1701/3 2612/1725/2 
f 2612/1725/2 2590/1701/3 2375/1444/3 2560/1668/2 
f 2276/1338/2 2469/1570/2 2561/1669/2 2378/1447/2 
f 2551/1659/2 2549/1657/2 2612/1725/2 2613/1726/2 
f 2613/1726/2 2612/1725/2 2560/1668/2 2562/1670/2 
f 2469/1570/2 2474/1575/2 2563/1671/3 2561/1669/2 
f 2553/1661/3 2552/1660/3 2614/1727/3 2615/1728/3 
f 2615/1728/3 2614/1727/3 2565/1673/2 2564/1672/3 
f 2480/1581/2 2479/1580/3 2567/1675/3 2566/1674/2 
f 2552/1660/3 2551/1659/2 2613/1726/2 2614/1727/3 
f 2614/1727/3 2613/1726/2 2562/1670/2 2565/1673/2 
f 2474/1575/2 2480/1581/2 2566/1674/2 2563/1671/3 
f 2554/1662/2 2553/1661/3 2615/1728/3 2616/1729/3 
f 2616/1729/3 2615/1728/3 2564/1672/3 2568/1676/3 
f 2479/1580/3 2516/1620/3 2569/1677/3 2567/1675/3 
f 2218/1263/2 746/1379/2 1872/1730/2 2319/1382/2 
f 2319/1382/2 1872/1730/2 75/1232/2 2195/1231/2 
f 38/1224/2 2192/1223/3 2196/1234/2 78/1233/2 
f 2327/1392/2 2326/1391/2 2617/1731/3 2618/1732/3 
f 2618/1732/3 2617/1731/3 2265/1327/3 2264/1326/2 
f 2339/1406/2 2338/1405/2 2267/1329/2 2266/1328/3 
f 2369/1438/3 2335/1400/3 2619/1733/3 2586/1697/3 
f 2586/1697/3 2619/1733/3 2269/1331/3 2268/1330/3 
f 2256/1316/3 2357/1426/3 2271/1333/3 2270/1332/3 
f 2331/1396/2 2330/1395/2 2620/1734/2 2621/1735/3 
f 2621/1735/3 2620/1734/2 2293/1355/2 2292/1354/3 
f 2338/1405/2 2622/1736/2 2623/1737/3 2267/1329/2 
f 2335/1400/3 2334/1399/3 2624/1738/3 2619/1733/3 
f 2619/1733/3 2624/1738/3 2303/1365/3 2269/1331/3 
f 2263/1325/2 2625/1739/2 2626/1740/2 2295/1357/2 
f 2192/1223/3 2204/1247/2 2627/1741/3 2196/1234/2 
f 2196/1234/2 2627/1741/3 2317/1380/2 2195/1231/2 
f 2219/1264/2 2218/1263/2 2319/1382/2 2318/1381/2 
f 2204/1247/2 2222/1267/2 2628/1742/2 2627/1741/3 
f 2627/1741/3 2628/1742/2 2320/1383/2 2317/1380/2 
f 2225/1270/2 2219/1264/2 2318/1381/2 2321/1384/2 
f 2231/1281/3 386/1280/2 413/1743/3 2629/1744/2 
f 2322/1385/2 2629/1744/2 413/1743/3 412/1386/2 
f 783/1302/2 2245/1301/3 2323/1388/2 1876/1387/2 
f 2238/1292/3 2231/1281/3 2629/1744/2 2389/1459/2 
f 2389/1459/2 2629/1744/2 2322/1385/2 2324/1389/2 
f 2245/1301/3 2249/1308/3 2325/1390/2 2323/1388/2 
f 2212/1257/2 2574/1683/3 2578/1688/2 2630/1745/2 
f 2630/1745/2 2578/1688/2 2341/1408/3 2340/1407/3 
f 2353/1420/2 2352/1419/2 2343/1410/2 2342/1409/3 
f 2385/1454/2 2594/1705/3 2585/1696/3 2631/1746/2 
f 2358/1427/3 2631/1746/2 2585/1696/3 2359/1428/3 
f 2588/1699/3 2373/1442/3 2361/1430/3 2360/1429/3 
f 2249/1308/3 2328/1393/2 2632/1747/3 2325/1390/2 
f 2325/1390/2 2632/1747/3 2387/1457/3 2324/1389/2 
f 2239/1293/3 2238/1292/3 2389/1459/2 2388/1458/2 
f 1628/1606/2 2416/1501/2 2506/1608/2 1916/1748/2 
f 998/1470/2 1916/1748/2 2506/1608/2 2394/1471/2 
f 2392/1465/3 967/1464/3 999/1473/3 2395/1472/2 
f 2515/1619/2 2514/1618/2 2633/1749/2 2601/1713/2 
f 2601/1713/2 2633/1749/2 2460/1561/2 2459/1560/2 
f 2527/1633/3 2526/1632/2 2462/1563/3 2461/1562/3 
f 2523/1627/2 2554/1662/2 2634/1750/2 2635/1751/2 
f 2635/1751/2 2634/1750/2 2464/1565/2 2463/1564/2 
f 2544/1652/2 2451/1550/2 2466/1567/2 2465/1566/2 
f 2514/1618/2 2636/1752/2 2637/1753/2 2633/1749/2 
f 2633/1749/2 2637/1753/2 2482/1583/2 2460/1561/2 
f 2458/1559/3 2457/1558/3 2638/1754/2 2492/1593/3 
f 2519/1623/3 2639/1755/2 2640/1756/2 2641/1757/2 
f 2641/1757/2 2640/1756/2 2490/1591/2 2489/1590/2 
f 2451/1550/2 2450/1549/3 2642/1758/2 2466/1567/2 
f 2403/1486/2 2392/1465/3 2395/1472/2 2643/1759/3 
f 2643/1759/3 2395/1472/2 2394/1471/2 2505/1607/2 
f 2416/1501/2 2418/1503/2 2507/1609/2 2506/1608/2 
f 2420/1505/3 2403/1486/2 2643/1759/3 2599/1711/3 
f 2599/1711/3 2643/1759/3 2505/1607/2 2508/1610/2 
f 2418/1503/2 2423/1508/2 2509/1611/2 2507/1609/2 
f 1290/1517/2 2428/1518/3 2644/1760/2 1315/1761/3 
f 1315/1761/3 2644/1760/2 2510/1613/3 1314/1612/3 
f 2441/1538/2 1667/1537/3 1921/1615/2 2511/1614/3 
f 2428/1518/3 2434/1527/2 2571/1680/3 2644/1760/2 
f 2644/1760/2 2571/1680/3 2512/1616/3 2510/1613/3 
f 2444/1542/2 2441/1538/2 2511/1614/3 2513/1617/3 
f 2539/1645/2 2540/1646/2 2600/1712/2 2645/1762/2 
f 2645/1762/2 2600/1712/2 2529/1635/2 2528/1634/2 
f 2596/1707/3 2410/1495/3 2531/1637/3 2530/1636/2 
f 2558/1666/2 2611/1724/2 2609/1722/2 2646/1763/2 
f 2646/1763/2 2609/1722/2 2546/1654/2 2545/1653/2 
f 2616/1729/3 2568/1676/3 2548/1656/2 2547/1655/2 
f 2516/1620/3 2444/1542/2 2513/1617/3 2608/1721/2 
f 2570/1679/2 2608/1721/2 2513/1617/3 2512/1616/3 
f 2434/1527/2 2435/1528/2 2572/1681/3 2571/1680/3 
f 2222/1267/2 2213/1258/2 2647/1764/2 2628/1742/2 
f 2628/1742/2 2647/1764/2 2576/1686/2 2320/1383/2 
f 2582/1692/2 2225/1270/2 2321/1384/2 2577/1687/2 
f 2213/1258/2 2212/1257/2 2630/1745/2 2647/1764/2 
f 2647/1764/2 2630/1745/2 2340/1407/3 2576/1686/2 
f 2352/1419/2 2582/1692/2 2577/1687/2 2343/1410/2 
f 2326/1391/2 2353/1420/2 2342/1409/3 2617/1731/3 
f 2617/1731/3 2342/1409/3 2341/1408/3 2265/1327/3 
f 2574/1683/3 2339/1406/2 2266/1328/3 2578/1688/2 
f 2328/1393/2 2386/1455/2 2648/1765/2 2632/1747/3 
f 2632/1747/3 2648/1765/2 2583/1694/3 2387/1457/3 
f 2374/1443/3 2239/1293/3 2388/1458/2 2584/1695/2 
f 2386/1455/2 2385/1454/2 2631/1746/2 2648/1765/2 
f 2648/1765/2 2631/1746/2 2358/1427/3 2583/1694/3 
f 2373/1442/3 2374/1443/3 2584/1695/2 2361/1430/3 
f 2357/1426/3 2588/1699/3 2360/1429/3 2271/1333/3 
f 2271/1333/3 2360/1429/3 2359/1428/3 2268/1330/3 
f 2594/1705/3 2369/1438/3 2586/1697/3 2585/1696/3 
f 2423/1508/2 2605/1717/2 2649/1766/2 2509/1611/2 
f 2509/1611/2 2649/1766/2 2597/1709/2 2508/1610/2 
f 2411/1496/3 2420/1505/3 2599/1711/3 2598/1710/3 
f 2605/1717/2 2539/1645/2 2645/1762/2 2649/1766/2 
f 2649/1766/2 2645/1762/2 2528/1634/2 2597/1709/2 
f 2410/1495/3 2411/1496/3 2598/1710/3 2531/1637/3 
f 2526/1632/2 2596/1707/3 2530/1636/2 2462/1563/3 
f 2462/1563/3 2530/1636/2 2529/1635/2 2459/1560/2 
f 2540/1646/2 2515/1619/2 2601/1713/2 2600/1712/2 
f 2435/1528/2 2559/1667/2 2650/1767/3 2572/1681/3 
f 2572/1681/3 2650/1767/3 2606/1719/2 2570/1679/2 
f 2569/1677/3 2516/1620/3 2608/1721/2 2607/1720/2 
f 2559/1667/2 2558/1666/2 2646/1763/2 2650/1767/3 
f 2650/1767/3 2646/1763/2 2545/1653/2 2606/1719/2 
f 2568/1676/3 2569/1677/3 2607/1720/2 2548/1656/2 
f 2554/1662/2 2616/1729/3 2547/1655/2 2634/1750/2 
f 2634/1750/2 2547/1655/2 2546/1654/2 2464/1565/2 
f 2611/1724/2 2544/1652/2 2465/1566/2 2609/1722/2 
f 692/1768/2 2651/1769/2 2652/1770/2 2006/1771/2 
f 2651/1769/2 2262/1324/2 2653/1772/2 2652/1770/2 
f 2625/1739/2 2259/1321/3 2654/1773/2 2655/1774/2 
f 662/1775/2 2656/1776/2 2657/1777/2 1979/1778/2 
f 2656/1776/2 2254/1314/2 2654/1773/2 2657/1777/2 
f 2622/1736/2 2251/1311/2 2653/1772/2 2658/1779/3 
f 2659/1780/2 2660/1781/3 2661/1782/2 2662/1783/2 
f 2663/1784/2 2623/1737/3 2664/1785/3 2665/1786/2 
f 2311/1373/2 2659/1780/2 2662/1783/2 2666/1787/2 
f 2329/1394/3 2312/1374/3 2667/1788/2 2668/1789/2 
f 2669/1790/2 2670/1791/2 2671/1792/2 2672/1793/2 
f 2673/1794/3 2626/1740/2 2674/1795/3 2675/1796/3 
f 2314/1376/3 2669/1790/2 2672/1793/2 2676/1797/3 
f 2333/1398/2 2315/1377/2 2677/1798/2 2678/1799/2 
f 2296/1358/2 2298/1360/2 2667/1788/2 2666/1787/2 
f 2305/1367/3 2308/1370/2 2677/1798/2 2676/1797/3 
f 2297/1359/2 2679/1800/2 2680/1801/2 2668/1789/2 
f 2307/1369/2 2681/1802/2 2682/1803/3 2678/1799/2 
f 2683/1804/2 1582/1805/2 2083/1806/2 2684/1807/2 
f 2456/1557/2 2683/1804/2 2684/1807/2 2685/1808/2 
f 2455/1556/2 2686/1809/3 2687/1810/3 2688/1811/3 
f 2689/1812/2 1553/1813/2 2056/1814/2 2690/1815/2 
f 2449/1548/3 2689/1812/2 2690/1815/2 2688/1811/3 
f 2447/1546/2 2691/1816/2 2692/1817/3 2685/1808/2 
f 2660/1781/3 2693/1818/3 2694/1819/2 2661/1782/2 
f 2695/1820/2 2638/1754/2 2696/1821/2 2697/1822/2 
f 2693/1818/3 2500/1601/3 2698/1823/2 2694/1819/2 
f 2499/1600/2 2518/1622/2 2699/1824/2 2700/1825/2 
f 2670/1791/2 2701/1826/2 2702/1827/2 2671/1792/2 
f 2703/1828/2 2642/1758/2 2704/1829/2 2705/1830/2 
f 2701/1826/2 2502/1603/2 2706/1831/2 2702/1827/2 
f 2501/1602/3 2521/1625/3 2707/1832/3 2708/1833/3 
f 2485/1586/2 2484/1585/2 2698/1823/2 2700/1825/2 
f 2496/1597/3 2493/1594/2 2706/1831/2 2708/1833/3 
f 2636/1752/2 2486/1587/2 2699/1824/2 2709/1834/2 
f 2639/1755/2 2497/1598/3 2707/1832/3 2710/1835/2 
f 2679/1800/2 2711/1836/2 2712/1837/2 2680/1801/2 
f 2711/1836/2 2663/1784/2 2665/1786/2 2712/1837/2 
f 2261/1323/3 2294/1356/2 2664/1785/3 2658/1779/3 
f 2681/1802/2 2713/1838/3 2714/1839/3 2682/1803/3 
f 2713/1838/3 2673/1794/3 2675/1796/3 2714/1839/3 
f 2253/1313/2 2304/1366/3 2674/1795/3 2655/1774/2 
f 2517/1621/3 2715/1840/3 2716/1841/2 2709/1834/2 
f 2715/1840/3 2695/1820/2 2697/1822/2 2716/1841/2 
f 2691/1816/2 2483/1584/3 2696/1821/2 2692/1817/3 
f 2520/1624/2 2717/1842/2 2718/1843/2 2710/1835/2 
f 2717/1842/2 2703/1828/2 2705/1830/2 2718/1843/2 
f 2686/1809/3 2491/1592/3 2704/1829/2 2687/1810/3 
f 2006/1771/2 2652/1770/2 2250/1310/2 2005/1309/2 
f 2652/1770/2 2653/1772/2 2251/1311/2 2250/1310/2 
f 2655/1774/2 2654/1773/2 2254/1314/2 2253/1313/2 
f 1979/1778/2 2657/1777/2 2257/1318/2 1977/1317/2 
f 2657/1777/2 2654/1773/2 2259/1321/3 2257/1318/2 
f 2658/1779/3 2653/1772/2 2262/1324/2 2261/1323/3 
f 2662/1783/2 2661/1782/2 2290/1352/2 2289/1351/2 
f 2665/1786/2 2664/1785/3 2294/1356/2 2293/1355/2 
f 2666/1787/2 2662/1783/2 2289/1351/2 2296/1358/2 
f 2668/1789/2 2667/1788/2 2298/1360/2 2297/1359/2 
f 2672/1793/2 2671/1792/2 2300/1362/2 2299/1361/2 
f 2675/1796/3 2674/1795/3 2304/1366/3 2303/1365/3 
f 2676/1797/3 2672/1793/2 2299/1361/2 2305/1367/3 
f 2678/1799/2 2677/1798/2 2308/1370/2 2307/1369/2 
f 2666/1787/2 2667/1788/2 2312/1374/3 2311/1373/2 
f 2676/1797/3 2677/1798/2 2315/1377/2 2314/1376/3 
f 2668/1789/2 2680/1801/2 2330/1395/2 2329/1394/3 
f 2678/1799/2 2682/1803/3 2334/1399/3 2333/1398/2 
f 2684/1807/2 2083/1806/2 2082/1544/2 2445/1543/2 
f 2685/1808/2 2684/1807/2 2445/1543/2 2447/1546/2 
f 2688/1811/3 2687/1810/3 2450/1549/3 2449/1548/3 
f 2690/1815/2 2056/1814/2 2055/1553/2 2453/1552/2 
f 2688/1811/3 2690/1815/2 2453/1552/2 2455/1556/2 
f 2685/1808/2 2692/1817/3 2457/1558/3 2456/1557/2 
f 2661/1782/2 2694/1819/2 2481/1582/2 2290/1352/2 
f 2697/1822/2 2696/1821/2 2483/1584/3 2482/1583/2 
f 2694/1819/2 2698/1823/2 2484/1585/2 2481/1582/2 
f 2700/1825/2 2699/1824/2 2486/1587/2 2485/1586/2 
f 2671/1792/2 2702/1827/2 2487/1588/2 2300/1362/2 
f 2705/1830/2 2704/1829/2 2491/1592/3 2490/1591/2 
f 2702/1827/2 2706/1831/2 2493/1594/2 2487/1588/2 
f 2708/1833/3 2707/1832/3 2497/1598/3 2496/1597/3 
f 2700/1825/2 2698/1823/2 2500/1601/3 2499/1600/2 
f 2708/1833/3 2706/1831/2 2502/1603/2 2501/1602/3 
f 2709/1834/2 2699/1824/2 2518/1622/2 2517/1621/3 
f 2710/1835/2 2707/1832/3 2521/1625/3 2520/1624/2 
f 2680/1801/2 2712/1837/2 2620/1734/2 2330/1395/2 
f 2712/1837/2 2665/1786/2 2293/1355/2 2620/1734/2 
f 2658/1779/3 2664/1785/3 2623/1737/3 2622/1736/2 
f 2682/1803/3 2714/1839/3 2624/1738/3 2334/1399/3 
f 2714/1839/3 2675/1796/3 2303/1365/3 2624/1738/3 
f 2655/1774/2 2674/1795/3 2626/1740/2 2625/1739/2 
f 2709/1834/2 2716/1841/2 2637/1753/2 2636/1752/2 
f 2716/1841/2 2697/1822/2 2482/1583/2 2637/1753/2 
f 2692/1817/3 2696/1821/2 2638/1754/2 2457/1558/3 
f 2710/1835/2 2718/1843/2 2640/1756/2 2639/1755/2 
f 2718/1843/2 2705/1830/2 2490/1591/2 2640/1756/2 
f 2687/1810/3 2704/1829/2 2642/1758/2 2450/1549/3 
f 694/1320/2 2258/1319/2 2651/1769/2 692/1768/2 
f 2258/1319/2 2260/1322/2 2262/1324/2 2651/1769/2 
f 2263/1325/2 2260/1322/2 2259/1321/3 2625/1739/2 
f 665/1272/2 2228/1275/2 2656/1776/2 662/1775/2 
f 2228/1275/2 2255/1315/3 2254/1314/2 2656/1776/2 
f 2338/1405/2 2252/1312/2 2251/1311/2 2622/1736/2 
f 2302/1364/2 2301/1363/3 2660/1781/3 2659/1780/2 
f 2264/1326/2 2267/1329/2 2623/1737/3 2663/1784/2 
f 2306/1368/2 2302/1364/2 2659/1780/2 2311/1373/2 
f 2310/1372/3 2309/1371/2 2312/1374/3 2329/1394/3 
f 2363/1432/2 2362/1431/2 2670/1791/2 2669/1790/2 
f 2292/1354/3 2295/1357/2 2626/1740/2 2673/1794/3 
f 2313/1375/3 2363/1432/2 2669/1790/2 2314/1376/3 
f 2332/1397/2 2316/1378/2 2315/1377/2 2333/1398/2 
f 2281/1343/3 2283/1345/2 2298/1360/2 2296/1358/2 
f 2306/1368/2 2309/1371/2 2308/1370/2 2305/1367/3 
f 2286/1348/2 2327/1392/2 2679/1800/2 2297/1359/2 
f 2310/1372/3 2331/1396/2 2681/1802/2 2307/1369/2 
f 2452/1551/2 1583/1554/2 1582/1805/2 2683/1804/2 
f 2454/1555/2 2452/1551/2 2683/1804/2 2456/1557/2 
f 2454/1555/2 2458/1559/3 2686/1809/3 2455/1556/2 
f 2424/1510/2 1554/1509/2 1553/1813/2 2689/1812/2 
f 2448/1547/2 2424/1510/2 2689/1812/2 2449/1548/3 
f 2446/1545/2 2527/1633/3 2691/1816/2 2447/1546/2 
f 2301/1363/3 2488/1589/2 2693/1818/3 2660/1781/3 
f 2489/1590/2 2492/1593/3 2638/1754/2 2695/1820/2 
f 2488/1589/2 2494/1595/3 2500/1601/3 2693/1818/3 
f 2495/1596/2 2498/1599/2 2518/1622/2 2499/1600/2 
f 2362/1431/2 2550/1658/2 2701/1826/2 2670/1791/2 
f 2463/1564/2 2466/1567/2 2642/1758/2 2703/1828/2 
f 2550/1658/2 2503/1604/2 2502/1603/2 2701/1826/2 
f 2504/1605/3 2522/1626/3 2521/1625/3 2501/1602/3 
f 2475/1576/3 2471/1572/2 2484/1585/2 2485/1586/2 
f 2495/1596/2 2494/1595/3 2493/1594/2 2496/1597/3 
f 2514/1618/2 2476/1577/3 2486/1587/2 2636/1752/2 
f 2519/1623/3 2498/1599/2 2497/1598/3 2639/1755/2 
f 2327/1392/2 2618/1732/3 2711/1836/2 2679/1800/2 
f 2618/1732/3 2264/1326/2 2663/1784/2 2711/1836/2 
f 2263/1325/2 2295/1357/2 2294/1356/2 2261/1323/3 
f 2331/1396/2 2621/1735/3 2713/1838/3 2681/1802/2 
f 2621/1735/3 2292/1354/3 2673/1794/3 2713/1838/3 
f 2256/1316/3 2270/1332/3 2304/1366/3 2253/1313/2 
f 2519/1623/3 2641/1757/2 2715/1840/3 2517/1621/3 
f 2641/1757/2 2489/1590/2 2695/1820/2 2715/1840/3 
f 2527/1633/3 2461/1562/3 2483/1584/3 2691/1816/2 
f 2523/1627/2 2635/1751/2 2717/1842/2 2520/1624/2 
f 2635/1751/2 2463/1564/2 2703/1828/2 2717/1842/2 
f 2458/1559/3 2492/1593/3 2491/1592/3 2686/1809/3 
s 2
f 2719/1844/363 2720/1845/364 2721/1846/364 2722/1847/363 
f 2723/1848/365 2719/1844/363 2722/1847/363 2724/1849/365 
f 2725/1850/366 2723/1848/365 2724/1849/365 2726/1851/366 
f 2727/1852/367 2725/1850/366 2726/1851/366 2728/1853/367 
f 2729/1854/367 2727/1852/367 2728/1853/367 2730/1855/367 
f 2731/1856/367 2729/1854/367 2730/1855/367 2732/1857/367 
f 2733/1858/367 2731/1856/367 2732/1857/367 2734/1859/367 
f 2735/1860/367 2733/1858/367 2734/1859/367 2736/1861/367 
f 2737/1862/367 2735/1860/367 2736/1861/367 2738/1863/367 
f 2739/1864/367 2737/1862/367 2738/1863/367 2740/1865/367 
f 2741/1866/367 2739/1864/367 2740/1865/367 2742/1867/367 
f 2743/1868/367 2741/1866/367 2742/1867/367 2744/1869/367 
f 2745/1870/367 2743/1868/367 2744/1869/367 2746/1871/367 
f 2747/1872/367 2745/1870/367 2746/1871/367 2748/1873/367 
f 2749/1874/367 2747/1872/367 2748/1873/367 2750/1875/367 
f 2751/1876/367 2749/1874/367 2750/1875/367 2752/1877/367 
f 2753/1878/367 2751/1876/367 2752/1877/367 2754/1879/367 
f 2755/1880/367 2753/1878/367 2754/1879/367 2756/1881/367 
f 2757/1882/367 2755/1880/367 2756/1881/367 2758/1883/367 
f 2759/1884/367 2757/1882/367 2758/1883/367 2760/1885/367 
f 2761/1886/367 2759/1884/367 2760/1885/367 2762/1887/367 
f 2763/1888/367 2761/1886/367 2762/1887/367 2764/1889/367 
f 2765/1890/367 2763/1888/367 2764/1889/367 2766/1891/367 
f 2767/1892/367 2765/1890/367 2766/1891/367 2768/1893/367 
f 2769/1894/367 2767/1892/367 2768/1893/367 2770/1895/367 
f 2771/1896/367 2769/1894/367 2770/1895/367 2772/1897/367 
f 2773/1898/367 2771/1896/367 2772/1897/367 2774/1899/367 
f 2775/1900/368 2773/1898/367 2774/1899/367 2776/1901/368 
f 2777/1902/369 2775/1900/368 2776/1901/368 2778/1903/369 
f 2779/1904/370 2777/1902/369 2778/1903/369 2780/1905/370 
f 2781/1906/371 2779/1904/370 2780/1905/370 2782/1907/371 
f 2783/1908/372 2781/1906/371 2782/1907/371 2784/1909/372 
f 2785/1910/373 2783/1908/372 2784/1909/372 2786/1911/373 
f 2787/1912/374 2785/1910/373 2786/1911/373 2788/1913/374 
f 2789/1914/375 2787/1912/374 2788/1913/374 2790/1915/375 
f 2791/1916/376 2789/1914/375 2790/1915/375 2792/1917/376 
f 2793/1918/376 2791/1916/376 2792/1917/376 2794/1919/376 
f 2795/1920/376 2793/1918/376 2794/1919/376 2796/1921/376 
f 2797/1922/376 2795/1920/376 2796/1921/376 2798/1923/376 
f 2799/1924/376 2797/1922/376 2798/1923/376 2800/1925/376 
f 2801/1926/376 2799/1924/376 2800/1925/376 2802/1927/376 
f 2803/1928/376 2801/1926/376 2802/1927/376 2804/1929/376 
f 2805/1930/376 2803/1928/376 2804/1929/376 2806/1931/376 
f 2807/1932/376 2805/1930/376 2806/1931/376 2808/1933/376 
f 2809/1934/376 2807/1932/376 2808/1933/376 2810/1935/376 
f 2811/1932/376 2809/1934/376 2810/1935/376 2812/1933/376 
f 2813/1930/376 2811/1932/376 2812/1933/376 2814/1931/376 
f 2815/1928/376 2813/1930/376 2814/1931/376 2816/1929/376 
f 2817/1926/376 2815/1928/376 2816/1929/376 2818/1927/376 
f 2819/1924/376 2817/1926/376 2818/1927/376 2820/1925/376 
f 2821/1922/376 2819/1924/376 2820/1925/376 2822/1923/376 
f 2823/1920/376 2821/1922/376 2822/1923/376 2824/1921/376 
f 2825/1918/376 2823/1920/376 2824/1921/376 2826/1919/376 
f 2827/1916/376 2825/1918/376 2826/1919/376 2828/1917/376 
f 2829/1914/377 2827/1916/376 2828/1917/376 2830/1915/377 
f 2831/1912/378 2829/1914/377 2830/1915/377 2832/1913/378 
f 2833/1910/379 2831/1912/378 2832/1913/378 2834/1911/379 
f 2835/1908/380 2833/1910/379 2834/1911/379 2836/1909/380 
f 2837/1906/381 2835/1908/380 2836/1909/380 2838/1907/381 
f 2839/1904/382 2837/1906/381 2838/1907/381 2840/1905/382 
f 2841/1902/383 2839/1904/382 2840/1905/382 2842/1903/383 
f 2843/1900/384 2841/1902/383 2842/1903/383 2844/1901/384 
f 2845/1898/385 2843/1900/384 2844/1901/384 2846/1899/385 
f 2847/1896/385 2845/1898/385 2846/1899/385 2848/1897/385 
f 2849/1894/385 2847/1896/385 2848/1897/385 2850/1895/385 
f 2851/1892/385 2849/1894/385 2850/1895/385 2852/1893/385 
f 2853/1890/385 2851/1892/385 2852/1893/385 2854/1891/385 
f 2855/1888/385 2853/1890/385 2854/1891/385 2856/1889/385 
f 2857/1886/385 2855/1888/385 2856/1889/385 2858/1887/385 
f 2859/1884/385 2857/1886/385 2858/1887/385 2860/1885/385 
f 2861/1882/385 2859/1884/385 2860/1885/385 2862/1883/385 
f 2863/1880/385 2861/1882/385 2862/1883/385 2864/1881/385 
f 2865/1878/385 2863/1880/385 2864/1881/385 2866/1879/385 
f 2867/1876/385 2865/1878/385 2866/1879/385 2868/1877/385 
f 2869/1874/385 2867/1876/385 2868/1877/385 2870/1875/385 
f 2871/1872/385 2869/1874/385 2870/1875/385 2872/1873/385 
f 2873/1870/385 2871/1872/385 2872/1873/385 2874/1871/385 
f 2875/1868/385 2873/1870/385 2874/1871/385 2876/1869/385 
f 2877/1866/385 2875/1868/385 2876/1869/385 2878/1867/385 
f 2879/1864/385 2877/1866/385 2878/1867/385 2880/1865/385 
f 2881/1862/385 2879/1864/385 2880/1865/385 2882/1863/385 
f 2883/1860/385 2881/1862/385 2882/1863/385 2884/1861/385 
f 2885/1858/385 2883/1860/385 2884/1861/385 2886/1859/385 
f 2887/1856/385 2885/1858/385 2886/1859/385 2888/1857/385 
f 2889/1854/385 2887/1856/385 2888/1857/385 2890/1855/385 
f 2891/1852/385 2889/1854/385 2890/1855/385 2892/1853/385 
f 2893/1850/386 2891/1852/385 2892/1853/385 2894/1851/386 
f 2895/1848/387 2893/1850/386 2894/1851/386 2896/1849/387 
f 2897/1844/388 2895/1848/387 2896/1849/387 2898/1847/388 
f 2899/1845/389 2897/1844/388 2898/1847/388 2900/1846/389 
f 2901/1936/390 2899/1845/389 2900/1846/389 2902/1937/390 
f 2903/1938/391 2901/1936/390 2902/1937/390 2904/1939/391 
f 2905/1940/392 2903/1938/391 2904/1939/391 2906/1941/392 
f 2907/1942/393 2905/1940/392 2906/1941/392 2908/1943/393 
f 2909/1944/394 2907/1942/393 2908/1943/393 2910/1945/394 
f 2911/1946/394 2909/1944/394 2910/1945/394 2912/1947/394 
f 2913/1948/394 2911/1946/394 2912/1947/394 2914/1949/394 
f 2915/1950/394 2913/1948/394 2914/1949/394 2916/1951/394 
f 2917/1952/395 2915/1950/394 2916/1951/394 2918/1953/395 
f 2919/1954/395 2917/1952/395 2918/1953/395 2920/1955/395 
f 2921/1956/394 2919/1954/395 2920/1955/395 2922/1957/394 
f 2923/1958/394 2921/1956/394 2922/1957/394 2924/1959/394 
f 2925/1960/394 2923/1958/394 2924/1959/394 2926/1961/394 
f 2927/1962/394 2925/1960/394 2926/1961/394 2928/1963/394 
f 2929/1960/394 2927/1962/394 2928/1963/394 2930/1961/394 
f 2931/1958/394 2929/1960/394 2930/1961/394 2932/1959/394 
f 2933/1956/394 2931/1958/394 2932/1959/394 2934/1957/394 
f 2935/1954/394 2933/1956/394 2934/1957/394 2936/1955/394 
f 2937/1952/394 2935/1954/394 2936/1955/394 2938/1953/394 
f 2939/1950/394 2937/1952/394 2938/1953/394 2940/1951/394 
f 2941/1948/394 2939/1950/394 2940/1951/394 2942/1949/394 
f 2943/1946/394 2941/1948/394 2942/1949/394 2944/1947/394 
f 2945/1944/394 2943/1946/394 2944/1947/394 2946/1945/394 
f 2947/1942/396 2945/1944/394 2946/1945/394 2948/1943/396 
f 2949/1940/397 2947/1942/396 2948/1943/396 2950/1941/397 
f 2951/1938/398 2949/1940/397 2950/1941/397 2952/1939/398 
f 2953/1936/399 2951/1938/398 2952/1939/398 2954/1937/399 
f 2720/1845/364 2953/1936/399 2954/1937/399 2721/1846/364 
f 1054/133/363 1052/131/364 2720/1845/364 2719/1844/363 
f 2955/1964/364 2956/1965/363 2722/1847/363 2721/1846/364 
f 1056/135/365 1054/133/363 2719/1844/363 2723/1848/365 
f 2956/1965/363 2957/1966/365 2724/1849/365 2722/1847/363 
f 1058/137/366 1056/135/365 2723/1848/365 2725/1850/366 
f 2957/1966/365 2958/1967/366 2726/1851/366 2724/1849/365 
f 1060/139/367 1058/137/366 2725/1850/366 2727/1852/367 
f 2958/1967/366 2959/1968/367 2728/1853/367 2726/1851/366 
f 1066/147/367 1060/139/367 2727/1852/367 2729/1854/367 
f 2959/1968/367 2960/1969/367 2730/1855/367 2728/1853/367 
f 1085/166/367 1066/147/367 2729/1854/367 2731/1856/367 
f 2960/1969/367 2961/1970/367 2732/1857/367 2730/1855/367 
f 1073/153/367 1085/166/367 2731/1856/367 2733/1858/367 
f 2961/1970/367 2962/1971/367 2734/1859/367 2732/1857/367 
f 1070/152/367 1073/153/367 2733/1858/367 2735/1860/367 
f 2962/1971/367 2963/1972/367 2736/1861/367 2734/1859/367 
f 1844/994/367 1070/152/367 2735/1860/367 2737/1862/367 
f 2963/1972/367 2964/1973/367 2738/1863/367 2736/1861/367 
f 1718/849/367 1844/994/367 2737/1862/367 2739/1864/367 
f 2964/1973/367 2965/1974/367 2740/1865/367 2738/1863/367 
f 1719/848/367 1718/849/367 2739/1864/367 2741/1866/367 
f 2965/1974/367 2966/1975/367 2742/1867/367 2740/1865/367 
f 2085/1106/367 1719/848/367 2741/1866/367 2743/1868/367 
f 2966/1975/367 2967/1976/367 2744/1869/367 2742/1867/367 
f 2086/1109/367 2085/1106/367 2743/1868/367 2745/1870/367 
f 2967/1976/367 2968/1977/367 2746/1871/367 2744/1869/367 
f 1586/695/367 2086/1109/367 2745/1870/367 2747/1872/367 
f 2968/1977/367 2969/1978/367 2748/1873/367 2746/1871/367 
f 1587/698/367 1586/695/367 2747/1872/367 2749/1874/367 
f 2969/1978/367 2970/1979/367 2750/1875/367 2748/1873/367 
f 2059/1081/367 1587/698/367 2749/1874/367 2751/1876/367 
f 2970/1979/367 2971/1980/367 2752/1877/367 2750/1875/367 
f 2060/1084/367 2059/1081/367 2751/1876/367 2753/1878/367 
f 2971/1980/367 2972/1981/367 2754/1879/367 2752/1877/367 
f 1556/666/367 2060/1084/367 2753/1878/367 2755/1880/367 
f 2972/1981/367 2973/1982/367 2756/1881/367 2754/1879/367 
f 1557/668/367 1556/666/367 2755/1880/367 2757/1882/367 
f 2973/1982/367 2974/1983/367 2758/1883/367 2756/1881/367 
f 1746/879/367 1557/668/367 2757/1882/367 2759/1884/367 
f 2974/1983/367 2975/1984/367 2760/1885/367 2758/1883/367 
f 1862/1012/367 1746/879/367 2759/1884/367 2761/1886/367 
f 2975/1984/367 2976/1985/367 2762/1887/367 2760/1885/367 
f 1784/922/367 1862/1012/367 2761/1886/367 2763/1888/367 
f 2976/1985/367 2977/1986/367 2764/1889/367 2762/1887/367 
f 1785/924/367 1784/922/367 2763/1888/367 2765/1890/367 
f 2977/1986/367 2978/1987/367 2766/1891/367 2764/1889/367 
f 1377/477/367 1785/924/367 2765/1890/367 2767/1892/367 
f 2978/1987/367 2979/1988/367 2768/1893/367 2766/1891/367 
f 1378/480/367 1377/477/367 2767/1892/367 2769/1894/367 
f 2979/1988/367 2980/1989/367 2770/1895/367 2768/1893/367 
f 1373/473/367 1378/480/367 2769/1894/367 2771/1896/367 
f 2980/1989/367 2981/1990/367 2772/1897/367 2770/1895/367 
f 1367/465/367 1373/473/367 2771/1896/367 2773/1898/367 
f 2981/1990/367 2982/1991/367 2774/1899/367 2772/1897/367 
f 1365/463/368 1367/465/367 2773/1898/367 2775/1900/368 
f 2982/1991/367 2983/1992/368 2776/1901/368 2774/1899/367 
f 1363/461/369 1365/463/368 2775/1900/368 2777/1902/369 
f 2983/1992/368 2984/1993/369 2778/1903/369 2776/1901/368 
f 1361/459/370 1363/461/369 2777/1902/369 2779/1904/370 
f 2984/1993/369 2985/1994/370 2780/1905/370 2778/1903/369 
f 1360/457/371 1361/459/370 2779/1904/370 2781/1906/371 
f 2985/1994/370 2986/1995/371 2782/1907/371 2780/1905/370 
f 1358/455/372 1360/457/371 2781/1906/371 2783/1908/372 
f 2986/1995/371 2987/1996/372 2784/1909/372 2782/1907/371 
f 1356/453/373 1358/455/372 2783/1908/372 2785/1910/373 
f 2987/1996/372 2988/1997/373 2786/1911/373 2784/1909/372 
f 1354/450/374 1356/453/373 2785/1910/373 2787/1912/374 
f 2988/1997/373 2989/1998/374 2788/1913/374 2786/1911/373 
f 1351/449/375 1354/450/374 2787/1912/374 2789/1914/375 
f 2989/1998/374 2990/1999/375 2790/1915/375 2788/1913/374 
f 1375/475/376 1351/449/375 2789/1914/375 2791/1916/376 
f 2990/1999/375 2991/2000/376 2792/1917/376 2790/1915/375 
f 1954/1053/376 1375/475/376 2791/1916/376 2793/1918/376 
f 2991/2000/376 2992/2001/376 2794/1919/376 2792/1917/376 
f 1679/810/376 1954/1053/376 2793/1918/376 2795/1920/376 
f 2992/2001/376 2993/2002/376 2796/1921/376 2794/1919/376 
f 1680/809/376 1679/810/376 2795/1920/376 2797/1922/376 
f 2993/2002/376 2994/2003/376 2798/1923/376 2796/1921/376 
f 1386/484/376 1680/809/376 2797/1922/376 2799/1924/376 
f 2994/2003/376 2995/2004/376 2800/1925/376 2798/1923/376 
f 1383/483/376 1386/484/376 2799/1924/376 2801/1926/376 
f 2995/2004/376 2996/2005/376 2802/1927/376 2800/1925/376 
f 1382/481/376 1383/483/376 2801/1926/376 2803/1928/376 
f 2996/2005/376 2997/2006/376 2804/1929/376 2802/1927/376 
f 1372/468/376 1382/481/376 2803/1928/376 2805/1930/376 
f 2997/2006/376 2998/2007/376 2806/1931/376 2804/1929/376 
f 1369/467/376 1372/468/376 2805/1930/376 2807/1932/376 
f 2998/2007/376 2999/2008/376 2808/1933/376 2806/1931/376 
f 472/472/376 1369/467/376 2807/1932/376 2809/1934/376 
f 2999/2008/376 3000/2009/376 2810/1935/376 2808/1933/376 
f 467/467/376 472/472/376 2809/1934/376 2811/1932/376 
f 3000/2009/376 3001/2008/376 2812/1933/376 2810/1935/376 
f 468/468/376 467/467/376 2811/1932/376 2813/1930/376 
f 3001/2008/376 3002/2007/376 2814/1931/376 2812/1933/376 
f 481/481/376 468/468/376 2813/1930/376 2815/1928/376 
f 3002/2007/376 3003/2006/376 2816/1929/376 2814/1931/376 
f 483/483/376 481/481/376 2815/1928/376 2817/1926/376 
f 3003/2006/376 3004/2005/376 2818/1927/376 2816/1929/376 
f 484/484/376 483/483/376 2817/1926/376 2819/1924/376 
f 3004/2005/376 3005/2004/376 2820/1925/376 2818/1927/376 
f 795/809/376 484/484/376 2819/1924/376 2821/1922/376 
f 3005/2004/376 3006/2003/376 2822/1923/376 2820/1925/376 
f 796/810/376 795/809/376 2821/1922/376 2823/1920/376 
f 3006/2003/376 3007/2002/376 2824/1921/376 2822/1923/376 
f 1903/1053/376 796/810/376 2823/1920/376 2825/1918/376 
f 3007/2002/376 3008/2001/376 2826/1919/376 2824/1921/376 
f 475/475/376 1903/1053/376 2825/1918/376 2827/1916/376 
f 3008/2001/376 3009/2000/376 2828/1917/376 2826/1919/376 
f 449/449/377 475/475/376 2827/1916/376 2829/1914/377 
f 3009/2000/376 3010/1999/377 2830/1915/377 2828/1917/376 
f 450/450/378 449/449/377 2829/1914/377 2831/1912/378 
f 3010/1999/377 3011/1998/378 2832/1913/378 2830/1915/377 
f 453/453/379 450/450/378 2831/1912/378 2833/1910/379 
f 3011/1998/378 3012/1997/379 2834/1911/379 2832/1913/378 
f 455/455/380 453/453/379 2833/1910/379 2835/1908/380 
f 3012/1997/379 3013/1996/380 2836/1909/380 2834/1911/379 
f 457/457/381 455/455/380 2835/1908/380 2837/1906/381 
f 3013/1996/380 3014/1995/381 2838/1907/381 2836/1909/380 
f 459/459/382 457/457/381 2837/1906/381 2839/1904/382 
f 3014/1995/381 3015/1994/382 2840/1905/382 2838/1907/381 
f 461/461/383 459/459/382 2839/1904/382 2841/1902/383 
f 3015/1994/382 3016/1993/383 2842/1903/383 2840/1905/382 
f 463/463/384 461/461/383 2841/1902/383 2843/1900/384 
f 3016/1993/383 3017/1992/384 2844/1901/384 2842/1903/383 
f 465/465/385 463/463/384 2843/1900/384 2845/1898/385 
f 3017/1992/384 3018/1991/385 2846/1899/385 2844/1901/384 
f 473/473/385 465/465/385 2845/1898/385 2847/1896/385 
f 3018/1991/385 3019/1990/385 2848/1897/385 2846/1899/385 
f 480/480/385 473/473/385 2847/1896/385 2849/1894/385 
f 3019/1990/385 3020/1989/385 2850/1895/385 2848/1897/385 
f 477/477/385 480/480/385 2849/1894/385 2851/1892/385 
f 3020/1989/385 3021/1988/385 2852/1893/385 2850/1895/385 
f 906/924/385 477/477/385 2851/1892/385 2853/1890/385 
f 3021/1988/385 3022/1987/385 2854/1891/385 2852/1893/385 
f 904/922/385 906/924/385 2853/1890/385 2855/1888/385 
f 3022/1987/385 3023/1986/385 2856/1889/385 2854/1891/385 
f 1830/1012/385 904/922/385 2855/1888/385 2857/1886/385 
f 3023/1986/385 3024/1985/385 2858/1887/385 2856/1889/385 
f 864/879/385 1830/1012/385 2857/1886/385 2859/1884/385 
f 3024/1985/385 3025/1984/385 2860/1885/385 2858/1887/385 
f 668/668/385 864/879/385 2859/1884/385 2861/1882/385 
f 3025/1984/385 3026/1983/385 2862/1883/385 2860/1885/385 
f 666/666/385 668/668/385 2861/1882/385 2863/1880/385 
f 3026/1983/385 3027/1982/385 2864/1881/385 2862/1883/385 
f 1983/1084/385 666/666/385 2863/1880/385 2865/1878/385 
f 3027/1982/385 3028/1981/385 2866/1879/385 2864/1881/385 
f 1980/1081/385 1983/1084/385 2865/1878/385 2867/1876/385 
f 3028/1981/385 3029/1980/385 2868/1877/385 2866/1879/385 
f 698/698/385 1980/1081/385 2867/1876/385 2869/1874/385 
f 3029/1980/385 3030/1979/385 2870/1875/385 2868/1877/385 
f 695/695/385 698/698/385 2869/1874/385 2871/1872/385 
f 3030/1979/385 3031/1978/385 2872/1873/385 2870/1875/385 
f 2010/1109/385 695/695/385 2871/1872/385 2873/1870/385 
f 3031/1978/385 3032/1977/385 2874/1871/385 2872/1873/385 
f 2007/1106/385 2010/1109/385 2873/1870/385 2875/1868/385 
f 3032/1977/385 3033/1976/385 2876/1869/385 2874/1871/385 
f 833/848/385 2007/1106/385 2875/1868/385 2877/1866/385 
f 3033/1976/385 3034/1975/385 2878/1867/385 2876/1869/385 
f 834/849/385 833/848/385 2877/1866/385 2879/1864/385 
f 3034/1975/385 3035/1974/385 2880/1865/385 2878/1867/385 
f 1811/994/385 834/849/385 2879/1864/385 2881/1862/385 
f 3035/1974/385 3036/1973/385 2882/1863/385 2880/1865/385 
f 152/152/385 1811/994/385 2881/1862/385 2883/1860/385 
f 3036/1973/385 3037/1972/385 2884/1861/385 2882/1863/385 
f 153/153/385 152/152/385 2883/1860/385 2885/1858/385 
f 3037/1972/385 3038/1971/385 2886/1859/385 2884/1861/385 
f 166/166/385 153/153/385 2885/1858/385 2887/1856/385 
f 3038/1971/385 3039/1970/385 2888/1857/385 2886/1859/385 
f 147/147/385 166/166/385 2887/1856/385 2889/1854/385 
f 3039/1970/385 3040/1969/385 2890/1855/385 2888/1857/385 
f 139/139/385 147/147/385 2889/1854/385 2891/1852/385 
f 3040/1969/385 3041/1968/385 2892/1853/385 2890/1855/385 
f 137/137/386 139/139/385 2891/1852/385 2893/1850/386 
f 3041/1968/385 3042/1967/386 2894/1851/386 2892/1853/385 
f 135/135/387 137/137/386 2893/1850/386 2895/1848/387 
f 3042/1967/386 3043/1966/387 2896/1849/387 2894/1851/386 
f 133/133/388 135/135/387 2895/1848/387 2897/1844/388 
f 3043/1966/387 3044/1965/388 2898/1847/388 2896/1849/387 
f 131/131/389 133/133/388 2897/1844/388 2899/1845/389 
f 3044/1965/388 3045/1964/389 2900/1846/389 2898/1847/388 
f 129/129/390 131/131/389 2899/1845/389 2901/1936/390 
f 3045/1964/389 3046/2010/390 2902/1937/390 2900/1846/389 
f 127/127/391 129/129/390 2901/1936/390 2903/1938/391 
f 3046/2010/390 3047/2011/391 2904/1939/391 2902/1937/390 
f 125/125/392 127/127/391 2903/1938/391 2905/1940/392 
f 3047/2011/391 3048/2012/392 2906/1941/392 2904/1939/391 
f 122/122/393 125/125/392 2905/1940/392 2907/1942/393 
f 3048/2012/392 3049/2013/393 2908/1943/393 2906/1941/392 
f 148/148/394 122/122/393 2907/1942/393 2909/1944/394 
f 3049/2013/393 3050/2014/394 2910/1945/394 2908/1943/393 
f 1889/1040/394 148/148/394 2909/1944/394 2911/1946/394 
f 3050/2014/394 3051/2015/394 2912/1947/394 2910/1945/394 
f 759/772/394 1889/1040/394 2911/1946/394 2913/1948/394 
f 3051/2015/394 3052/2016/394 2914/1949/394 2912/1947/394 
f 760/773/394 759/772/394 2913/1948/394 2915/1950/394 
f 3052/2016/394 3053/2017/394 2916/1951/394 2914/1949/394 
f 159/159/395 760/773/394 2915/1950/394 2917/1952/395 
f 3053/2017/394 3054/2018/395 2918/1953/395 2916/1951/394 
f 156/156/395 159/159/395 2917/1952/395 2919/1954/395 
f 3054/2018/395 3055/2019/395 2920/1955/395 2918/1953/395 
f 155/155/394 156/156/395 2919/1954/395 2921/1956/394 
f 3055/2019/395 3056/2020/394 2922/1957/394 2920/1955/395 
f 143/143/394 155/155/394 2921/1956/394 2923/1958/394 
f 3056/2020/394 3057/2021/394 2924/1959/394 2922/1957/394 
f 140/140/394 143/143/394 2923/1958/394 2925/1960/394 
f 3057/2021/394 3058/2022/394 2926/1961/394 2924/1959/394 
f 145/145/394 140/140/394 2925/1960/394 2927/1962/394 
f 3058/2022/394 3059/2023/394 2928/1963/394 2926/1961/394 
f 1062/140/394 145/145/394 2927/1962/394 2929/1960/394 
f 3059/2023/394 3060/2022/394 2930/1961/394 2928/1963/394 
f 1063/143/394 1062/140/394 2929/1960/394 2931/1958/394 
f 3060/2022/394 3061/2021/394 2932/1959/394 2930/1961/394 
f 1074/155/394 1063/143/394 2931/1958/394 2933/1956/394 
f 3061/2021/394 3062/2020/394 2934/1957/394 2932/1959/394 
f 1076/156/394 1074/155/394 2933/1956/394 2935/1954/394 
f 3062/2020/394 3063/2019/394 2936/1955/394 2934/1957/394 
f 1077/159/394 1076/156/394 2935/1954/394 2937/1952/394 
f 3063/2019/394 3064/2018/394 2938/1953/394 2936/1955/394 
f 1641/773/394 1077/159/394 2937/1952/394 2939/1950/394 
f 3064/2018/394 3065/2017/394 2940/1951/394 2938/1953/394 
f 1642/772/394 1641/773/394 2939/1950/394 2941/1948/394 
f 3065/2017/394 3066/2016/394 2942/1949/394 2940/1951/394 
f 1940/1040/394 1642/772/394 2941/1948/394 2943/1946/394 
f 3066/2016/394 3067/2015/394 2944/1947/394 2942/1949/394 
f 1068/148/394 1940/1040/394 2943/1946/394 2945/1944/394 
f 3067/2015/394 3068/2014/394 2946/1945/394 2944/1947/394 
f 1044/122/396 1068/148/394 2945/1944/394 2947/1942/396 
f 3068/2014/394 3069/2013/396 2948/1943/396 2946/1945/394 
f 1045/125/397 1044/122/396 2947/1942/396 2949/1940/397 
f 3069/2013/396 3070/2012/397 2950/1941/397 2948/1943/396 
f 1048/127/398 1045/125/397 2949/1940/397 2951/1938/398 
f 3070/2012/397 3071/2011/398 2952/1939/398 2950/1941/397 
f 1050/129/399 1048/127/398 2951/1938/398 2953/1936/399 
f 3071/2011/398 3072/2010/399 2954/1937/399 2952/1939/398 
f 1052/131/364 1050/129/399 2953/1936/399 2720/1845/364 
f 3072/2010/399 2955/1964/364 2721/1846/364 2954/1937/399 
s 4
f 2161/60/359 2160/57/359 2135/57/359 2134/60/359 
s 8
f 2160/57/358 2173/69/358 2141/69/358 2135/57/358 
s 4
f 2173/69/357 2171/57/357 2140/57/357 2141/69/357 
s 8
f 2171/57/356 2169/60/356 2139/60/356 2140/57/356 
s 4
f 2169/60/355 2167/60/355 2138/60/355 2139/60/355 
s 8
f 2167/60/362 2165/1174/362 2137/1174/362 2138/60/362 
s 4
f 2165/1174/361 2163/60/361 2136/60/361 2137/1174/361 
s 8
f 2163/60/360 2161/60/360 2134/60/360 2136/60/360 
s 2
f 3073/2024/374 3074/2024/374 3075/2025/375 3076/2025/375 
f 3077/2026/373 3078/2026/373 3074/2024/374 3073/2024/374 
f 3079/2027/372 3080/2027/372 3078/2026/373 3077/2026/373 
f 3081/2028/371 3082/2028/371 3080/2027/372 3079/2027/372 
f 3083/2029/370 3084/2029/370 3082/2028/371 3081/2028/371 
f 3085/2030/369 3086/2030/369 3084/2029/370 3083/2029/370 
f 3087/2031/368 3088/2031/368 3086/2030/369 3085/2030/369 
f 3089/2032/367 3090/2032/367 3088/2031/368 3087/2031/368 
f 3091/2033/367 3092/2033/367 3090/2032/367 3089/2032/367 
f 3093/2034/367 3094/2034/367 3092/2033/367 3091/2033/367 
f 3095/2035/367 3096/2035/367 3094/2034/367 3093/2034/367 
f 3097/2036/367 3098/2036/367 3096/2035/367 3095/2035/367 
f 3099/2037/367 3100/2037/367 3098/2036/367 3097/2036/367 
f 3101/2038/367 3102/2038/367 3100/2037/367 3099/2037/367 
f 3103/2039/367 3104/2039/367 3102/2038/367 3101/2038/367 
f 3105/2040/367 3106/2040/367 3104/2039/367 3103/2039/367 
f 3107/2041/367 3108/2041/367 3106/2040/367 3105/2040/367 
f 3109/2042/367 3110/2042/367 3108/2041/367 3107/2041/367 
f 3111/2043/367 3112/2043/367 3110/2042/367 3109/2042/367 
f 3113/2044/367 3114/2044/367 3112/2043/367 3111/2043/367 
f 3115/2045/367 3116/2045/367 3114/2044/367 3113/2044/367 
f 3117/2046/367 3118/2046/367 3116/2045/367 3115/2045/367 
f 3119/2047/367 3120/2047/367 3118/2046/367 3117/2046/367 
f 3121/2048/367 3122/2048/367 3120/2047/367 3119/2047/367 
f 3123/2049/367 3124/2049/367 3122/2048/367 3121/2048/367 
f 3125/2050/367 3126/2050/367 3124/2049/367 3123/2049/367 
f 3127/2051/367 3128/2051/367 3126/2050/367 3125/2050/367 
f 3129/2052/367 3130/2052/367 3128/2051/367 3127/2051/367 
f 3131/2053/367 3132/2053/367 3130/2052/367 3129/2052/367 
f 3133/2054/367 3134/2054/367 3132/2053/367 3131/2053/367 
f 3135/2055/367 3136/2055/367 3134/2054/367 3133/2054/367 
f 3137/2056/366 3138/2056/366 3136/2055/367 3135/2055/367 
f 3139/2057/365 3140/2057/365 3138/2056/366 3137/2056/366 
f 3141/2058/363 3142/2058/363 3140/2057/365 3139/2057/365 
f 3143/2059/364 3144/2059/364 3142/2058/363 3141/2058/363 
f 3145/2060/399 3146/2060/399 3144/2059/364 3143/2059/364 
f 3147/2061/398 3148/2061/398 3146/2060/399 3145/2060/399 
f 3149/2062/397 3150/2062/397 3148/2061/398 3147/2061/398 
f 3151/2063/396 3152/2063/396 3150/2062/397 3149/2062/397 
f 3153/2064/395 3154/2064/395 3152/2063/396 3151/2063/396 
f 3155/2065/394 3156/2065/394 3154/2064/395 3153/2064/395 
f 3157/2066/394 3158/2066/394 3156/2065/394 3155/2065/394 
f 3159/2067/394 3160/2067/394 3158/2066/394 3157/2066/394 
f 3161/2068/394 3162/2068/394 3160/2067/394 3159/2067/394 
f 3163/2069/394 3164/2069/394 3162/2068/394 3161/2068/394 
f 3165/2070/394 3166/2070/394 3164/2069/394 3163/2069/394 
f 3167/2071/394 3168/2071/394 3166/2070/394 3165/2070/394 
f 3169/2072/394 3170/2072/394 3168/2071/394 3167/2071/394 
f 3171/2073/394 3172/2073/394 3170/2072/394 3169/2072/394 
f 3173/2072/394 3174/2072/394 3172/2073/394 3171/2073/394 
f 3175/2071/395 3176/2071/395 3174/2072/394 3173/2072/394 
f 3177/2070/395 3178/2070/395 3176/2071/395 3175/2071/395 
f 3179/2069/394 3180/2069/394 3178/2070/395 3177/2070/395 
f 3181/2068/394 3182/2068/394 3180/2069/394 3179/2069/394 
f 3183/2067/394 3184/2067/394 3182/2068/394 3181/2068/394 
f 3185/2066/394 3186/2066/394 3184/2067/394 3183/2067/394 
f 3187/2065/394 3188/2065/394 3186/2066/394 3185/2066/394 
f 3189/2064/394 3190/2064/394 3188/2065/394 3187/2065/394 
f 3191/2063/393 3192/2063/393 3190/2064/394 3189/2064/394 
f 3193/2062/392 3194/2062/392 3192/2063/393 3191/2063/393 
f 3195/2061/391 3196/2061/391 3194/2062/392 3193/2062/392 
f 3197/2060/390 3198/2060/390 3196/2061/391 3195/2061/391 
f 3199/2059/389 3200/2059/389 3198/2060/390 3197/2060/390 
f 3201/2058/388 3202/2058/388 3200/2059/389 3199/2059/389 
f 3203/2057/387 3204/2057/387 3202/2058/388 3201/2058/388 
f 3205/2056/386 3206/2056/386 3204/2057/387 3203/2057/387 
f 3207/2055/385 3208/2055/385 3206/2056/386 3205/2056/386 
f 3209/2054/385 3210/2054/385 3208/2055/385 3207/2055/385 
f 3211/2053/385 3212/2053/385 3210/2054/385 3209/2054/385 
f 3213/2052/385 3214/2052/385 3212/2053/385 3211/2053/385 
f 3215/2051/385 3216/2051/385 3214/2052/385 3213/2052/385 
f 3217/2050/385 3218/2050/385 3216/2051/385 3215/2051/385 
f 3219/2049/385 3220/2049/385 3218/2050/385 3217/2050/385 
f 3221/2048/385 3222/2048/385 3220/2049/385 3219/2049/385 
f 3223/2047/385 3224/2047/385 3222/2048/385 3221/2048/385 
f 3225/2046/385 3226/2046/385 3224/2047/385 3223/2047/385 
f 3227/2045/385 3228/2045/385 3226/2046/385 3225/2046/385 
f 3229/2044/385 3230/2044/385 3228/2045/385 3227/2045/385 
f 3231/2043/385 3232/2043/385 3230/2044/385 3229/2044/385 
f 3233/2042/385 3234/2042/385 3232/2043/385 3231/2043/385 
f 3235/2041/385 3236/2041/385 3234/2042/385 3233/2042/385 
f 3237/2040/385 3238/2040/385 3236/2041/385 3235/2041/385 
f 3239/2039/385 3240/2039/385 3238/2040/385 3237/2040/385 
f 3241/2038/385 3242/2038/385 3240/2039/385 3239/2039/385 
f 3243/2037/385 3244/2037/385 3242/2038/385 3241/2038/385 
f 3245/2036/385 3246/2036/385 3244/2037/385 3243/2037/385 
f 3247/2035/385 3248/2035/385 3246/2036/385 3245/2036/385 
f 3249/2034/385 3250/2034/385 3248/2035/385 3247/2035/385 
f 3251/2033/385 3252/2033/385 3250/2034/385 3249/2034/385 
f 3253/2032/385 3254/2032/385 3252/2033/385 3251/2033/385 
f 3255/2031/384 3256/2031/384 3254/2032/385 3253/2032/385 
f 3257/2030/383 3258/2030/383 3256/2031/384 3255/2031/384 
f 3259/2029/382 3260/2029/382 3258/2030/383 3257/2030/383 
f 3261/2028/381 3262/2028/381 3260/2029/382 3259/2029/382 
f 3263/2027/380 3264/2027/380 3262/2028/381 3261/2028/381 
f 3265/2026/379 3266/2026/379 3264/2027/380 3263/2027/380 
f 3267/2024/378 3268/2024/378 3266/2026/379 3265/2026/379 
f 3269/2025/377 3270/2025/377 3268/2024/378 3267/2024/378 
f 3271/2074/376 3272/2074/376 3270/2025/377 3269/2025/377 
f 3273/2075/376 3274/2075/376 3272/2074/376 3271/2074/376 
f 3275/2076/376 3276/2076/376 3274/2075/376 3273/2075/376 
f 3277/2077/376 3278/2077/376 3276/2076/376 3275/2076/376 
f 3279/2078/376 3280/2078/376 3278/2077/376 3277/2077/376 
f 3281/2079/376 3282/2079/376 3280/2078/376 3279/2078/376 
f 3283/2080/400 3284/2080/400 3282/2079/376 3281/2079/376 
f 3285/2081/400 3286/2081/400 3284/2080/400 3283/2080/400 
f 3287/2082/376 3288/2082/376 3286/2081/400 3285/2081/400 
f 3289/2083/376 3290/2083/376 3288/2082/376 3287/2082/376 
f 3291/2082/376 3292/2082/376 3290/2083/376 3289/2083/376 
f 3293/2081/376 3294/2081/376 3292/2082/376 3291/2082/376 
f 3295/2080/376 3296/2080/376 3294/2081/376 3293/2081/376 
f 3297/2079/376 3298/2079/376 3296/2080/376 3295/2080/376 
f 3299/2078/376 3300/2078/376 3298/2079/376 3297/2079/376 
f 3301/2077/376 3302/2077/376 3300/2078/376 3299/2078/376 
f 3303/2076/376 3304/2076/376 3302/2077/376 3301/2077/376 
f 3305/2075/376 3306/2075/376 3304/2076/376 3303/2076/376 
f 3307/2074/400 3308/2074/400 3306/2075/376 3305/2075/376 
f 3076/2025/375 3075/2025/375 3308/2074/400 3307/2074/400 
s 1
f 3309/2025/2 3310/2024/1 22/22/1 21/21/2 
f 3310/2024/1 3311/2026/3 24/24/3 22/22/1 
f 3311/2026/3 3312/2027/2 26/26/2 24/24/3 
f 3312/2027/2 3313/2028/2 28/28/2 26/26/2 
f 3313/2028/2 3314/2029/2 30/30/2 28/28/2 
f 3314/2029/2 3315/2030/2 32/32/2 30/30/2 
f 3315/2030/2 3316/2031/3 33/33/2 32/32/2 
f 3316/2031/3 3317/2032/2 35/35/3 33/33/2 
f 3318/2082/2 3319/2081/2 48/48/2 47/47/2 
f 3320/2083/2 3318/2082/2 47/47/2 52/52/2 
f 3317/2032/2 3321/2033/2 73/73/2 35/35/3 
f 3322/2074/2 3309/2025/2 21/21/2 82/82/2 
f 3323/2035/2 3324/2036/2 93/93/2 92/92/2 
f 3319/2081/2 3325/2080/2 99/99/2 48/48/2 
f 3326/2079/2 3327/2078/2 118/118/2 117/117/2 
f 3321/2033/2 3328/2034/2 162/162/2 73/73/2 
f 3329/2062/2 3330/2063/2 349/349/2 348/348/2 
f 3331/2061/3 3329/2062/2 348/348/2 351/351/3 
f 3332/2060/3 3331/2061/3 351/351/3 353/353/2 
f 3333/2059/3 3332/2060/3 353/353/2 355/355/3 
f 3334/2058/4 3333/2059/3 355/355/3 357/357/2 
f 3335/2057/3 3334/2058/4 357/357/2 359/359/3 
f 3336/2056/3 3335/2057/3 359/359/3 361/361/2 
f 3337/2055/3 3336/2056/3 361/361/2 363/363/2 
f 3338/2071/2 3339/2072/2 375/375/2 374/374/2 
f 3339/2072/2 3340/2073/2 379/379/2 375/375/2 
f 3341/2054/2 3337/2055/3 363/363/2 402/402/2 
f 3330/2063/2 3342/2064/3 411/411/2 349/349/2 
f 3343/2052/2 3344/2053/2 424/424/2 423/423/2 
f 3345/2070/2 3338/2071/2 374/374/2 430/430/2 
f 3346/2068/2 3347/2069/2 444/444/2 443/443/2 
f 3344/2053/2 3341/2054/2 402/402/2 424/424/2 
f 3348/2039/2 3349/2040/2 655/655/2 654/654/2 
f 3350/2043/2 3351/2044/2 683/683/2 682/682/2 
f 3325/2080/2 3326/2079/2 117/117/2 99/99/2 
f 3347/2069/2 3345/2070/2 430/430/2 444/444/2 
f 3352/2077/2 3353/2076/2 754/767/2 753/766/2 
f 3354/2066/2 3355/2067/2 789/803/2 788/802/2 
f 3356/2038/2 3348/2039/2 654/654/2 829/844/2 
f 3357/2047/2 3358/2048/2 860/875/2 862/877/2 
f 3359/2050/2 3360/2051/2 899/917/2 898/916/2 
f 3361/2024/4 3362/2025/3 949/21/2 948/22/4 
f 3363/2026/2 3361/2024/4 948/22/4 951/24/2 
f 3364/2027/3 3363/2026/2 951/24/2 953/26/3 
f 3365/2028/3 3364/2027/3 953/26/3 955/28/2 
f 3366/2029/3 3365/2028/3 955/28/2 957/30/3 
f 3367/2030/3 3366/2029/3 957/30/3 959/32/3 
f 3368/2031/3 3367/2030/3 959/32/3 961/33/3 
f 3369/2032/3 3368/2031/3 961/33/3 963/35/3 
f 3370/2081/2 3371/2082/2 975/47/2 974/48/3 
f 3371/2082/2 3320/2083/2 52/52/2 975/47/2 
f 3372/2033/2 3369/2032/3 963/35/3 995/73/2 
f 3362/2025/3 3373/2074/3 1004/82/2 949/21/2 
f 3374/2036/2 3375/2035/2 1013/92/2 1012/93/2 
f 3376/2080/2 3370/2081/2 974/48/3 1021/99/3 
f 3377/2078/2 3378/2079/2 1040/117/2 1039/118/2 
f 3379/2034/2 3372/2033/2 995/73/2 1082/162/2 
f 3380/2063/3 3381/2062/3 1257/348/3 1256/349/3 
f 3381/2062/3 3382/2061/2 1259/351/2 1257/348/3 
f 3382/2061/2 3383/2060/3 1261/353/3 1259/351/2 
f 3383/2060/3 3384/2059/1 1263/355/3 1261/353/3 
f 3384/2059/1 3385/2058/1 1265/357/3 1263/355/3 
f 3385/2058/1 3386/2057/2 1267/359/2 1265/357/3 
f 3386/2057/2 3387/2056/3 1268/361/3 1267/359/2 
f 3387/2056/3 3388/2055/2 1270/363/3 1268/361/3 
f 3389/2072/2 3390/2071/2 1283/374/3 1282/375/2 
f 3340/2073/2 3389/2072/2 1282/375/2 379/379/2 
f 3388/2055/2 3391/2054/2 1304/402/2 1270/363/3 
f 3392/2064/2 3380/2063/3 1256/349/3 1313/411/2 
f 3393/2053/2 3394/2052/2 1326/423/2 1325/424/2 
f 3390/2071/2 3395/2070/2 1332/430/3 1283/374/3 
f 3396/2069/2 3397/2068/2 1346/443/2 1345/444/2 
f 3391/2054/2 3393/2053/2 1325/424/2 1304/402/2 
f 3398/2040/2 3399/2039/2 1544/654/2 1543/655/2 
f 3400/2044/2 3401/2043/2 1572/682/2 1571/683/2 
f 3378/2079/2 3376/2080/2 1021/99/3 1040/117/2 
f 3395/2070/2 3396/2069/2 1345/444/2 1332/430/3 
f 3402/2076/2 3403/2077/2 1635/766/2 1634/767/2 
f 3404/2067/2 3405/2066/2 1675/802/2 1674/803/2 
f 3399/2039/2 3406/2038/2 1713/844/2 1544/654/2 
f 3407/2048/2 3408/2047/2 1742/877/2 1744/875/2 
f 3409/2051/2 3410/2050/2 1780/916/2 1779/917/2 
f 3411/2037/2 3356/2038/2 829/844/2 1808/991/2 
f 3324/2036/2 3411/2037/2 1808/991/2 93/93/2 
f 3328/2034/2 3323/2035/2 92/92/2 162/162/2 
f 3358/2048/2 3412/2049/2 1827/1009/2 860/875/2 
f 3412/2049/2 3359/2050/2 898/916/2 1827/1009/2 
f 3360/2051/2 3343/2052/2 423/423/2 899/917/2 
f 3406/2038/2 3413/2037/2 1840/991/2 1713/844/2 
f 3413/2037/2 3374/2036/2 1012/93/2 1840/991/2 
f 3375/2035/2 3379/2034/2 1082/162/2 1013/92/2 
f 3414/2049/2 3407/2048/2 1744/875/2 1860/1009/2 
f 3410/2050/2 3414/2049/2 1860/1009/2 1780/916/2 
f 3394/2052/2 3409/2051/2 1779/917/2 1326/423/2 
f 3415/2075/2 3322/2074/2 82/82/2 1887/1038/3 
f 3353/2076/2 3415/2075/2 1887/1038/3 754/767/2 
f 3327/2078/2 3352/2077/2 753/766/2 118/118/2 
f 3342/2064/3 3416/2065/3 1900/1050/3 411/411/2 
f 3416/2065/3 3354/2066/2 788/802/2 1900/1050/3 
f 3355/2067/2 3346/2068/2 443/443/2 789/803/2 
f 3373/2074/3 3417/2075/3 1937/1038/3 1004/82/2 
f 3417/2075/3 3402/2076/2 1634/767/2 1937/1038/3 
f 3403/2077/2 3377/2078/2 1039/118/2 1635/766/2 
f 3418/2065/2 3392/2064/2 1313/411/2 1952/1050/3 
f 3405/2066/2 3418/2065/2 1952/1050/3 1675/802/2 
f 3397/2068/2 3404/2067/2 1674/803/2 1346/443/2 
f 3419/2041/2 3420/2042/2 1970/1071/2 1969/1070/2 
f 3421/2045/2 3422/2046/2 2000/1099/2 1999/1098/2 
f 3423/2042/2 3424/2041/2 2047/1070/2 2046/1071/2 
f 3425/2046/2 3426/2045/2 2077/1098/2 2076/1099/2 
f 3349/2040/2 3419/2041/2 1969/1070/2 655/655/2 
f 3351/2044/2 3421/2045/2 1999/1098/2 683/683/2 
f 3424/2041/2 3398/2040/2 1543/655/2 2047/1070/2 
f 3426/2045/2 3400/2044/2 1571/683/2 2077/1098/2 
f 3420/2042/2 3350/2043/2 682/682/2 1970/1071/2 
f 3422/2046/2 3357/2047/2 862/877/2 2000/1099/2 
f 3401/2043/2 3423/2042/2 2046/1071/2 1572/682/2 
f 3408/2047/2 3425/2046/2 2076/1099/2 1742/877/2 
s 2
f 3310/2024/374 3309/2025/375 3075/2025/375 3074/2024/374 
f 3311/2026/373 3310/2024/374 3074/2024/374 3078/2026/373 
f 3312/2027/372 3311/2026/373 3078/2026/373 3080/2027/372 
f 3313/2028/371 3312/2027/372 3080/2027/372 3082/2028/371 
f 3314/2029/370 3313/2028/371 3082/2028/371 3084/2029/370 
f 3315/2030/369 3314/2029/370 3084/2029/370 3086/2030/369 
f 3316/2031/368 3315/2030/369 3086/2030/369 3088/2031/368 
f 3317/2032/367 3316/2031/368 3088/2031/368 3090/2032/367 
f 3321/2033/367 3317/2032/367 3090/2032/367 3092/2033/367 
f 3328/2034/367 3321/2033/367 3092/2033/367 3094/2034/367 
f 3323/2035/367 3328/2034/367 3094/2034/367 3096/2035/367 
f 3324/2036/367 3323/2035/367 3096/2035/367 3098/2036/367 
f 3411/2037/367 3324/2036/367 3098/2036/367 3100/2037/367 
f 3356/2038/367 3411/2037/367 3100/2037/367 3102/2038/367 
f 3348/2039/367 3356/2038/367 3102/2038/367 3104/2039/367 
f 3349/2040/367 3348/2039/367 3104/2039/367 3106/2040/367 
f 3419/2041/367 3349/2040/367 3106/2040/367 3108/2041/367 
f 3420/2042/367 3419/2041/367 3108/2041/367 3110/2042/367 
f 3350/2043/367 3420/2042/367 3110/2042/367 3112/2043/367 
f 3351/2044/367 3350/2043/367 3112/2043/367 3114/2044/367 
f 3421/2045/367 3351/2044/367 3114/2044/367 3116/2045/367 
f 3422/2046/367 3421/2045/367 3116/2045/367 3118/2046/367 
f 3357/2047/367 3422/2046/367 3118/2046/367 3120/2047/367 
f 3358/2048/367 3357/2047/367 3120/2047/367 3122/2048/367 
f 3412/2049/367 3358/2048/367 3122/2048/367 3124/2049/367 
f 3359/2050/367 3412/2049/367 3124/2049/367 3126/2050/367 
f 3360/2051/367 3359/2050/367 3126/2050/367 3128/2051/367 
f 3343/2052/367 3360/2051/367 3128/2051/367 3130/2052/367 
f 3344/2053/367 3343/2052/367 3130/2052/367 3132/2053/367 
f 3341/2054/367 3344/2053/367 3132/2053/367 3134/2054/367 
f 3337/2055/367 3341/2054/367 3134/2054/367 3136/2055/367 
f 3336/2056/366 3337/2055/367 3136/2055/367 3138/2056/366 
f 3335/2057/365 3336/2056/366 3138/2056/366 3140/2057/365 
f 3334/2058/363 3335/2057/365 3140/2057/365 3142/2058/363 
f 3333/2059/364 3334/2058/363 3142/2058/363 3144/2059/364 
f 3332/2060/399 3333/2059/364 3144/2059/364 3146/2060/399 
f 3331/2061/398 3332/2060/399 3146/2060/399 3148/2061/398 
f 3329/2062/397 3331/2061/398 3148/2061/398 3150/2062/397 
f 3330/2063/396 3329/2062/397 3150/2062/397 3152/2063/396 
f 3342/2064/395 3330/2063/396 3152/2063/396 3154/2064/395 
f 3416/2065/394 3342/2064/395 3154/2064/395 3156/2065/394 
f 3354/2066/394 3416/2065/394 3156/2065/394 3158/2066/394 
f 3355/2067/394 3354/2066/394 3158/2066/394 3160/2067/394 
f 3346/2068/394 3355/2067/394 3160/2067/394 3162/2068/394 
f 3347/2069/394 3346/2068/394 3162/2068/394 3164/2069/394 
f 3345/2070/394 3347/2069/394 3164/2069/394 3166/2070/394 
f 3338/2071/394 3345/2070/394 3166/2070/394 3168/2071/394 
f 3339/2072/394 3338/2071/394 3168/2071/394 3170/2072/394 
f 3340/2073/394 3339/2072/394 3170/2072/394 3172/2073/394 
f 3389/2072/394 3340/2073/394 3172/2073/394 3174/2072/394 
f 3390/2071/395 3389/2072/394 3174/2072/394 3176/2071/395 
f 3395/2070/395 3390/2071/395 3176/2071/395 3178/2070/395 
f 3396/2069/394 3395/2070/395 3178/2070/395 3180/2069/394 
f 3397/2068/394 3396/2069/394 3180/2069/394 3182/2068/394 
f 3404/2067/394 3397/2068/394 3182/2068/394 3184/2067/394 
f 3405/2066/394 3404/2067/394 3184/2067/394 3186/2066/394 
f 3418/2065/394 3405/2066/394 3186/2066/394 3188/2065/394 
f 3392/2064/394 3418/2065/394 3188/2065/394 3190/2064/394 
f 3380/2063/393 3392/2064/394 3190/2064/394 3192/2063/393 
f 3381/2062/392 3380/2063/393 3192/2063/393 3194/2062/392 
f 3382/2061/391 3381/2062/392 3194/2062/392 3196/2061/391 
f 3383/2060/390 3382/2061/391 3196/2061/391 3198/2060/390 
f 3384/2059/389 3383/2060/390 3198/2060/390 3200/2059/389 
f 3385/2058/388 3384/2059/389 3200/2059/389 3202/2058/388 
f 3386/2057/387 3385/2058/388 3202/2058/388 3204/2057/387 
f 3387/2056/386 3386/2057/387 3204/2057/387 3206/2056/386 
f 3388/2055/385 3387/2056/386 3206/2056/386 3208/2055/385 
f 3391/2054/385 3388/2055/385 3208/2055/385 3210/2054/385 
f 3393/2053/385 3391/2054/385 3210/2054/385 3212/2053/385 
f 3394/2052/385 3393/2053/385 3212/2053/385 3214/2052/385 
f 3409/2051/385 3394/2052/385 3214/2052/385 3216/2051/385 
f 3410/2050/385 3409/2051/385 3216/2051/385 3218/2050/385 
f 3414/2049/385 3410/2050/385 3218/2050/385 3220/2049/385 
f 3407/2048/385 3414/2049/385 3220/2049/385 3222/2048/385 
f 3408/2047/385 3407/2048/385 3222/2048/385 3224/2047/385 
f 3425/2046/385 3408/2047/385 3224/2047/385 3226/2046/385 
f 3426/2045/385 3425/2046/385 3226/2046/385 3228/2045/385 
f 3400/2044/385 3426/2045/385 3228/2045/385 3230/2044/385 
f 3401/2043/385 3400/2044/385 3230/2044/385 3232/2043/385 
f 3423/2042/385 3401/2043/385 3232/2043/385 3234/2042/385 
f 3424/2041/385 3423/2042/385 3234/2042/385 3236/2041/385 
f 3398/2040/385 3424/2041/385 3236/2041/385 3238/2040/385 
f 3399/2039/385 3398/2040/385 3238/2040/385 3240/2039/385 
f 3406/2038/385 3399/2039/385 3240/2039/385 3242/2038/385 
f 3413/2037/385 3406/2038/385 3242/2038/385 3244/2037/385 
f 3374/2036/385 3413/2037/385 3244/2037/385 3246/2036/385 
f 3375/2035/385 3374/2036/385 3246/2036/385 3248/2035/385 
f 3379/2034/385 3375/2035/385 3248/2035/385 3250/2034/385 
f 3372/2033/385 3379/2034/385 3250/2034/385 3252/2033/385 
f 3369/2032/385 3372/2033/385 3252/2033/385 3254/2032/385 
f 3368/2031/384 3369/2032/385 3254/2032/385 3256/2031/384 
f 3367/2030/383 3368/2031/384 3256/2031/384 3258/2030/383 
f 3366/2029/382 3367/2030/383 3258/2030/383 3260/2029/382 
f 3365/2028/381 3366/2029/382 3260/2029/382 3262/2028/381 
f 3364/2027/380 3365/2028/381 3262/2028/381 3264/2027/380 
f 3363/2026/379 3364/2027/380 3264/2027/380 3266/2026/379 
f 3361/2024/378 3363/2026/379 3266/2026/379 3268/2024/378 
f 3362/2025/377 3361/2024/378 3268/2024/378 3270/2025/377 
f 3373/2074/376 3362/2025/377 3270/2025/377 3272/2074/376 
f 3417/2075/376 3373/2074/376 3272/2074/376 3274/2075/376 
f 3402/2076/376 3417/2075/376 3274/2075/376 3276/2076/376 
f 3403/2077/376 3402/2076/376 3276/2076/376 3278/2077/376 
f 3377/2078/376 3403/2077/376 3278/2077/376 3280/2078/376 
f 3378/2079/376 3377/2078/376 3280/2078/376 3282/2079/376 
f 3376/2080/400 3378/2079/376 3282/2079/376 3284/2080/400 
f 3370/2081/400 3376/2080/400 3284/2080/400 3286/2081/400 
f 3371/2082/376 3370/2081/400 3286/2081/400 3288/2082/376 
f 3320/2083/376 3371/2082/376 3288/2082/376 3290/2083/376 
f 3318/2082/376 3320/2083/376 3290/2083/376 3292/2082/376 
f 3319/2081/376 3318/2082/376 3292/2082/376 3294/2081/376 
f 3325/2080/376 3319/2081/376 3294/2081/376 3296/2080/376 
f 3326/2079/376 3325/2080/376 3296/2080/376 3298/2079/376 
f 3327/2078/376 3326/2079/376 3298/2079/376 3300/2078/376 
f 3352/2077/376 3327/2078/376 3300/2078/376 3302/2077/376 
f 3353/2076/376 3352/2077/376 3302/2077/376 3304/2076/376 
f 3415/2075/376 3353/2076/376 3304/2076/376 3306/2075/376 
f 3322/2074/400 3415/2075/376 3306/2075/376 3308/2074/400 
f 3309/2025/375 3322/2074/400 3308/2074/400 3075/2025/375 
s 1
f 3049/2013/4 3048/2012/2 2/2/2 1/1/1 
f 3/3/2 3427/2084/2 3428/2085/1 4/4/1 
f 3048/2012/2 3047/2011/2 5/5/2 2/2/2 
f 6/6/2 3429/2086/2 3427/2084/2 3/3/2 
f 3047/2011/2 3046/2010/2 7/7/2 5/5/2 
f 8/8/2 3430/2087/2 3429/2086/2 6/6/2 
f 3046/2010/2 3045/1964/3 9/9/3 7/7/2 
f 10/10/3 3431/2088/3 3430/2087/2 8/8/2 
f 3045/1964/3 3044/1965/3 11/11/3 9/9/3 
f 12/12/3 3432/2089/3 3431/2088/3 10/10/3 
f 3044/1965/3 3043/1966/3 13/13/3 11/11/3 
f 14/14/3 3433/2090/2 3432/2089/3 12/12/3 
f 3043/1966/3 3042/1967/3 15/15/3 13/13/3 
f 16/16/3 3434/2091/3 3433/2090/2 14/14/3 
f 3042/1967/3 3041/1968/2 17/17/3 15/15/3 
f 18/18/3 3435/2092/2 3434/2091/3 16/16/3 
f 3058/2022/2 3057/2021/2 42/42/2 41/41/2 
f 43/43/2 3436/2093/2 3437/2094/2 44/44/2 
f 3059/2023/2 3058/2022/2 41/41/2 49/49/2 
f 44/44/2 3437/2094/2 3438/2095/2 50/50/2 
f 3041/1968/2 3040/1969/2 70/70/2 17/17/3 
f 71/71/2 3439/2096/2 3435/2092/2 18/18/3 
f 3050/2014/1 3049/2013/4 1/1/1 79/79/1 
f 4/4/1 3428/2085/1 3440/2097/4 80/80/1 
f 3038/1971/2 3037/1972/2 87/87/2 86/86/2 
f 88/88/2 3441/2098/2 3442/2099/2 89/89/2 
f 3057/2021/2 3056/2020/2 96/96/2 42/42/2 
f 97/97/2 3443/2100/2 3436/2093/2 43/43/2 
f 3055/2019/2 3054/2018/2 112/112/2 111/111/2 
f 113/113/2 3444/2101/2 3445/2102/2 114/114/2 
f 3040/1969/2 3039/1970/2 160/160/2 70/70/2 
f 161/161/2 3446/2103/2 3439/2096/2 71/71/2 
f 3011/1998/3 3010/1999/2 330/330/2 329/329/3 
f 331/331/2 3447/2104/2 3448/2105/2 328/328/2 
f 3012/1997/3 3011/1998/3 329/329/3 332/332/3 
f 328/328/2 3448/2105/2 3449/2106/3 333/333/3 
f 3013/1996/3 3012/1997/3 332/332/3 334/334/3 
f 333/333/3 3449/2106/3 3450/2107/3 335/335/3 
f 3014/1995/2 3013/1996/3 334/334/3 336/336/2 
f 335/335/3 3450/2107/3 3451/2108/2 337/337/2 
f 3015/1994/3 3014/1995/2 336/336/2 338/338/3 
f 337/337/2 3451/2108/2 3452/2109/3 339/339/3 
f 3016/1993/3 3015/1994/3 338/338/3 340/340/3 
f 339/339/3 3452/2109/3 3453/2110/3 341/341/3 
f 3017/1992/2 3016/1993/3 340/340/3 342/342/2 
f 341/341/3 3453/2110/3 3454/2111/2 343/343/2 
f 3018/1991/3 3017/1992/2 342/342/2 344/344/3 
f 343/343/2 3454/2111/2 3455/2112/3 345/345/2 
f 3002/2007/2 3001/2008/2 369/369/2 368/368/2 
f 370/370/2 3456/2113/2 3457/2114/2 371/371/2 
f 3001/2008/2 3000/2009/2 376/376/2 369/369/2 
f 377/377/2 3458/2115/2 3456/2113/2 370/370/2 
f 3019/1990/2 3018/1991/3 344/344/3 399/399/2 
f 345/345/2 3455/2112/3 3459/2116/2 400/400/2 
f 3010/1999/2 3009/2000/3 408/408/3 330/330/2 
f 409/409/3 3460/2117/3 3447/2104/2 331/331/2 
f 3021/1988/2 3020/1989/2 418/418/2 417/417/2 
f 419/419/2 3461/2118/2 3462/2119/2 420/420/2 
f 3003/2006/3 3002/2007/2 368/368/2 427/427/3 
f 371/371/2 3457/2114/2 3463/2120/2 428/428/2 
f 3005/2004/2 3004/2005/3 438/438/3 437/437/2 
f 439/439/3 3464/2121/3 3465/2122/2 440/440/2 
f 3020/1989/2 3019/1990/2 399/399/2 418/418/2 
f 400/400/2 3459/2116/2 3461/2118/2 419/419/2 
f 3027/1982/2 3026/1983/2 659/659/2 658/658/2 
f 660/660/2 3466/2123/2 3467/2124/2 661/661/2 
f 3031/1978/2 3030/1979/2 689/689/2 688/688/2 
f 690/690/2 3468/2125/2 3469/2126/2 691/691/2 
f 3056/2020/2 3055/2019/2 111/111/2 96/96/2 
f 114/114/2 3445/2102/2 3443/2100/2 97/97/2 
f 3004/2005/3 3003/2006/3 427/427/3 438/438/3 
f 428/428/2 3463/2120/2 3464/2121/3 439/439/3 
f 3053/2017/3 3052/2016/3 748/761/3 747/760/3 
f 749/762/3 3470/2127/3 3471/2128/3 750/763/3 
f 3007/2002/2 3006/2003/2 785/799/2 784/798/3 
f 786/800/3 3472/2129/3 3473/2130/3 787/801/3 
f 3035/1974/2 3034/1975/2 825/840/2 824/839/2 
f 826/841/2 3474/2131/2 3475/2132/2 827/842/2 
f 3026/1983/2 3025/1984/2 858/873/2 659/659/2 
f 859/874/2 3476/2133/2 3466/2123/2 660/660/2 
f 3023/1986/2 3022/1987/2 895/913/2 894/912/2 
f 896/914/2 3477/2134/2 3478/2135/2 897/915/2 
f 3070/2012/3 3069/2013/1 930/1/1 929/2/3 
f 931/4/4 3479/2085/4 3480/2084/3 928/3/3 
f 3071/2011/3 3070/2012/3 929/2/3 932/5/3 
f 928/3/3 3480/2084/3 3481/2086/3 933/6/3 
f 3072/2010/3 3071/2011/3 932/5/3 934/7/3 
f 933/6/3 3481/2086/3 3482/2087/3 935/8/3 
f 2955/1964/2 3072/2010/3 934/7/3 936/9/2 
f 935/8/3 3482/2087/3 3483/2088/2 937/10/2 
f 2956/1965/2 2955/1964/2 936/9/2 938/11/2 
f 937/10/2 3483/2088/2 3484/2089/2 939/12/2 
f 2957/1966/2 2956/1965/2 938/11/2 940/13/2 
f 939/12/2 3484/2089/2 3485/2090/3 941/14/2 
f 2958/1967/2 2957/1966/2 940/13/2 942/15/2 
f 941/14/2 3485/2090/3 3486/2091/2 943/16/2 
f 2959/1968/2 2958/1967/2 942/15/2 944/17/2 
f 943/16/2 3486/2091/2 3487/2092/2 945/18/2 
f 3061/2021/2 3060/2022/2 969/41/2 968/42/2 
f 970/44/2 3488/2094/2 3489/2093/3 971/43/3 
f 3060/2022/2 3059/2023/2 49/49/2 969/41/2 
f 50/50/2 3438/2095/2 3488/2094/2 970/44/2 
f 2960/1969/2 2959/1968/2 944/17/2 992/70/2 
f 945/18/2 3487/2092/2 3490/2096/2 993/71/2 
f 3069/2013/1 3068/2014/4 1001/79/4 930/1/1 
f 1002/80/1 3491/2097/1 3479/2085/4 931/4/4 
f 2963/1972/2 2962/1971/2 1009/86/2 1008/87/2 
f 1010/89/2 3492/2099/2 3493/2098/2 1011/88/2 
f 3062/2020/2 3061/2021/2 968/42/2 1018/96/3 
f 971/43/3 3489/2093/3 3494/2100/3 1019/97/3 
f 3064/2018/2 3063/2019/2 1034/111/2 1033/112/2 
f 1035/114/2 3495/2102/2 3496/2101/2 1036/113/2 
f 2961/1970/2 2960/1969/2 992/70/2 1080/160/2 
f 993/71/2 3490/2096/2 3497/2103/2 1081/161/2 
f 2990/1999/3 2989/1998/3 1237/329/3 1236/330/3 
f 1238/328/3 3498/2105/3 3499/2104/3 1239/331/3 
f 2989/1998/3 2988/1997/2 1240/332/2 1237/329/3 
f 1241/333/2 3500/2106/2 3498/2105/3 1238/328/3 
f 2988/1997/2 2987/1996/2 1242/334/2 1240/332/2 
f 1243/335/2 3501/2107/2 3500/2106/2 1241/333/2 
f 2987/1996/2 2986/1995/2 1244/336/2 1242/334/2 
f 1245/337/2 3502/2108/2 3501/2107/2 1243/335/2 
f 2986/1995/2 2985/1994/2 1246/338/2 1244/336/2 
f 1247/339/2 3503/2109/2 3502/2108/2 1245/337/2 
f 2985/1994/2 2984/1993/2 1248/340/2 1246/338/2 
f 1249/341/2 3504/2110/2 3503/2109/2 1247/339/2 
f 2984/1993/2 2983/1992/3 1250/342/3 1248/340/2 
f 1251/343/3 3505/2111/3 3504/2110/2 1249/341/2 
f 2983/1992/3 2982/1991/2 1252/344/2 1250/342/3 
f 1253/345/2 3506/2112/2 3505/2111/3 1251/343/3 
f 2999/2008/2 2998/2007/3 1277/368/3 1276/369/2 
f 1278/371/3 3507/2114/3 3508/2113/2 1279/370/2 
f 3000/2009/2 2999/2008/2 1276/369/2 376/376/2 
f 1279/370/2 3508/2113/2 3458/2115/2 377/377/2 
f 2982/1991/2 2981/1990/2 1301/399/2 1252/344/2 
f 1302/400/2 3509/2116/2 3506/2112/2 1253/345/2 
f 2991/2000/2 2990/1999/3 1236/330/3 1310/408/2 
f 1239/331/3 3499/2104/3 3510/2117/2 1311/409/2 
f 2980/1989/2 2979/1988/2 1320/417/2 1319/418/2 
f 1321/420/2 3511/2119/2 3512/2118/2 1322/419/2 
f 2998/2007/3 2997/2006/2 1329/427/2 1277/368/3 
f 1330/428/2 3513/2120/2 3507/2114/3 1278/371/3 
f 2996/2005/2 2995/2004/2 1340/437/2 1339/438/2 
f 1341/440/2 3514/2122/2 3515/2121/2 1342/439/2 
f 2981/1990/2 2980/1989/2 1319/418/2 1301/399/2 
f 1322/419/2 3512/2118/2 3509/2116/2 1302/400/2 
f 2974/1983/2 2973/1982/2 1548/658/2 1547/659/2 
f 1549/661/2 3516/2124/2 3517/2123/2 1550/660/2 
f 2970/1979/2 2969/1978/2 1578/688/2 1577/689/2 
f 1579/691/2 3518/2126/2 3519/2125/2 1580/690/2 
f 3063/2019/2 3062/2020/2 1018/96/3 1034/111/2 
f 1019/97/3 3494/2100/3 3495/2102/2 1035/114/2 
f 2997/2006/2 2996/2005/2 1339/438/2 1329/427/2 
f 1342/439/2 3515/2121/2 3513/2120/2 1330/428/2 
f 3066/2016/2 3065/2017/2 1631/760/2 1630/761/2 
f 1632/763/2 3520/2128/2 3521/2127/2 1633/762/2 
f 2994/2003/2 2993/2002/2 1669/798/2 1668/799/2 
f 1670/801/2 3522/2130/2 3523/2129/2 1671/800/2 
f 2966/1975/2 2965/1974/2 1709/839/2 1708/840/2 
f 1710/842/2 3524/2132/2 3525/2131/2 1711/841/2 
f 2975/1984/2 2974/1983/2 1547/659/2 1740/873/2 
f 1550/660/2 3517/2123/2 3526/2133/2 1741/874/2 
f 2978/1987/2 2977/1986/2 1774/912/2 1773/913/2 
f 1775/915/2 3527/2135/2 3528/2134/2 1776/914/2 
f 3036/1973/2 3035/1974/2 824/839/2 1805/988/2 
f 827/842/2 3475/2132/2 3529/2136/2 1806/989/2 
f 3037/1972/2 3036/1973/2 1805/988/2 87/87/2 
f 1806/989/2 3529/2136/2 3441/2098/2 88/88/2 
f 3039/1970/2 3038/1971/2 86/86/2 160/160/2 
f 89/89/2 3442/2099/2 3446/2103/2 161/161/2 
f 3025/1984/2 3024/1985/2 1825/1007/2 858/873/2 
f 1826/1008/2 3530/2137/2 3476/2133/2ъ^{ш╜йв╛╒h╜╣ГMLлклMNLHB≥┬▄млMмLллM▌х▄нлMмLмлM▌х▄ллMмL█▀лM▌х▄█клMмL▄клM▌хB≥┬▄м▀лMмLл▀лM▌▄нKлMмLмKлM▌▄нлMмLмлM▌▄млMмLллM▌B≥┬▄нлMмLмлM▌H▄лMмLм▀лM▌H▄лKлMмL█клM▌H▄ллMмL█▀лM▌HB≥┬▄нKлMмLмKлMNMH▄KлMмLмклMNMH▄лMмLм▀лMNMH▄нлMмLмлMNMHB≥┬▄лMмLм▀лMлNH▄▀лMмLнлMлNH▄л▀лMмL▌лMлNH▄лKлMмL█клMлNHB≥┬▄KлMмLмклMNMх▄клMмLнKлMNMх▄▀лMмLнлMNMх▄лMмLм▀лMNMхB≥┬▄▀лMмLнлMNN▄лMмMлMNN▄лклMмL▌KлMNN▄л▀лMмL▌лMNNB≥┬▄клMмLнKлMлMH▄KлMмMKлMлMH▄лMмMлMлMH▄▀лMмLнлMлMHB≥┬▄клMмLнKлMMлх▄▀лMмM▀лMMлх▄клMмMклMMлх▄KлMмMKлMMлхB≥┬▄KлMмMKлMMл┬▄клMмMклMMл┬▄лMмMлMMл┬▄лклMмKлMMл┬B≥┬▄KлMмMKлMMл┬▄клMмMклMMл┬▄▀лMмM▀лMMл┬▄LлMмM▀лMMл┬B≥┬▄KлMмMKлMMл┬▄LлMмM▀лMMл┬▄LKлMмMклMMл┬▄L▀лMмMлMMл┬B≥┬▄LклMмMKлMMл┬▄MлMмMLлMMл┬▄MKлMмMLKлMMл┬▄M▀лMмML▀лMMл┬B≥┬▄мклMмLлклMMлх▄MклMмMLклMMлх▄NлMмMMлMMлх▄LKлMмMклMMлхB≥┬▄LлMмM▀лMMл┬▄▀лMмM▀лMMл┬▄нKлMмLмKлMMл┬▄м▀лMмLл▀лMMл┬B≥┬▄▀лMмM▀лMMлх▄клMмLнKлMMлх▄KлMмLмклMMлх▄нKлMмLмKлMMлхB≥┬▄лклMмL▌KлMMNH▄MKлMмлKлMMNH▄NлMммлMMNH▄█лMмL▄лMMNHB≥┬▄лMмMлMMл▄лKлMмклMMл▄MKлMмлKлMMл▄лклMмL▌KлMMлB≥┬▄KлMмMKлMMлH▄лклMмKлMMлH▄лKлMмклMMлH▄лMмMлMMлHB≥┬▄KлMмMKлMMл┬▄NKлMмMMKлMMл┬▄лMмMлMMл┬▄клMмMклMMл┬B≥┬▄M▀лMмLL▀лM▌L▄LлMмMM▀лM▌L▄▌лMмL█лM▌L▄MклMмLLклM▌LB≥┬▄▌лMмL█лM▌х▄LKлMмMMклM▌х▄L▀лMмMNлM▌х▄▌KлMмL█KлM▌хB≥┬▄мKлMмLлKлM▄H▄LклMмMNKлM▄H▄MклMмMLклM▄H▄мклMмLлклM▄HB≥┬▄LKлMмMклMMл┬▄NлMмMMлMMл┬▄MKлMмMLKлMMл┬▄L▀лMмMлMMл┬B≥┬▄KлMмMKлMMн▄L▀лMмMлMMн▄LлMмM▄лMMн▄NKлMмMMKлMMнB≥┬▄м▀лMмLл▀лMN▄мклMмLлклMN▄LKлMмMклMN▄LлMмM▀лMNB≥┬▄LKлMмM▄KлM▌LH▄L▀лMмM▄▀лM▌LH▄LклMмM▄клM▌LH▄LлMмM█лM▌LHB≥┬▄LлMмM█лM▌L┬▄LклMмM▄клM▌L┬▄LKлMмM█KлM▌L┬▄LLлMмM█▀лM▌L┬B≥┬▄LLлMмM█▀лM▌Lх▄LKлMмM█KлM▌Lх▄LLKлMмM█клM▌Lх▄LL▀лMмM▌лM▌LхB≥┬▄LL▀лMмM▌лM▌M▄LLKлMмM█клM▌M▄LLклMмM▌KлM▌M▄LMлMмMллM▌MB≥┬▄LMKлMмMлKлM▄┬▄LMлMмMллM▄┬▄LLклMмM▌KлM▄┬▄LM▀лMмMл▀лM▄┬B≥┬▄LMклMмMлклM▌MH▄L▀лMмM▄▀лM▌MH▄LNлMмMмлM▌MH▄LNKлMмMмKлM▌MHB≥┬▄LMклMмMлклM▌M┬▄L▄лMмMм▀лM▌M┬▄LклMмM▄клM▌M┬▄L▀лMмM▄▀лM▌M┬B≥┬▄L▄лMмMм▀лM▌Mх▄L▄KлMмMмклM▌Mх▄LKлMмM█KлM▌Mх▄LклMмM▄клM▌MхB≥┬▄L▄KлMмMмклM▄L▄L▄▀лMмMнлM▄L▄LLKлMмM█клM▄L▄LKлMмM█KлM▄LB≥┬▄L▄▀лMмMнлM▄LH▄L▄клMмMнKлM▄LH▄LLклMмM▌KлM▄LH▄LLKлMмM█клM▄LHB≥┬▄L█лMмNлM▄L┬▄L█KлMмNKлM▄L┬▄L█▀лMмN▀лM▄L┬▄LM▀лMмMл▀лM▄L┬B≥┬▄L█клMмNклM▌N▄LMклMмMлклM▌N▄LNKлMмMмKлM▌N▄L▌лMмNлM▌NB≥┬▄L▌KлMмNKлM█нH▄L█клMмNклM█нH▄L▌лMмNлM█нH▄LллMмN▀лM█нHB≥┬▄L█клMмNклM▌NH▄LлKлMмNклM▌NH▄L▄лMмMм▀лM▌NH▄LMклMмMлклM▌NHB≥┬▄L▌KлMмNKлM▄MH▄Lл▀лMмNлM▄MH▄LлKлMмNклM▄MH▄L█клMмNклM▄MHB≥┬▄LлKлMмNклM▄M┬▄LлклMмNKлM▄M┬▄L▄KлMмMмклM▄M┬▄L▄лMмMм▀лM▄M┬B≥┬▄Lл▀лMмNлMл▄LмлMмNLлMл▄LлклMмNKлMл▄LлKлMмNклMлB≥┬▄LлклMмNKлMлH▄LмKлMмNLKлMлH▄L▄▀лMмMнлMлH▄L▄KлMмMмклMлHB≥┬▄LмлMмNLлM▄NH▄Lм▀лMмNL▀лM▄NH▄LмKлMмNLKлM▄NH▄LлклMмNKлM▄NHB≥┬▄LмKлMмNLKлM▄▄▄LмклMмNLклM▄▄▄L▄клMмMнKлM▄▄▄L▄▀лMмMнлM▄▄B≥┬▄Lм▀лMмNL▀лMл┬▄LнлMмNMлMл┬▄LмклMмNLклMл┬▄LмKлMмNLKлMл┬B≥┬▄LнKлMмNMKлM▄▄┬▄MлMмNM▀лM▄▄┬▄L█KлMмNKлM▄▄┬▄L█лMмNлM▄▄┬B≥┬▄MKлMмNMклM▄▄х▄M▀лMмNNлM▄▄х▄MлMмNM▀лM▄▄х▄LнKлMмNMKлM▄▄хB≥┬▄Lм▀лMмNL▀лMMл┬▄MклMмNNKлMMл┬▄MлMм▄лMMл┬▄LнлMмNMлMMл┬B≥┬▄LнлMмNMлMMл┬▄MлMм▄лMMл┬▄MKлMм▄KлMMл┬▄MKлMмNMклMMл┬B≥┬▄M▀лMм▄▀лMMн▄MклMм▄клMMн▄MлMм▄лMMн▄MKлMм▄KлMMнB≥┬▄MLлMм▄▀лMMн▄MлMм▄лMMн▄MклMмNNKлMMн▄MLKлMм▄клMMнB≥┬▄MLлMм▄▀лMMл┬▄MLKлMм▄клMMл┬▄ML▀лMм▄лMMл┬▄MLклMм▄KлMMл┬B≥┬▄LллMмN▀лMMл┬▄LклMмLKлMMл┬▄MKлMмLLKлMMл┬▄ML▀лMм▄лMMл┬B≥┬▄MLKлMм▄клMMн▄MклMмNNKлMMн▄Lл▀лMмNлMMн▄L▌KлMмNKлMMнB≥┬▄MклMмNNKлMMлх▄Lм▀лMмNL▀лMMлх▄LмлMмNLлMMлх▄Lл▀лMмNлMMлхB≥┬▄LM▀лMмMл▀лM▄█▄L█▀лMмN▀лM▄█▄MMлMм▄LлM▄█▄LMKлMмMлKлM▄█B≥┬▄L▄клMмMнKлM▄█H▄L█лMмNлM▄█H▄LM▀лMмMл▀лM▄█H▄LLклMмM▌KлM▄█HB≥┬▄LмклMмNLклM▄█┬▄LнKлMмNMKлM▄█┬▄L█лMмNлM▄█┬▄L▄клMмMнKлM▄█┬B≥┬▄LнлMмNMлM▄█х▄MKлMмNMклM▄█х▄LнKлMмNMKлM▄█х▄LмклMмNLклM▄█хB≥┬▄MKлMм▄KлMMл┬▄MклMм▄клMMл┬▄M▀лMмNNлMMл┬▄MKлMмNMклMMл┬B≥┬▄MLлMм▄▀лMMн▄MMKлMм▄LKлMMн▄MKлMм▄KлMMн▄MлMм▄лMMнB≥┬▄MM▀лMм▄L▀лMMл┬▄MMклMм▄LклMMл┬▄MлMм▄лMMл┬▄MMKлMм▄LKлMMл┬B≥┬▄LKлMмM▄KлM▄▌▄MNлMм▄MлM▄▌▄LNлMмMмлM▄▌▄L▀лMмM▄▀лM▄▌B≥┬▄LNлMмMмлM▌MH▄нMлMмLлM▌MH▄MNKлMм▄MKлM▌MH▄LNKлMмMмKлM▌MHB≥┬▄LNKлMмMмKлM▌N▄MNKлMм▄MKлM▌N▄MлMмLLлM▌N▄L▌лMмNлM▌NB≥┬▄MLлMм▄▀лMMлх▄MLклMм▄KлMMлх▄MM▀лMм▄L▀лMMлх▄MMKлMм▄LKлMMлхB≥┬▄L▌KлMмNKлMMл┬▄LллMмN▀лMMл┬▄ML▀лMм▄лMMл┬▄MLKлMм▄клMMл┬B≥┬▄M▄лMм▄M▀лMлх▄LKлMмMMклMлх▄M▄KлMм▄MклMлх▄M▄▀лMм▄NлMлхB≥┬▄M▄клMм▄NKлMл▄M█лMм▄▄лMл▄M█KлMм▄▄KлMл▄M█▀лMм▄▄▀лMлB≥┬▄M█лMм▄▄лMлH▄M█клMм▄▄клMлH▄M▌лMм▄█лMлH▄M█KлMм▄▄KлMлHB≥┬▄M█клMм▄▄клMл┬▄M▌KлMм▄█KлMл┬▄MллMм▄█▀лMл┬▄M▌лMм▄█лMл┬B≥┬▄M▌KлMм▄█KлM▄лх▄MлKлMм▄█клM▄лх▄Mл▀лMм▄▌лM▄лх▄MллMм▄█▀лM▄лхB≥┬▄MлклMм▄▌KлM▄█▄MмлMм▄ллM▄█▄Mл▀лMм▄▌лM▄█▄MлKлMм▄█клM▄█B≥┬▄MмKлMм▄лKлMлх▄Mм▀лMм▄л▀лMлх▄M▄лMм▄M▀лMлх▄M█▀лMм▄▄▀лMлхB≥┬▄MмKлMм▄лKлMл▄M█▀лMм▄▄▀лMл▄M█KлMм▄▄KлMл▄MмклMм▄лклMлB≥┬▄MмклMм▄лклMлH▄M█KлMм▄▄KлMлH▄M▌лMм▄█лMлH▄MнлMм▄млMлHB≥┬▄MнлMм▄млM▄мх▄M▌лMм▄█лM▄мх▄MллMм▄█▀лM▄мх▄MнKлMм▄мKлM▄мхB≥┬▄MнKлMм▄мKлM▄н▄MллMм▄█▀лM▄н▄Mл▀лMм▄▌лM▄н▄NлMм▄м▀лM▄нB≥┬▄NKлMм▄мклMлL▄N▀лMм▄нлMлL▄Mм▀лMм▄л▀лMлL▄MмKлMм▄лKлMлLB≥┬▄NклMм▄нKлM▄H▄NлMм█лM▄H▄N▀лMм▄нлM▄H▄NKлMм▄мклM▄HB≥┬▄NKлMм▄мклMмх▄MмKлMм▄лKлMмх▄MмклMм▄лклMмх▄NKлMм█KлMмхB≥┬▄NклMм▄нKлMлL┬▄NKлMм▄мклMлL┬▄NKлMм█KлMлL┬▄N▀лMм█▀лMлL┬B≥┬▄NKлMм█KлMлLх▄MмклMм▄лклMлLх▄MнлMм▄млMлLх▄NклMм█клMлLхB≥┬▄N▀лMм█▀лM█х▄NKлMм█KлM█х▄NклMм█клM█х▄NлMм█лM█хB≥┬▄NклMм█клM█▄MнлMм▄млM█▄MнKлMм▄мKлM█▄NKлMм█KлM█B≥┬▄NлMм█лM█H▄NклMм█клM█H▄NKлMм█KлM█H▄NLлMм█▀лM█HB≥┬▄NKлMм█KлM█┬▄MнKлMм▄мKлM█┬▄NлMм▄м▀лM█┬▄NLKлMм█клM█┬B≥┬▄NLлMм█▀лMлM▄NKлMм█KлMлM▄NLKлMм█клMлM▄NL▀лMм█лMлMB≥┬▄NLлMм█▀лMMл┬▄NL▀лMм█лMMл┬▄NLклMм█KлMMл┬▄NMлMм█LлMMл┬B≥┬▄NL▀лMм█лMMл┬▄NMKлMм█LKлMMл┬▄M▀лMм▄▀лMMл┬▄NLклMм█KлMMл┬B≥┬▄NM▀лMм█L▀лMMн▄NMклMм█LклMMн▄NMлMм█LлMMн▄NLклMм█KлMMнB≥┬▄NM▀лMм█L▀лMMл┬▄M▀лMмML▀лMMл┬▄NNлMм█MлMMл┬▄NMклMм█LклMMл┬B≥┬▄NMклMм█LклMMн▄NклMм▄нKлMMн▄N▀лMм█▀лMMн▄NMлMм█LлMMнB≥┬▄NMлMм█LлMMл┬▄N▀лMм█▀лMMл┬▄NлMм█лMMл┬▄NLлMм█▀лMMл┬B≥┬▄NлMм▄м▀лM▄L┬▄Mл▀лMм▄▌лM▄L┬▄MмлMм▄ллM▄L┬▄NNKлMм█MKлM▄L┬B≥┬▄NLKлMм█клM▄▄┬▄NлMм▄м▀лM▄▄┬▄NNKлMм█MKлM▄▄┬▄LлMм█M▀лM▄▄┬B≥┬▄NL▀лMм█лM▄▄х▄NLKлMм█клM▄▄х▄LлMм█M▀лM▄▄х▄NMKлMм█LKлM▄▄хB≥┬▄NM▀лMм█L▀лMMн▄NLклMм█KлMMн▄M▀лMм▄▀лMMн▄MKлMм▄KлMMнB≥┬▄M▄клMм▄NKлMлх▄M█▀лMм▄▄▀лMлх▄M▄лMм▄M▀лMлх▄M▄▀лMм▄NлMлхB≥┬▄LклMмMNKлMлL▄L▀лMмMNлMлL▄Mм▀лMм▄л▀лMлL▄N▀лMм▄нлMлLB≥┬▄NM▀лMм█L▀лMMл┬▄MKлMм▄KлMMл┬▄LклMмMKлMMл┬▄M▀лMмML▀лMMл┬B≥┬▄NклMм▄нKлMMлх▄NMклMм█LклMMлх▄NNлMм█MлMMлх▄NлMм█лMMлхB≥┬▄клMмLклMMл┬▄LKлMм█MклMMл┬▄MMклMм▄LклMMл┬▄MM▀лMм▄L▀лMMл┬B≥┬▄LNлMмMмлM▄▌▄MNлMм▄MлM▄▌▄нMKлMмLKлM▄▌▄нMлMмLлM▄▌B≥┬▄MM▀лMм▄L▀лMMлх▄MLклMм▄KлMMлх▄лMмLлMMлх▄клMмLклMMлхB≥┬▄LллMмN▀лM█нH▄L▌лMмNлM█нH▄MлMмLLлM█нH▄LклMмLKлM█нHB≥┬▄MLклMм▄KлMMл┬▄ML▀лMм▄лMMл┬▄MKлMмLLKлMMл┬▄лMмLлMMл┬B≥┬▄LлMмM▄лMMл┬▄L▀лMмMлMMл┬▄MKлMмMLKлMMл┬▄MлMмMLлMMл┬B≥┬▄NлMм█лMMлх▄NNлMм█MлMMлх▄NлMмMMлMMлх▄MклMмMLклMMлхB≥┬▄M▄лMм▄M▀лMлх▄Mм▀лMм▄л▀лMлх▄L▀лMмMNлMлх▄LKлMмMMклMлхB≥┬▄N▀лMм▄нлM▄H▄NлMм█лM▄H▄MклMмMLклM▄H▄LклMмMNKлM▄HB≥┬▄NNлMм█MлMMл┬▄M▀лMмML▀лMMл┬▄MKлMмMLKлMMл┬▄NлMмMMлMMл┬B≥┬▄▄▀лMмнлMMл┬▄KлMмLKлMMл┬▄MKлMмLLKлMMл┬▄LклMмLKлMMл┬B≥┬▄нLклMмKлM█л▄LлMм█▀лM█л▄MNKлMм▄MKлM█л▄нMлMмLлM█лB≥┬▄LлMм█▀лM▌N▄▄лMмм▀лM▌N▄MлMмLLлM▌N▄MNKлMм▄MKлM▌NB≥┬▄▌лMмL█лM▌L▄LлMмMM▀лM▌L▄M▄KлMм▄MклM▌L▄LKлMмMMклM▌LB≥┬▄мKлMмLлKлMлL▄▌KлMмL█KлMлL▄L▀лMмMNлMлL▄LклMмMNKлMлLB≥┬▄▀лMмL▀лMMл┬▄L▀лMмLлMMл┬▄LKлMм█MклMMл┬▄клMмLклMMл┬B≥┬Nм▀лMNNлMMNHNллMMM▀лMMNHNлKлMM█KлMMNHNллMM█лMMNHB≥┬NмклMNNKлMMлNм▀лMNNлMMлNллMM█лMMлNл█лMNлMMлB≥┬Nл▌KлMNKлMMлHNмклMNNKлMMлHNл█лMNлMMлHNл█▀лMN▀лMMлHB≥┬NнлMLм▀лMMл┬NнLKлMLклMMл┬Nлл▀лMNлMMл┬NллKлMNклMMл┬B≥┬NмNлMLMлMMмNлLлMM█▀лMMмNлKлMM█KлMMмNмKлMNMклMMмB≥┬Nл█KлMNKлMMл┬NнлMLм▀лMMл┬NллKлMNклMMл┬Nл█▀лMN▀лMMл┬B≥┬NнLKлMLклMMнNнM▀лMLL▀лMMнNмлMLлMMнNлл▀лMNлMMнB≥┬NLKлMLMклM▄L┬N█▀лMLL▄▀лM▄L┬NNлMLмлM▄L┬NMклMLлклM▄L┬B≥┬NL▀лMLMлM▄▄┬NLKлMLMклM▄▄┬NMклMLлклM▄▄┬Nл▀лMLлM▄▄┬B≥┬NклMLMклM▄▄хNL▀лMLMлM▄▄хNл▀лMLлM▄▄хNмлMLLлM▄▄хB≥┬NмклMLLклMMнNклMLLклMMнNлMLM▀лMMнNнKлMLMKлMMнB≥┬N█▀лMLL▄▀лM▄█N█KлMLL▄KлM▄█N▀лMLL▀лM▄█NNлMLмлM▄█B≥┬NнлMLMлMMнNклMLMклMMнNмлMLLлMMнNнKлMLMKлMMнB≥┬NнKлMLKлMMл┬NKлMLMклMMл┬NлMLM▀лMMл┬NKлMLLKлMMл┬B≥┬Nн▀лML▀лMMл┬NнKлMLKлMMл┬NKлMLLKлMMл┬NLклMLMKлMMл┬B≥┬NнM▀лMLL▀лMMл┬Nн▀лML▀лMMл┬NLклMLMKлMMл┬NмлMLлMMл┬B≥┬▄LлMмL▀лMMNH▄лMм█лMMNH▄MклMмлклMMNH▄M▀лMмл▀лMMNHB≥┬▄LKлMмLклMMл▄LлMмL▀лMMл▄M▀лMмл▀лMMл▄л▀лMмлMMлB≥┬▄мклMмLклMMлH▄LKлMмLклMMлH▄л▀лMмлMMлH▄млMмLлMMлHB≥┬▄лMмMлMMл┬▄NKлMмMMKлMMл┬▄лMмM▀лMMл┬▄нKлMмMKлMMл┬B≥┬▄█▀лMмL▄▀лMMLх▄NлMммлMMLх▄MклMмлклMMLх▄KлMмLKлMMLхB≥┬▄лклMмKлMMл┬▄лMмMлMMл┬▄нKлMмMKлMMл┬▄млMмLлMMл┬B≥┬▄NKлMмMMKлMMн▄LлMмM▄лMMн▄L▀лMмLлMMн▄лMмM▀лMMнB≥┬▄NNKлMм█MKлM▄L┬▄MмлMм▄ллM▄L┬▄L█▀лMмN▀лM▄L┬▄L█KлMмNKлM▄L┬B≥┬▄LлMм█M▀лM▄▄┬▄NNKлMм█MKлM▄▄┬▄L█KлMмNKлM▄▄┬▄MлMмNM▀лM▄▄┬B≥┬▄NMKлMм█LKлM▄▄х▄LлMм█M▀лM▄▄х▄MлMмNM▀лM▄▄х▄M▀лMмNNлM▄▄хB≥┬▄MKлMм▄KлMMн▄MMKлMм▄LKлMMн▄MлMм▄лMMн▄MклMм▄клMMнB≥┬▄MмлMм▄ллM▄█▄MлклMм▄▌KлM▄█▄MMлMм▄LлM▄█▄L█▀лMмN▀лM▄█B≥┬▄M▀лMм▄▀лMMл┬▄NMKлMм█LKлMMл┬▄M▀лMмNNлMMл┬▄MклMм▄клMMл┬B≥┬▄LклMмMKлMMл┬▄MKлMм▄KлMMл┬▄MлMм▄лMMл┬▄MMклMм▄LклMMл┬B≥┬▄MлMмMLлMMл┬▄LклMмMKлMMл┬▄MMклMм▄LклMMл┬▄LKлMм█MклMMл┬B≥┬▄LлMмM▄лMMл┬▄MлMмMLлMMл┬▄LKлMм█MклMMл┬▄L▀лMмLлMMл┬B≥┬▄L▀лMм█NлMM▄LклMм█NKлMM▄LлMм█▄лMM▄LKлMм█▄KлMMB≥┬▄L▀лMм█▄▀лMMH▄LклMм█▄клMMH▄LлMм██лMMH▄LKлMм██KлMMHB≥┬▄LклMм█▄клMML▄LLлMм██▀лMML▄LLKлMм██клMML▄LлMм██лMMLB≥┬▄LLлMм██▀лMMLH▄LL▀лMм█▌лMMLH▄LLклMм█▌KлMMLH▄LLKлMм██клMMLHB≥┬▄LL▀лMм█▌лM█▌H▄LMлMм█ллM█▌H▄LMKлMм█лKлM█▌H▄LLклMм█▌KлM█▌HB≥┬▄LM▀лMм█л▀лMMLх▄LMклMм█лклMMLх▄LMKлMм█лKлMMLх▄LMлMм█ллMMLхB≥┬▄LNлMм█млMMM▄LNKлMм█мKлMMM▄L▀лMм█NлMMM▄LKлMм██KлMMMB≥┬▄LNлMм█млMMMH▄LKлMм██KлMMMH▄LлMм██лMMMH▄L▄лMм█м▀лMMMHB≥┬▄L▄лMм█м▀лMMM┬▄LлMм██лMMM┬▄LLKлMм██клMMM┬▄L▄KлMм█мклMMM┬B≥┬▄L▄KлMм█мклMMMх▄LLKлMм██клMMMх▄LLклMм█▌KлMMMх▄L▄▀лMм█нлMMMхB≥┬▄L▄▀лMм█нлMMN▄LLклMм█▌KлMMN▄LMKлMм█лKлMMN▄L▄клMм█нKлMMNB≥┬▄L█лMм▌лMMNH▄L█KлMм▌KлMMNH▄L█▀лMм▌▀лMMNH▄L█клMм▌клMMNHB≥┬▄L▌лMм▌лMM▄▄L▌KлMм▌KлMM▄▄LNKлMм█мKлMM▄▄LNлMм█млMM▄B≥┬▄LллMм▌▀лMM▄H▄LлKлMм▌клMM▄H▄L▌KлMм▌KлMM▄H▄L▌лMм▌лMM▄HB≥┬▄L▌лMм▌лMM▄┬▄LNлMм█млMM▄┬▄L▄лMм█м▀лMM▄┬▄Lл▀лMм▌лMM▄┬B≥┬▄LллMм▌▀лMM▄х▄L▌лMм▌лMM▄х▄Lл▀лMм▌лMM▄х▄LлклMм▌KлMM▄хB≥┬▄Lл▀лMм▌лMM█▄L▄лMм█м▀лMM█▄L▄KлMм█мклMM█▄LмлMм▌LлMM█B≥┬▄LлклMм▌KлMM█H▄Lл▀лMм▌лMM█H▄LмлMм▌LлMM█H▄LмKлMм▌LKлMM█HB≥┬▄LмлMм▌LлMM█┬▄L▄KлMм█мклMM█┬▄L▄▀лMм█нлMM█┬▄Lм▀лMм▌L▀лMM█┬B≥┬▄LмKлMм▌LKлMM█х▄LмлMм▌LлMM█х▄Lм▀лMм▌L▀лMM█х▄LмклMм▌LклMM█хB≥┬▄Lм▀лMм▌L▀лMM▌▄L▄▀лMм█нлMM▌▄L▄клMм█нKлMM▌▄LнлMм▌MлMM▌B≥┬▄LмклMм▌LклMM▌H▄Lм▀лMм▌L▀лMM▌H▄LнлMм▌MлMM▌H▄LнKлMм▌MKлMM▌HB≥┬▄LлMм▌M▀лMMл▄LKлMм▌MклMMл▄L█KлMм▌KлMMл▄L█лMм▌лMMлB≥┬▄L▀лMм▌NлMMлH▄LклMм▌NKлMMлH▄LKлMм▌MклMMлH▄LлMм▌M▀лMMлHB≥┬▄LмклMм▌LклMMл┬▄LнKлMм▌MKлMMл┬▄LлMмллMMл┬▄LKлMмлKлMMл┬B≥┬▄LнKлMм▌MKлMMл┬▄L▀лMмл▀лMMл┬▄LклMмлклMMл┬▄LлMмллMMл┬B≥┬▄LклMмлклMMл┬▄LлMмллMMл┬▄LKлMмлKлMMл┬▄LLлMмл▀лMMл┬B≥┬▄LLKлMмлклMMл┬▄LL▀лMмллMMл┬▄LKлMмлKлMMл┬▄LлMмллMMл┬B≥┬▄LLKлMмлклMMл┬▄LLклMмлKлMMл┬▄LMлMмлLлMMл┬▄LL▀лMмллMMл┬B≥┬▄LMKлMмлLKлMMлх▄LM▀лMмлL▀лMMлх▄LMклMмлLклMMлх▄LLклMмлKлMMлхB≥┬▄LL▀лMмллMMл┬▄LллMм▌▀лMMл┬▄LлклMм▌KлMMл┬▄LKлMмлKлMMл┬B≥┬▄LKлMмлKлMMл┬▄LлклMм▌KлMMл┬▄LмKлMм▌LKлMMл┬▄LмклMм▌LклMMл┬B≥┬▄LNлMмлMлMMм▄L█▀лMм▌▀лMMм▄LMклMм█лклMMм▄LM▀лMм█л▀лMMмB≥┬▄L▄клMм█нKлMMмH▄LMKлMм█лKлMMмH▄LMклMм█лклMMмH▄LNKлMмлMKлMMмHB≥┬▄LнлMм▌MлMMм┬▄L▄клMм█нKлMMм┬▄LNKлMмлMKлMMм┬▄L▄лMмлM▀лMMм┬B≥┬▄LнKлMм▌MKлMMмх▄LнлMм▌MлMMмх▄L▄лMмлM▀лMMмх▄L▀лMмл▀лMMмхB≥┬▄LклMм▌NKлMMл┬▄LлMмллMMл┬▄LклMмлклMMл┬▄L▀лMмл▀лMMл┬B≥┬▄LLKлMмлклMMл┬▄LлMмллMMл┬▄LклMмлклMMл┬▄LLлMмл▀лMMл┬B≥┬▄LKлMмлKлMMн▄L▄KлMмлMклMMн▄LMKлMмлLKлMMн▄LLлMмл▀лMMнB≥┬▄L▀лMм█▄▀лMM▄LKлMм██KлMM▄L▀лMм█NлMM▄LKлMм█▄KлMMB≥┬▄L▄▀лMмлNлMMнH▄L▄клMмлNKлMMнH▄L▌KлMм▌KлMMнH▄LлKлMм▌клMMнHB≥┬▄LMклMмлLклMMл┬▄L█лMмл▄лMMл┬▄LMлMмлLлMMл┬▄LLклMмлKлMMл┬B≥┬▄LLKлMмлклMN▄LLлMмл▀лMN▄LMKлMмлLKлMN▄LLклMмлKлMNB≥┬▄LллMм▌▀лMMн▄LL▀лMмллMMн▄LMлMмлLлMMн▄LлKлMм▌клMMнB≥┬▄L█KлMмл▄KлMNH▄L█▀лMмл▄▀лMNH▄L█клMмл▄клMNH▄L▌лMмл█лMNHB≥┬▄L▌лMмл█лMN┬▄L█клMмл▄клMN┬▄L▌KлMмл█KлMN┬▄LллMмл█▀лMN┬B≥┬▄LллMмл█▀лMNх▄L▌KлMмл█KлMNх▄LлKлMмл█клMNх▄Lл▀лMмл▌лMNхB≥┬▄Lл▀лMмл▌лMN▄LлKлMмл█клMN▄LлклMмл▌KлMN▄LмлMмлллMNB≥┬▄LмKлMмллKлMMм▄LмлMмлллMMм▄LлклMмл▌KлMMм▄L█клMм▌клMMмB≥┬▄Lм▀лMмлл▀лMNH▄L█▀лMмл▄▀лMNH▄LмклMмллклMNH▄LнлMмлмлMNHB≥┬▄Lм▀лMмлл▀лMN┬▄LнKлMмлмKлMN┬▄L█клMмл▄клMN┬▄L█▀лMмл▄▀лMN┬B≥┬▄LнKлMмлмKлMNх▄LлMмлм▀лMNх▄L▌KлMмл█KлMNх▄L█клMмл▄клMNхB≥┬▄LлMмлм▀лMN▄LKлMмлмклMN▄LлKлMмл█клMN▄L▌KлMмл█KлMNB≥┬▄LKлMмлмклMNH▄L▀лMмлнлMNH▄LлклMмл▌KлMNH▄LлKлMмл█клMNHB≥┬▄LклMмлнKлMNL▄Lм▀лMмлл▀лMNL▄LнлMмлмлMNL▄LлMммлMNLB≥┬▄LKлMммKлMNLH▄LклMмлнKлMNLH▄LлMммлMNLH▄L▀лMмм▀лMNLHB≥┬▄LклMмлнKлMNL┬▄LклMммклMNL┬▄LнKлMмлмKлMNL┬▄Lм▀лMмлл▀лMNL┬B≥┬▄LKлMммKлMNLх▄LлMммлMNLх▄LклMммклMNLх▄LклMмлнKлMNLхB≥┬▄LклMммклMNM▄LKлMммKлMNM▄LлMмлм▀лMNM▄LнKлMмлмKлMNMB≥┬▄LлMммлMNMH▄LLлMмм▀лMNMH▄LKлMммKлMNMH▄LклMммклMNMHB≥┬▄LKлMммKлMNM┬▄LLKлMммклMNM┬▄LKлMмлмклMNM┬▄LлMмлм▀лMNM┬B≥┬▄LLлMмм▀лMNMх▄LL▀лMммлMNMх▄LLKлMммклMNMх▄LKлMммKлMNMхB≥┬▄LLKлMммклMNN▄LLклMммKлMNN▄L▀лMмлнлMNN▄LKлMмлмклMNNB≥┬▄LL▀лMммлMлMH▄LMлMммLлMлMH▄LLклMммKлMлMH▄LLKлMммклMлMHB≥┬▄LL▀лMммлMMл┬▄LMKлMммLKлMMл┬▄LM▀лMммL▀лMMл┬▄LMлMммLлMMл┬B≥┬▄LMлMммLлMMл┬▄LM▀лMммL▀лMMл┬▄LMклMммLклMMл┬▄L▀лMм▌NлMMл┬B≥┬▄LNлMммMлMMл┬▄LM▀лMммL▀лMMл┬▄LMKлMммLKлMMл┬▄LNKлMммMKлMMл┬B≥┬▄LNлMммMлMMл┬▄LNKлMммMKлMMл┬▄LLлMммM▀лMMл┬▄LLKлMммMклMMл┬B≥┬▄LL▀лMммNлMMл┬▄LLклMммNKлMMл┬▄LLлMмм▄лMMл┬▄LLKлMмм▄KлMMл┬B≥┬▄L▀лMмм▀лMMлх▄LL▀лMмм▄▀лMMлх▄LLклMмм▄клMMлх▄LLлMммM▀лMMлхB≥┬▄LNKлMммMKлMMл┬▄LMKлMммLKлMMл┬▄LлMммлMMл┬▄LKлMммKлMMл┬B≥┬▄LMKлMммLKлMMл┬▄LL▀лMммлMMл┬▄LLлMмм▀лMMл┬▄LлMммлMMл┬B≥┬▄L▀лMмлнлMMNH▄L█лMм▌лMMNH▄L█клMм▌клMMNH▄LлклMмл▌KлMMNHB≥┬▄LLклMммKлMMл▄LлMм▌M▀лMMл▄L█лMм▌лMMл▄L▀лMмлнлMMлB≥┬▄LMлMммLлMMлH▄L▀лMм▌NлMMлH▄LлMм▌M▀лMMлH▄LLклMммKлMMлHB≥┬▄LNлMммMлMMл┬▄LLлMмм█лMMл┬▄LMклMммLклMMл┬▄LM▀лMммL▀лMMл┬B≥┬▄L█KлMмл▄KлM▄▄LLKлMмм█KлM▄▄LмклMмллклM▄▄L█▀лMмл▄▀лM▄B≥┬▄LмклMмллклMNH▄LLLлMмм█▀лMNH▄LLLKлMмм█клMNH▄LнлMмлмлMNHB≥┬▄LлMммлM▄H▄LLL▀лMмм▌лM▄H▄LL▀лMмм▄▀лM▄H▄L▀лMмм▀лM▄HB≥┬▄LLлMммM▀лMMл┬▄LLклMмм▄клMMл┬▄LLлMмм▄лMMл┬▄LLKлMммMклMMл┬B≥┬▄LNлMммMлMMн▄LLKлMммMклMMн▄LLLклMмм▌KлMMн▄LLлMмм█лMMнB≥┬▄LKлMммKлMN▄L▀лMмм▀лMN▄LLлMммM▀лMN▄LNKлMммMKлMNB≥┬▄LLMлMммллM▄┬▄LLMKлMммлKлM▄┬▄LLM▀лMммл▀лM▄┬▄LLMклMммлклM▄┬B≥┬▄LLMклMммлклM▄х▄LLM▀лMммл▀лM▄х▄LLNлMмммлM▄х▄LLNKлMмммKлM▄хB≥┬▄LLNKлMмммKлM▌Lх▄LLNлMмммлM▌Lх▄LL▄лMммм▀лM▌Lх▄LL▄KлMмммклM▌LхB≥┬▄LL▄KлMмммклM▌M▄LL▄лMммм▀лM▌M▄LL▄▀лMммнлM▌M▄LL▄клMммнKлM▌MB≥┬▄LL█лMмнлM▄┬▄LL▄клMммнKлM▄┬▄LL▄▀лMммнлM▄┬▄LL█KлMмнKлM▄┬B≥┬▄LL█▀лMмн▀лM▄х▄LLMKлMммлKлM▄х▄LL█клMмнклM▄х▄LL▌лMмнлM▄хB≥┬▄LL█▀лMмн▀лM▄▄LL▌KлMмнKлM▄▄LLM▀лMммл▀лM▄▄LLMKлMммлKлM▄B≥┬▄LL▌KлMмнKлM▄H▄LLллMмн▀лM▄H▄LLNлMмммлM▄H▄LLM▀лMммл▀лM▄HB≥┬▄LLллMмн▀лM▄L▄LLлKлMмнклM▄L▄LL▄лMммм▀лM▄L▄LLNлMмммлM▄LB≥┬▄LLлKлMмнклM▄LH▄LLл▀лMмнлM▄LH▄LL▄▀лMммнлM▄LH▄LL▄лMммм▀лM▄LHB≥┬▄LLлклMмнKлM▄L┬▄LLмлMмнLлM▄L┬▄LLмKлMмнLKлM▄L┬▄LL█KлMмнKлM▄L┬B≥┬▄LLм▀лMмнL▀лM▄Lх▄LL█▀лMмн▀лM▄Lх▄LL▌лMмнлM▄Lх▄LLмклMмнLклM▄LхB≥┬▄LLнлMмнMлMMнH▄LLм▀лMмнL▀лMMнH▄LLмклMмнLклMMнH▄LLнKлMмнMKлMMнHB≥┬▄LLм▀лMмнL▀лMл▄▄LMлMмнM▀лMл▄▄LL▌KлMмнKлMл▄▄LL█▀лMмн▀лMл▄B≥┬▄LLнлMмнMлM▄MH▄LMKлMмнMклM▄MH▄LMлMмнM▀лM▄MH▄LLм▀лMмнL▀лM▄MHB≥┬▄LMлMмнM▀лM▄M┬▄LM▀лMмнNлM▄M┬▄LLллMмн▀лM▄M┬▄LL▌KлMмнKлM▄M┬B≥┬▄LMKлMмнMклM▄Mх▄LMклMмнNKлM▄Mх▄LM▀лMмнNлM▄Mх▄LMлMмнM▀лM▄MхB≥┬▄LM▀лMмнNлMл▄H▄LMлMнлMл▄H▄LLлKлMмнклMл▄H▄LLллMмн▀лMл▄HB≥┬▄LMклMмнNKлM▄NH▄LMKлMнKлM▄NH▄LMлMнлM▄NH▄LM▀лMмнNлM▄NHB≥┬▄LMлMнлM▄▄▄LM▀лMн▀лM▄▄▄LLл▀лMмнлM▄▄▄LLлKлMмнклM▄▄B≥┬▄LMKлMнKлMл┬▄LMклMнклMл┬▄LM▀лMн▀лMл┬▄LMлMнлMл┬B≥┬▄LMлMнлM▄▄┬▄LMKлMнKлM▄▄┬▄LLмлMмнLлM▄▄┬▄LLлклMмнKлM▄▄┬B≥┬▄LMLлMн▀лM▄▄х▄LMLKлMнклM▄▄х▄LMKлMнKлM▄▄х▄LMлMнлM▄▄хB≥┬▄LMKлMнKлMMл┬▄LML▀лMнлMMл┬▄LMLклMнKлMMл┬▄LMклMнклMMл┬B≥┬▄LMклMнклMMл┬▄LMLклMнKлMMл┬▄LMMлMнLлMMл┬▄LMLлMн▀лMMл┬B≥┬▄LMMKлMнLKлMMн▄LMM▀лMнL▀лMMн▄LMMклMнLклMMн▄LMNлMнMлMMнB≥┬▄LMNKлMнMKлMMн▄LMLклMнKлMMн▄LML▀лMнлMMн▄LM▄лMнM▀лMMнB≥┬▄LMNKлMнMKлMMл┬▄LM▄лMнM▀лMMл┬▄LM▄KлMнMклMMл┬▄LM▄▀лMнNлMMл┬B≥┬▄LLнKлMмнMKлMMл┬▄L▄▀лMмлNлMMл┬▄L█лMмл▄лMMл┬▄LM▄KлMнMклMMл┬B≥┬▄LM▄лMнM▀лMMн▄LML▀лMнлMMн▄LMKлMмнMклMMн▄LLнлMмнMлMMнB≥┬▄LML▀лMнлMMл┬▄LMKлMнKлMMл┬▄LMклMмнNKлMMл┬▄LMKлMмнMклMMл┬B≥┬▄LL█KлMмнKлM▄█▄LLмKлMмнLKлM▄█▄LM▄клMнNKлM▄█▄LL█лMмнлM▄█B≥┬▄LLл▀лMмнлM▄█H▄LLлклMмнKлM▄█H▄LL█KлMмнKлM▄█H▄LL▄▀лMммнлM▄█HB≥┬▄LM▀лMн▀лM▄█┬▄LMлMнлM▄█┬▄LLлклMмнKлM▄█┬▄LLл▀лMмнлM▄█┬B≥┬▄LMклMнклM▄█х▄LMLлMн▀лM▄█х▄LMлMнлM▄█х▄LM▀лMн▀лM▄█хB≥┬▄LMMлMнLлMMн▄LMM▀лMнL▀лMMн▄LMLKлMнклMMн▄LMLлMн▀лMMнB≥┬▄LMNKлMнMKлMMн▄LM█лMн▄лMMн▄LMMлMнLлMMн▄LMLклMнKлMMнB≥┬▄LM█KлMн▄KлMMл┬▄LM█▀лMн▄▀лMMл┬▄LMMклMнLклMMл┬▄LM█лMн▄лMMл┬B≥┬▄LLMлMммллM▄▌▄LM█клMн▄клM▄▌▄LL█клMмнклM▄▌▄LLMKлMммлKлM▄▌B≥┬▄LL█клMмнклM▄х▄LклMм█NKлM▄х▄LM▌лMн█лM▄х▄LL▌лMмнлM▄хB≥┬▄LL▌лMмнлM▄Lх▄LM▌лMн█лM▄Lх▄L▄клMмлNKлM▄Lх▄LLмклMмнLклM▄LхB≥┬▄LMNKлMнMKлMMлх▄LM▄▀лMнNлMMлх▄LM█KлMн▄KлMMлх▄LM█лMн▄лMMлхB≥┬▄LLнлMмнMлMMл┬▄LLнKлMмнMKлMMл┬▄LM▄KлMнMклMMл┬▄LM▄лMнM▀лMMл┬B≥┬▄LM▌KлMн█KлM▄▌H▄LLLлMмм█▀лM▄▌H▄LMллMн█▀лM▄▌H▄LMлKлMн█клM▄▌HB≥┬▄LMл▀лMн▌лM▄л▄LMлклMн▌KлM▄л▄LMмлMнллM▄л▄LMмKлMнлKлM▄лB≥┬▄LMлклMн▌KлM▄лH▄LMм▀лMнл▀лM▄лH▄LMмклMнлклM▄лH▄LMмлMнллM▄лHB≥┬▄LMм▀лMнл▀лMл┬▄LMнлMнмлMл┬▄LMнKлMнмKлMл┬▄LMмклMнлклMл┬B≥┬▄LMнлMнмлM▄лх▄LNлMнм▀лM▄лх▄LNKлMнмклM▄лх▄LMнKлMнмKлM▄лхB≥┬▄LN▀лMннлM▄█▄LNклMннKлM▄█▄LNKлMнмклM▄█▄LNлMнм▀лM▄█B≥┬▄LNлMнлM▄м▄LNKлMнKлM▄м▄LM▌KлMн█KлM▄м▄LMмKлMнлKлM▄мB≥┬▄LNлMнлM▄мH▄LMмKлMнлKлM▄мH▄LMмлMнллM▄мH▄LN▀лMн▀лM▄мHB≥┬▄LN▀лMн▀лM▄м┬▄LMмлMнллM▄м┬▄LMмклMнлклM▄м┬▄LNклMнклM▄м┬B≥┬▄LNклMнклM▄мх▄LMмклMнлклM▄мх▄LMнKлMнмKлM▄мх▄LNлMнлM▄мхB≥┬▄LNлMнлM▄н▄LMнKлMнмKлM▄н▄LNKлMнмклM▄н▄LNKлMнKлM▄нB≥┬▄LNLлMн▀лM▄нH▄LNLKлMнклM▄нH▄LNKлMнKлM▄нH▄LNлMнлM▄нHB≥┬▄LNL▀лMнлM▄H▄LNLклMнKлM▄H▄LNLKлMнклM▄H▄LNLлMн▀лM▄HB≥┬▄LNLлMн▀лM█▄LNлMнлM█▄LN▀лMн▀лM█▄LNMлMнLлM█B≥┬▄LNL▀лMнлM█H▄LNLлMн▀лM█H▄LNMлMнLлM█H▄LNMKлMнLKлM█HB≥┬▄LNMлMнLлM█┬▄LN▀лMн▀лM█┬▄LNклMнклM█┬▄LNM▀лMнL▀лM█┬B≥┬▄LNMKлMнLKлM█х▄LNMлMнLлM█х▄LNM▀лMнL▀лM█х▄LNMклMнLклM█хB≥┬▄LNM▀лMнL▀лM█▄LNклMнклM█▄LNлMнлM█▄LNNлMнMлM█B≥┬▄LNMклMнLклM█H▄LNM▀лMнL▀лM█H▄LNNлMнMлM█H▄LNNKлMнMKлM█HB≥┬▄LNNлMнMлM█┬▄LNлMнлM█┬▄LNKлMнKлM█┬▄L▄лMнM▀лM█┬B≥┬▄LNNKлMнMKлMлM▄LNNлMнMлMлM▄L▄лMнM▀лMлM▄L▄KлMнMклMлMB≥┬▄LNNKлMнMKлMN▄L▄KлMнMклMN▄L▄▀лMнNлMN▄L▄клMнNKлMNB≥┬▄L▄KлMнMклMMн▄L▄лMн▄лMMн▄LMMKлMнLKлMMн▄L▄▀лMнNлMMнB≥┬▄L▄KлMн▄KлMMн▄L▄▀лMн▄▀лMMн▄L▄клMнNKлMMн▄L▄▀лMнNлMMнB≥┬▄L▄KлMн▄KлMMл┬▄LLKлMмм▄KлMMл┬▄L▄клMн▄клMMл┬▄L▄▀лMн▄▀лMMл┬B≥┬▄L▄▀лMн▄▀лMMн▄LNL▀лMнлMMн▄LNMKлMнLKлMMн▄L▄клMнNKлMMнB≥┬▄L▄клMнNKлMMн▄LNMKлMнLKлMMн▄LNMклMнLклMMн▄LNNKлMнMKлMMнB≥┬▄LNKлMнKлM▄L┬▄LNKлMнмклM▄L┬▄LNклMннKлM▄L┬▄L▄лMн█лM▄L┬B≥┬▄L▄лMнM▀лM▄▄┬▄LNKлMнKлM▄▄┬▄L▄лMн█лM▄▄┬▄L▄KлMн█KлM▄▄┬B≥┬▄L▄KлMнMклM▄▄х▄L▄лMнM▀лM▄▄х▄L▄KлMн█KлM▄▄х▄L▄лMн▄лM▄▄хB≥┬▄L▄KлMн▄KлMMн▄L▄▀лMнNлMMн▄LMMKлMнLKлMMн▄LMNлMнMлMMнB≥┬▄LMл▀лMн▌лM▄▌H▄LMмKлMнлKлM▄▌H▄LM▌KлMн█KлM▄▌H▄LMлKлMн█клM▄▌HB≥┬▄LLL▀лMмм▌лM▄нH▄LLLKлMмм█клM▄нH▄LNKлMнKлM▄нH▄LNLKлMнклM▄нHB≥┬▄L▄KлMн▄KлMMл┬▄LMNлMнMлMMл┬▄LL▀лMммNлMMл┬▄LLKлMмм▄KлMMл┬B≥┬▄LNL▀лMнлMMлх▄L▄▀лMн▄▀лMMлх▄L▄клMн▄клMMлх▄LNLклMнKлMMлхB≥┬▄LM▀лMмлL▀лMMл┬▄L▄LлMн█▀лMMл┬▄LM█▀лMн▄▀лMMл┬▄LM█KлMн▄KлMMл┬B≥┬▄LL█клMмнклM▄▌▄LM█клMн▄клM▄▌▄LлMм█▄лM▄▌▄LклMм█NKлM▄▌B≥┬▄LM█KлMн▄KлMMлх▄LM▄▀лMнNлMMлх▄LMклMмлLклMMлх▄LM▀лMмлL▀лMMлхB≥┬▄LLнKлMмнMKлMMнH▄LLмклMмнLклMMнH▄L▄клMмлNKлMMнH▄L▄▀лMмлNлMMнHB≥┬▄LM▄▀лMнNлMMл┬▄LM▄KлMнMклMMл┬▄L█лMмл▄лMMл┬▄LMклMмлLклMMл┬B≥┬▄LLLклMмм▌KлMMл┬▄LLKлMммMклMMл┬▄LLлMмм▄лMMл┬▄LLклMммNKлMMл┬B≥┬▄LNLклMнKлMMлх▄L▄клMн▄клMMлх▄LLклMмм▄клMMлх▄LL▀лMмм▄▀лMMлхB≥┬▄LM▌KлMн█KлM▄м▄LNKлMнKлM▄м▄LLLKлMмм█клM▄м▄LLLлMмм█▀лM▄мB≥┬▄LNLKлMнклM▄H▄LNLклMнKлM▄H▄LL▀лMмм▄▀лM▄H▄LLL▀лMмм▌лM▄HB≥┬▄L▄клMн▄клMMл┬▄LLKлMмм▄KлMMл┬▄LLлMмм▄лMMл┬▄LLклMмм▄клMMл┬B≥┬▄LлKлMм▌клMMл┬▄LMлMмлLлMMл┬▄L█лMмл▄лMMл┬▄L▄▀лMмлNлMMл┬B≥┬▄L▀лMм█NлMMM▄LNKлMм█мKлMMM▄LM▌лMн█лMMM▄LклMм█NKлMMMB≥┬▄LNKлMм█мKлM▄Lх▄L▌KлMм▌KлM▄Lх▄L▄клMмлNKлM▄Lх▄LM▌лMн█лM▄LхB≥┬▄LмклMмллклM▄▄LLKлMмм█KлM▄▄LMллMн█▀лM▄▄LLLлMмм█▀лM▄B≥┬▄LлMммлMNL▄LнлMмлмлMNL▄LLLKлMмм█клMNL▄LLL▀лMмм▌лMNLB≥┬▄LMKлMмлLKлMMл┬▄L▄KлMмлMклMMл┬▄L▄LлMн█▀лMMл┬▄LM▀лMмлL▀лMMл┬B≥┬▄L▄LKлMн█клMM▄L▄L▀лMн▌лMM▄L▄LклMн▌KлMM▄L▄MлMнллMMB≥┬▄L▄MKлMнлKлMMH▄L▄M▀лMнл▀лMMH▄L▄MклMнлклMMH▄L▄NлMнмлMMHB≥┬▄L▄M▀лMнл▀лMML▄L▄NKлMнмKлMML▄L▄▄лMнм▀лMML▄L▄MклMнлклMMLB≥┬▄L▄NKлMнмKлMMLH▄L▄▄KлMнмклMMLH▄L▄▄▀лMннлMMLH▄L▄▄лMнм▀лMMLHB≥┬▄L▄▄KлMнмклM█▌H▄L▄▄клMннKлM█▌H▄L▄█лMнлM█▌H▄L▄▄▀лMннлM█▌HB≥┬▄L▄█KлMнKлMMLх▄L▄█▀лMн▀лMMLх▄L▄█лMнлMMLх▄L▄▄клMннKлMMLхB≥┬▄L▄█клMнклMMM▄L▄▌лMнлMMM▄L▄LKлMн█клMMM▄L▄NлMнмлMMMB≥┬▄L▄█клMнклMMMH▄L▄NлMнмлMMMH▄L▄MклMнлклMMMH▄L▄▌KлMнKлMMMHB≥┬▄L▄▌KлMнKлMMM┬▄L▄MклMнлклMMM┬▄L▄▄лMнм▀лMMM┬▄L▄ллMн▀лMMM┬B≥┬▄L▄ллMн▀лMMMх▄L▄▄лMнм▀лMMMх▄L▄▄▀лMннлMMMх▄L▄лKлMнклMMMхB≥┬▄L▄лKлMнклMMN▄L▄▄▀лMннлMMN▄L▄█лMнлMMN▄L▄л▀лMнлMMNB≥┬▄L▄лклMнKлMMNH▄L▄млMнLлMMNH▄L▄мKлMнLKлMMNH▄L▄м▀лMнL▀лMMNHB≥┬▄L▄мклMнLклMM▄▄L▄нлMнMлMM▄▄L▄▌лMнлMM▄▄L▄█клMнклMM▄B≥┬▄L▄нKлMнMKлMM▄H▄L█лMнM▀лMM▄H▄L▄нлMнMлMM▄H▄L▄мклMнLклMM▄HB≥┬▄L▄мклMнLклMM▄┬▄L▄█клMнклMM▄┬▄L▄▌KлMнKлMM▄┬▄L█KлMнMклMM▄┬B≥┬▄L▄нKлMнMKлMM▄х▄L▄мклMнLклMM▄х▄L█KлMнMклMM▄х▄L█▀лMнNлMM▄хB≥┬▄L█KлMнMклMM█▄L▄▌KлMнKлMM█▄L▄ллMн▀лMM█▄L█клMнNKлMM█B≥┬▄L█▀лMнNлMM█H▄L█KлMнMклMM█H▄L█клMнNKлMM█H▄L█лMнLлMM█HB≥┬▄L█клMнNKлMM█┬▄L▄ллMн▀лMM█┬▄L▄лKлMнклMM█┬▄L█KлMнLKлMM█┬B≥┬▄L█лMнLлMM█х▄L█клMнNKлMM█х▄L█KлMнLKлMM█х▄L█▀лMнL▀лMM█хB≥┬▄L█KлMнLKлMM▌▄L▄лKлMнклMM▌▄L▄л▀лMнлMM▌▄L█клMнLклMM▌B≥┬▄L█▀лMнL▀лMM▌H▄L█KлMнLKлMM▌H▄L█клMнLклMM▌H▄L█лMнLлMM▌HB≥┬▄L█KлMнLKлMMл▄L█LлMнL▀лMMл▄L▄млMнLлMMл▄L▄лклMнKлMMлB≥┬▄L█LKлMнLклMMлH▄L█L▀лMнLлMMлH▄L█LлMнL▀лMMлH▄L█KлMнLKлMMлHB≥┬▄L█▀лMнL▀лMMл┬▄L█лMнLлMMл┬▄L█LклMнLKлMMл┬▄L█MлMнLLлMMл┬B≥┬▄L█лMнLлMMл┬▄L█MKлMнLLKлMMл┬▄L█M▀лMнLL▀лMMл┬▄L█LклMнLKлMMл┬B≥┬▄L█M▀лMнLL▀лMMл┬▄L█MклMнLLклMMл┬▄L█NлMнLMлMMл┬▄L█NKлMнLMKлMMл┬B≥┬▄L█▄лMнLM▀лMMл┬▄L█▄KлMнLMклMMл┬▄L█MлMнLLлMMл┬▄L█LклMнLKлMMл┬B≥┬▄L█▄лMнLM▀лMMл┬▄L█▄▀лMнLNлMMл┬▄L█▄клMнLNKлMMл┬▄L█▄KлMнLMклMMл┬B≥┬▄L██лMнL▄лMMлх▄L██KлMнL▄KлMMлх▄L██▀лMнL▄▀лMMлх▄L█▄▀лMнLNлMMлхB≥┬▄L█▄KлMнLMклMMл┬▄L▄нKлMнMKлMMл┬▄L█▀лMнNлMMл┬▄L█MлMнLLлMMл┬B≥┬▄L█MлMнLLлMMл┬▄L█▀лMнNлMMл┬▄L█лMнLлMMл┬▄L█▀лMнL▀лMMл┬B≥┬▄L██клMнL▄клMMм▄L▄мKлMнLKлMMм▄L▄█▀лMн▀лMMм▄L▄█KлMнKлMMмB≥┬▄L▄л▀лMнлMMмH▄L▄█лMнлMMмH▄L▄█▀лMн▀лMMмH▄L█▌лMнL█лMMмHB≥┬▄L█клMнLклMMм┬▄L▄л▀лMнлMMм┬▄L█▌лMнL█лMMм┬▄L█▌KлMнL█KлMMм┬B≥┬▄L█лMнLлMMмх▄L█клMнLклMMмх▄L█▌KлMнL█KлMMмх▄L█MKлMнLLKлMMмхB≥┬▄L█L▀лMнLлMMл┬▄L█MклMнLLклMMл┬▄L█M▀лMнLL▀лMMл┬▄L█MKлMнLLKлMMл┬B≥┬▄L█▄лMнLM▀лMMл┬▄L█LклMнLKлMMл┬▄L█M▀лMнLL▀лMMл┬▄L█NKлMнLMKлMMл┬B≥┬▄L█NлMнLMлMMн▄L█ллMнL█▀лMMн▄L██лMнL▄лMMн▄L█NKлMнLMKлMMнB≥┬▄L▄MKлMнлKлMM▄L▄NлMнмлMM▄L▄LKлMн█клMM▄L▄MлMнллMMB≥┬▄L█лKлMнL█клMMнH▄L█л▀лMнL▌лMMнH▄L▄нлMнMлMMнH▄L█лMнM▀лMMнHB≥┬▄L██▀лMнL▄▀лMMл┬▄L█лклMнL▌KлMMл┬▄L█▄клMнLNKлMMл┬▄L█▄▀лMнLNлMMл┬B≥┬▄L█▄лMнLM▀лMN▄L█NKлMнLMKлMN▄L██лMнL▄лMN▄L█▄▀лMнLNлMNB≥┬▄L▄нKлMнMKлMMн▄L█▄KлMнLMклMMн▄L█▄клMнLNKлMMн▄L█лMнM▀лMMнB≥┬▄L█млMнLллMNH▄L█мKлMнLлKлMNH▄L█м▀лMнLл▀лMNH▄L█мклMнLлклMNHB≥┬▄L█мклMнLлклMN┬▄L█м▀лMнLл▀лMN┬▄L█нлMнLмлMN┬▄L█нKлMнLмKлMN┬B≥┬▄L█нKлMнLмKлMNх▄L█нлMнLмлMNх▄L▌лMнLм▀лMNх▄L▌KлMнLмклMNхB≥┬▄L▌KлMнLмклMN▄L▌лMнLм▀лMN▄L▌▀лMнLнлMN▄L▌клMнLнKлMNB≥┬▄L▌лMнMлMMм▄L▌клMнLнKлMMм▄L▌▀лMнLнлMMм▄L▄м▀лMнL▀лMMмB≥┬▄L▌KлMнMKлMNH▄L█мKлMнLлKлMNH▄L▌▀лMнM▀лMNH▄L▌клMнMклMNHB≥┬▄L▌KлMнMKлMN┬▄L▌лMнMлMN┬▄L█м▀лMнLл▀лMN┬▄L█мKлMнLлKлMN┬B≥┬▄L▌лMнMлMNх▄L▌KлMнMKлMNх▄L█нлMнLмлMNх▄L█м▀лMнLл▀лMNхB≥┬▄L▌KлMнMKлMN▄L▌LлMнM▀лMN▄L▌лMнLм▀лMN▄L█нлMнLмлMNB≥┬▄L▌LлMнM▀лMNH▄L▌LKлMнMклMNH▄L▌▀лMнLнлMNH▄L▌лMнLм▀лMNHB≥┬▄L▌L▀лMнMлMNL▄L▌KлMнMKлMNL▄L▌клMнMклMNL▄L▌LклMнMKлMNLB≥┬▄L▌MлMнMLлMNLH▄L▌L▀лMнMлMNLH▄L▌LклMнMKлMNLH▄L▌MKлMнMLKлMNLHB≥┬▄L▌L▀лMнMлMNL┬▄L▌M▀лMнML▀лMNL┬▄L▌лMнMлMNL┬▄L▌KлMнMKлMNL┬B≥┬▄L▌MлMнMLлMNLх▄L▌MклMнMLклMNLх▄L▌M▀лMнML▀лMNLх▄L▌L▀лMнMлMNLхB≥┬▄L▌M▀лMнML▀лMNM▄L▌NлMнMMлMNM▄L▌KлMнMKлMNM▄L▌лMнMлMNMB≥┬▄L▌MклMнMLклMNMH▄L▌NKлMнMMKлMNMH▄L▌NлMнMMлMNMH▄L▌M▀лMнML▀лMNMHB≥┬▄L▌NлMнMMлMNM┬▄LллMнMM▀лMNM┬▄L▌LлMнM▀лMNM┬▄L▌KлMнMKлMNM┬B≥┬▄L▌NKлMнMMKлMNMх▄LлKлMнMMклMNMх▄LллMнMM▀лMNMх▄L▌NлMнMMлMNMхB≥┬▄LллMнMM▀лMNN▄Lл▀лMнMNлMNN▄L▌LKлMнMклMNN▄L▌LлMнM▀лMNNB≥┬▄LлKлMнMMклMлMH▄LлклMнMNKлMлMH▄Lл▀лMнMNлMлMH▄LллMнMM▀лMлMHB≥┬▄LлKлMнMMклMMлх▄LллMнM▄лMMлх▄LлKлMнM▄KлMMлх▄LлклMнMNKлMMлхB≥┬▄LлклMнMNKлMMл┬▄LлKлMнM▄KлMMл┬▄Lл▀лMнM▄▀лMMл┬▄L█LKлMнLклMMл┬B≥┬▄LлклMнM▄клMMл┬▄LлKлMнM▄KлMMл┬▄LллMнM▄лMMл┬▄LллMнM█лMMл┬B≥┬▄LлклMнM▄клMMл┬▄LллMнM█лMMл┬▄LлKлMнM█KлMMл┬▄LлLлMнM█▀лMMл┬B≥┬▄LлLKлMнM█клMMл┬▄LлL▀лMнM▌лMMл┬▄LлLклMнM▌KлMMл┬▄LлMлMнMллMMл┬B≥┬▄L▌MKлMнMLKлMMлх▄LлMKлMнMлKлMMлх▄LлM▀лMнMл▀лMMлх▄LлKлMнM█KлMMлхB≥┬▄LллMнM█лMMл┬▄LллMнM▄лMMл┬▄L▌MклMнMLклMMл┬▄L▌MлMнMLлMMл┬B≥┬▄LллMнM▄лMMлх▄LлKлMнMMклMMлх▄L▌NKлMнMMKлMMлх▄L▌MклMнMLклMMлхB≥┬▄L▌LKлMнMклMMNH▄L▄лклMнKлMMNH▄L▄м▀лMнL▀лMMNH▄L▌▀лMнLнлMMNHB≥┬▄Lл▀лMнMNлMMл▄L█KлMнLKлMMл▄L▄лклMнKлMMл▄L▌LKлMнMклMMлB≥┬▄LлклMнMNKлMMлH▄L█LKлMнLклMMлH▄L█KлMнLKлMMлH▄Lл▀лMнMNлMMлHB≥┬▄LлклMнM▄клMMл┬▄LлMклMнMлклMMл┬▄Lл▀лMнM▄▀лMMл┬▄LлKлMнM▄KлMMл┬B≥┬▄L█млMнLллM▄▄LлNлMнMмлM▄▄L▌▀лMнM▀лM▄▄L█мKлMнLлKлM▄B≥┬▄L▌▀лMнM▀лMNH▄LлNKлMнMмKлMNH▄Lл▄лMнMм▀лMNH▄L▌клMнMклMNHB≥┬▄L▌LклMнMKлM▄H▄Lл▄KлMнMмклM▄H▄LлMKлMнMлKлM▄H▄L▌MKлMнMLKлM▄HB≥┬▄LлKлMнM█KлMMл┬▄LлM▀лMнMл▀лMMл┬▄LлLклMнM▌KлMMл┬▄LлLлMнM█▀лMMл┬B≥┬▄LлклMнM▄клMMн▄LлLлMнM█▀лMMн▄Lл▄▀лMнMнлMMн▄LлMклMнMлклMMнB≥┬▄L▌MлMнMLлMN▄L▌MKлMнMLKлMN▄LлKлMнM█KлMN▄LллMнM█лMNB≥┬▄Lл▄клMнMнKлM▄┬▄Lл█лMнNлM▄┬▄Lл█KлMнNKлM▄┬▄Lл█▀лMнN▀лM▄┬B≥┬▄Lл█▀лMнN▀лM▄х▄Lл█KлMнNKлM▄х▄Lл█клMнNклM▄х▄Lл▌лMнNлM▄хB≥┬▄Lл▌лMнNлM▌Lх▄Lл█клMнNклM▌Lх▄Lл▌KлMнNKлM▌Lх▄LлллMнN▀лM▌LхB≥┬▄LлллMнN▀лM▌M▄Lл▌KлMнNKлM▌M▄LллKлMнNклM▌M▄Lлл▀лMнNлM▌MB≥┬▄LллклMнNKлM▄┬▄Lлл▀лMнNлM▄┬▄LллKлMнNклM▄┬▄LлмлMнNLлM▄┬B≥┬▄LлмKлMнNLKлM▄х▄Lл█лMнNлM▄х▄Lлм▀лMнNL▀лM▄х▄LлмклMнNLклM▄хB≥┬▄LлмKлMнNLKлM▄▄LлнлMнNMлM▄▄Lл█KлMнNKлM▄▄Lл█лMнNлM▄B≥┬▄LлнлMнNMлM▄H▄LлнKлMнNMKлM▄H▄Lл█клMнNклM▄H▄Lл█KлMнNKлM▄HB≥┬▄LлнKлMнNMKлM▄L▄LмлMнNM▀лM▄L▄Lл▌KлMнNKлM▄L▄Lл█клMнNклM▄LB≥┬▄LмлMнNM▀лM▄LH▄LмKлMнNMклM▄LH▄LллKлMнNклM▄LH▄Lл▌KлMнNKлM▄LHB≥┬▄Lм▀лMнNNлM▄L┬▄LмклMнNNKлM▄L┬▄LмлNлM▄L┬▄LлмлMнNLлM▄L┬B≥┬▄LмKлNKлM▄Lх▄LлмKлMнNLKлM▄Lх▄LлмклMнNLклM▄Lх▄Lм▀лN▀лM▄LхB≥┬▄LмклNклMMнH▄LмKлNKлMMнH▄Lм▀лN▀лMMнH▄LмлNлMMнHB≥┬▄LмKлNKлMл▄▄LмKлNKлMл▄▄LлнлMнNMлMл▄▄LлмKлMнNLKлMл▄B≥┬▄LмклNклM▄MH▄LмLлN▀лM▄MH▄LмKлNKлM▄MH▄LмKлNKлM▄MHB≥┬▄LмKлNKлM▄M┬▄LмLKлNклM▄M┬▄LлнKлMнNMKлM▄M┬▄LлнлMнNMлM▄M┬B≥┬▄LмLлN▀лM▄Mх▄LмL▀лNлM▄Mх▄LмLKлNклM▄Mх▄LмKлNKлM▄MхB≥┬▄LмLKлNклMл▄H▄LмLклNKлMл▄H▄LмлMнNM▀лMл▄H▄LлнKлMнNMKлMл▄HB≥┬▄LмL▀лNлM▄NH▄LмMлNLлM▄NH▄LмLклNKлM▄NH▄LмLKлNклM▄NHB≥┬▄LмLклNKлM▄▄▄LмMKлNLKлM▄▄▄LмKлMнNMклM▄▄▄LмлMнNM▀лM▄▄B≥┬▄LмMлNLлMл┬▄LмM▀лNL▀лMл┬▄LмMKлNLKлMл┬▄LмLклNKлMл┬B≥┬▄LмMклNLклM▄▄┬▄LмNлNMлM▄▄┬▄LмклMнNNKлM▄▄┬▄Lм▀лMнNNлM▄▄┬B≥┬▄LмNKлNMKлM▄▄х▄Lм▄лNM▀лM▄▄х▄LмNлNMлM▄▄х▄LмMклNLклM▄▄хB≥┬▄LмMлNLлMMл┬▄Lм▄KлNMклMMл┬▄Lм▄▀лNNлMMл┬▄LмM▀лNL▀лMMл┬B≥┬▄LмM▀лNL▀лMMл┬▄Lм▄▀лNNлMMл┬▄Lм▄клNNKлMMл┬▄LмNKлNMKлMMл┬B≥┬▄Lм█лN▄лMMн▄Lм█KлN▄KлMMн▄Lм█▀лN▄▀лMMн▄Lм█клN▄клMMнB≥┬▄Lм▌лN█лMMн▄Lм▄▀лNNлMMн▄Lм▄KлNMклMMн▄Lм▌KлN█KлMMнB≥┬▄Lм▌лN█лMMл┬▄Lм▌KлN█KлMMл┬▄LмллN█▀лMMл┬▄LмлKлN█клMMл┬B≥┬▄LмлNлMMл┬▄L█лKлMнL█клMMл┬▄L█лклMнL▌KлMMл┬▄LмллN█▀лMMл┬B≥┬▄Lм▌KлN█KлMMн▄Lм▄KлNMклMMн▄LмLлN▀лMMн▄LмклNклMMнB≥┬▄Lм▄KлNMклMMл┬▄LмMлNLлMMл┬▄LмL▀лNлMMл┬▄LмLлN▀лMMл┬B≥┬▄LлмлMнNLлM▄█▄LмлNлM▄█▄Lмл▀лN▌лM▄█▄LллклMнNKлM▄█B≥┬▄LмKлMнNMклM▄█H▄Lм▀лMнNNлM▄█H▄LлмлMнNLлM▄█H▄LллKлMнNклM▄█HB≥┬▄LмMKлNLKлM▄█┬▄LмMклNLклM▄█┬▄Lм▀лMнNNлM▄█┬▄LмKлMнNMклM▄█┬B≥┬▄LмM▀лNL▀лM▄█х▄LмNKлNMKлM▄█х▄LмMклNLклM▄█х▄LмMKлNLKлM▄█хB≥┬▄Lм▄клNNKлMMл┬▄Lм█KлN▄KлMMл┬▄Lм▄лNM▀лMMл┬▄LмNKлNMKлMMл┬B≥┬▄Lм▌лN█лMMн▄LмлклN▌KлMMн▄Lм▄клNNKлMMн▄Lм▄▀лNNлMMнB≥┬▄LммлNллMMл┬▄LммKлNлKлMMл┬▄Lм█▀лN▄▀лMMл┬▄LмлклN▌KлMMл┬B≥┬▄Lл▄клMнMнKлM▄▌▄Lмм▀лNл▀лM▄▌▄Lлм▀лMнNL▀лM▄▌▄Lл█лMнNлM▄▌B≥┬▄Lлм▀лMнNL▀лM▄х▄L▄L▀лMн▌лM▄х▄LммклNлклM▄х▄LлмклMнNLклM▄хB≥┬▄LлмклMнNLклM▄Lх▄LммклNлклM▄Lх▄L█л▀лMнL▌лM▄Lх▄Lм▀лN▀лM▄LхB≥┬▄Lм▌лN█лMMлх▄LмлKлN█клMMлх▄LммлNллMMлх▄LмлклN▌KлMMлхB≥┬▄LмклNклMMл┬▄LмлNлMMл┬▄LмллN█▀лMMл┬▄Lм▌KлN█KлMMл┬B≥┬▄LмнлNмлM▄▌H▄LлNKлMнMмKлM▄▌H▄LмнKлNмKлM▄▌H▄LнлNм▀лM▄▌HB≥┬▄LнKлNмклM▄л▄Lн▀лNнлM▄л▄LнклNнKлM▄л▄LнлNлM▄лB≥┬▄Lн▀лNнлM▄лH▄LнKлNKлM▄лH▄Lн▀лN▀лM▄лH▄LнклNнKлM▄лHB≥┬▄LнKлNKлMл┬▄LнклNклMл┬▄LнлNлMл┬▄Lн▀лN▀лMл┬B≥┬▄LнклNклM▄лх▄LнKлNKлM▄лх▄LнLлN▀лM▄лх▄LнлNлM▄лхB≥┬▄LнLKлNклM▄█▄LнL▀лNлM▄█▄LнLлN▀лM▄█▄LнKлNKлM▄█B≥┬▄LнLклNKлM▄м▄LнMлNLлM▄м▄LмнлNмлM▄м▄LнлNлM▄мB≥┬▄LнLклNKлM▄мH▄LнлNлM▄мH▄LнклNнKлM▄мH▄LнMKлNLKлM▄мHB≥┬▄LнMKлNLKлM▄м┬▄LнклNнKлM▄м┬▄Lн▀лN▀лM▄м┬▄LнM▀лNL▀лM▄м┬B≥┬▄LнM▀лNL▀лM▄мх▄Lн▀лN▀лM▄мх▄LнлNлM▄мх▄LнMклNLклM▄мхB≥┬▄LнMклNLклM▄н▄LнлNлM▄н▄LнLлN▀лM▄н▄LнNлNMлM▄нB≥┬▄LнNKлNMKлM▄нH▄MлNM▀лM▄нH▄LнMлNLлM▄нH▄LнLклNKлM▄нHB≥┬▄MKлNMклM▄H▄M▀лNNлM▄H▄MлNM▀лM▄H▄LнNKлNMKлM▄HB≥┬▄LнNKлNMKлM█▄LнLклNKлM█▄LнMKлNLKлM█▄MклNNKлM█B≥┬▄MKлNMклM█H▄LнNKлNMKлM█H▄MклNNKлM█H▄MлN▄лM█HB≥┬▄MклNNKлM█┬▄LнMKлNLKлM█┬▄LнM▀лNL▀лM█┬▄MKлN▄KлM█┬B≥┬▄MлN▄лM█х▄MклNNKлM█х▄MKлN▄KлM█х▄M▀лN▄▀лM█хB≥┬▄MKлN▄KлM█▄LнM▀лNL▀лM█▄LнMклNLклM█▄MклN▄клM█B≥┬▄M▀лN▄▀лM█H▄MKлN▄KлM█H▄MклN▄клM█H▄MлN█лM█HB≥┬▄MклN▄клM█┬▄LнMклNLклM█┬▄LнNлNMлM█┬▄MKлN█KлM█┬B≥┬▄MлN█лMлM▄MклN▄клMлM▄MKлN█KлMлM▄MLлN█▀лMлMB≥┬▄MлN█лMMл┬▄MLлN█▀лMMл┬▄MLKлN█клMMл┬▄ML▀лN▌лMMл┬B≥┬▄MLлN█▀лMMл┬▄MLклN▌KлMMл┬▄Lм█лN▄лMMл┬▄MLKлN█клMMл┬B≥┬▄MMлNллMMн▄MMKлNлKлMMн▄ML▀лN▌лMMн▄MLKлN█клMMнB≥┬▄MMлNллMMл┬▄LлMлMнMллMMл┬▄MM▀лNл▀лMMл┬▄MMKлNлKлMMл┬B≥┬▄MMKлNлKлMMн▄MKлNMклMMн▄MлN▄лMMн▄ML▀лN▌лMMнB≥┬▄ML▀лN▌лMMл┬▄MлN▄лMMл┬▄M▀лN▄▀лMMл┬▄MлN█лMMл┬B≥┬▄LнNлNMлM▄L┬▄LнLлN▀лM▄L┬▄LнL▀лNлM▄L┬▄MMклNлклM▄L┬B≥┬▄MKлN█KлM▄▄┬▄LнNлNMлM▄▄┬▄MMклNлклM▄▄┬▄MNлNмлM▄▄┬B≥┬▄MLлN█▀лM▄▄х▄MKлN█KлM▄▄х▄MNлNмлM▄▄х▄MLклN▌KлM▄▄хB≥┬▄MMлNллMMн▄MLKлN█клMMн▄Lм█лN▄лMMн▄Lм█клN▄клMMнB≥┬▄LнKлNмклM▄▌H▄LнлNлM▄▌H▄LмнлNмлM▄▌H▄LнлNм▀лM▄▌HB≥┬▄Lл▄KлMнMмклM▄нH▄Lл▄лMнMм▀лM▄нH▄LнMлNLлM▄нH▄MлNM▀лM▄нHB≥┬▄MMлNллMMл┬▄Lм█клN▄клMMл┬▄LлLKлMнM█клMMл┬▄LлMлMнMллMMл┬B≥┬▄MKлNMклMMлх▄MMKлNлKлMMлх▄MM▀лNл▀лMMлх▄M▀лNNлMMлхB≥┬▄L██KлMнL▄KлMMл┬▄MNKлNмKлMMл┬▄LммKлNлKлMMл┬▄LммлNллMMл┬B≥┬▄L█▌лMнL█лMMNH▄L▄█▀лMн▀лMMNH▄L▄мKлMнLKлMMNH▄L▄млMнLлMMNHB≥┬▄L█▌KлMнL█KлMMл▄L█▌лMнL█лMMл▄L▄млMнLлMMл▄L█LлMнL▀лMMлB≥┬▄L█MKлMнLLKлMMлH▄L█▌KлMнL█KлMMлH▄L█LлMнL▀лMMлH▄L█L▀лMнLлMMлHB≥┬▄Lл▀лMнM▄▀лMMл┬▄LлMклMнMлклMMл┬▄L█NлMнLMлMMл┬▄L█MклMнLLклMMл┬B≥┬▄L▌лMнMлMMм▄L▄м▀лMнL▀лMMм▄L▄мKлMнLKлMMм▄L██клMнL▄клMMмB≥┬▄L█LKлMнLклMMл┬▄Lл▀лMнM▄▀лMMл┬▄L█MклMнLLклMMл┬▄L█L▀лMнLлMMл┬B≥┬▄LлMклMнMлклMMн▄Lл▄▀лMнMнлMMн▄L█ллMнL█▀лMMн▄L█NлMнLMлMMнB≥┬▄MMклNлклM▄L┬▄LнL▀лNлM▄L┬▄LмлNлM▄L┬▄LмклMнNNKлM▄L┬B≥┬▄MNлNмлM▄▄┬▄MMклNлклM▄▄┬▄LмклMнNNKлM▄▄┬▄LмNлNMлM▄▄┬B≥┬▄MLклN▌KлM▄▄х▄MNлNмлM▄▄х▄LмNлNMлM▄▄х▄Lм▄лNM▀лM▄▄хB≥┬▄Lм▄клNNKлMMн▄LмлклN▌KлMMн▄Lм█▀лN▄▀лMMн▄Lм█KлN▄KлMMнB≥┬▄LнL▀лNлM▄█▄LнLKлNклM▄█▄Lмл▀лN▌лM▄█▄LмлNлM▄█B≥┬▄Lм█лN▄лMMл┬▄MLклN▌KлMMл┬▄Lм▄лNM▀лMMл┬▄Lм█KлN▄KлMMл┬B≥┬▄LлLKлMнM█клMMл┬▄Lм█клN▄клMMл┬▄Lм█▀лN▄▀лMMл┬▄LммKлNлKлMMл┬B≥┬▄Lл▄▀лMнMнлMMл┬▄LлL▀лMнM▌лMMл┬▄MNKлNмKлMMл┬▄L█ллMнL█▀лMMл┬B≥┬▄Lлм▀лMнNL▀лM▄▌▄Lмм▀лNл▀лM▄▌▄L▄LклMн▌KлM▄▌▄L▄L▀лMн▌лM▄▌B≥┬▄LммлNллMMлх▄LмлKлN█клMMлх▄L██▀лMнL▄▀лMMлх▄L██KлMнL▄KлMMлхB≥┬▄LмлNлMMнH▄Lм▀лN▀лMMнH▄L█л▀лMнL▌лMMнH▄L█лKлMнL█клMMнHB≥┬▄LмлKлN█клMMл┬▄LмллN█▀лMMл┬▄L█лклMнL▌KлMMл┬▄L██▀лMнL▄▀лMMл┬B≥┬▄Lл▄▀лMнMнлMMл┬▄LлLлMнM█▀лMMл┬▄LлLклMнM▌KлMMл┬▄LлL▀лMнM▌лMMл┬B≥┬▄M▀лNNлMMлх▄MM▀лNл▀лMMлх▄LлM▀лMнMл▀лMMлх▄LлMKлMнMлKлMMлхB≥┬▄LмнлNмлM▄м▄LнMлNLлM▄м▄Lл▄лMнMм▀лM▄м▄LлNKлMнMмKлM▄мB≥┬▄MлNM▀лM▄H▄M▀лNNлM▄H▄LлMKлMнMлKлM▄H▄Lл▄KлMнMмклM▄HB≥┬▄MM▀лNл▀лMMл┬▄LлMлMнMллMMл┬▄LлLклMнM▌KлMMл┬▄LлM▀лMнMл▀лMMл┬B≥┬▄L█лMнM▀лMMл┬▄L█▄клMнLNKлMMл┬▄L█лклMнL▌KлMMл┬▄L█лKлMнL█клMMл┬B≥┬▄L▄LKлMн█клMMM▄L▄▌лMнлMMM▄LммклNлклMMM▄L▄L▀лMн▌лMMMB≥┬▄L▄▌лMнлM▄Lх▄L▄нлMнMлM▄Lх▄L█л▀лMнL▌лM▄Lх▄LммклNлклM▄LхB≥┬▄L▌▀лMнM▀лM▄▄LлNлMнMмлM▄▄LмнKлNмKлM▄▄LлNKлMнMмKлM▄B≥┬▄L▌LклMнMKлM▄нH▄L▌клMнMклM▄нH▄Lл▄лMнMм▀лM▄нH▄Lл▄KлMнMмклM▄нHB≥┬▄L██лMнL▄лMMл┬▄L█ллMнL█▀лMMл┬▄MNKлNмKлMMл┬▄L██KлMнL▄KлMMл┬B≥┬▄LлLKлMнM█клMMл┬▄LммKлNлKлMMл┬▄MNKлNмKлMMл┬▄LлL▀лMнM▌лMMл┬B≥┬▄M▄лNм▀лMM▄M▄KлNмклMM▄M▄▀лNнлMM▄M▄клNнKлMMB≥┬▄M█лNлMMH▄M█KлNKлMMH▄M█▀лN▀лMMH▄M█клNклMMHB≥┬▄M█KлNKлMML▄M▌лNлMML▄M▌KлNKлMML▄M█▀лN▀лMMLB≥┬▄M▌лNлMMLH▄MллN▀лMMLH▄MлKлNклMMLH▄M▌KлNKлMMLHB≥┬▄MллN▀лM█▌H▄Mл▀лNлM█▌H▄MлклNKлM█▌H▄MлKлNклM█▌HB≥┬▄MмлNLлMMLх▄MмKлNLKлMMLх▄MлклNKлMMLх▄Mл▀лNлMMLхB≥┬▄Mм▀лNL▀лMMM▄MмклNLклMMM▄M▄лNм▀лMMM▄M█клNклMMMB≥┬▄Mм▀лNL▀лMMMH▄M█клNклMMMH▄M█▀лN▀лMMMH▄MнлNMлMMMHB≥┬▄MнлNMлMMM┬▄M█▀лN▀лMMM┬▄M▌KлNKлMMM┬▄MнKлNMKлMMM┬B≥┬▄MнKлNMKлMMMх▄M▌KлNKлMMMх▄MлKлNклMMMх▄MлNM▀лMMMхB≥┬▄MлNM▀лMMN▄MлKлNклMMN▄MлклNKлMMN▄MKлNMклMMNB≥┬▄M▀лNNлMMNH▄MклNNKлMMNH▄MлNLлMMNH▄MKлNLKлMMNHB≥┬▄M▀лNL▀лMM▄▄MклNLклMM▄▄MмклNLклMM▄▄Mм▀лNL▀лMM▄B≥┬▄MлNLлMM▄H▄MKлNLKлMM▄H▄MклNLклMM▄H▄M▀лNL▀лMM▄HB≥┬▄M▀лNL▀лMM▄┬▄Mм▀лNL▀лMM▄┬▄MнлNMлMM▄┬▄MLлNL▀лMM▄┬B≥┬▄MлNLлMM▄х▄M▀лNL▀лMM▄х▄MLлNL▀лMM▄х▄MLKлNLклMM▄хB≥┬▄MLлNL▀лMM█▄MнлNMлMM█▄MнKлNMKлMM█▄ML▀лNLлMM█B≥┬▄MLKлNLклMM█H▄MLлNL▀лMM█H▄ML▀лNLлMM█H▄MLклNLKлMM█HB≥┬▄ML▀лNLлMM█┬▄MнKлNMKлMM█┬▄MлNM▀лMM█┬▄MMлNLLлMM█┬B≥┬▄MLклNLKлMM█х▄ML▀лNLлMM█х▄MMлNLLлMM█х▄MMKлNLLKлMM█хB≥┬▄MMлNLLлMM▌▄MлNM▀лMM▌▄MKлNMклMM▌▄MM▀лNLL▀лMM▌B≥┬▄MMKлNLLKлMM▌H▄MMлNLLлMM▌H▄MM▀лNLL▀лMM▌H▄MMклNLLклMM▌HB≥┬▄MNлNLMлMMл▄MNKлNLMKлMMл▄MклNNKлMMл▄M▀лNNлMMлB≥┬▄M▄лNLM▀лMMлH▄M▄KлNLMклMMлH▄MNKлNLMKлMMлH▄MNлNLMлMMлHB≥┬▄MMKлNLLKлMMл┬▄MMклNLLклMMл┬▄M▄▀лNLNлMMл┬▄M▄клNLNKлMMл┬B≥┬▄MMклNLLклMMл┬▄M█лNL▄лMMл┬▄M█KлNL▄KлMMл┬▄M▄▀лNLNлMMл┬B≥┬▄M█KлNL▄KлMMл┬▄M█▀лNL▄▀лMMл┬▄M█клNL▄клMMл┬▄M▌лNL█лMMл┬B≥┬▄M▌KлNL█KлMMл┬▄MллNL█▀лMMл┬▄M▄клNLNKлMMл┬▄M▄▀лNLNлMMл┬B≥┬▄M▌KлNL█KлMMл┬▄MлKлNL█клMMл┬▄Mл▀лNL▌лMMл┬▄MллNL█▀лMMл┬B≥┬▄MлклNL▌KлMMлх▄MмлNLллMMлх▄MмKлNLлKлMMлх▄MлKлNL█клMMлхB≥┬▄MллNL█▀лMMл┬▄MлNLлMMл┬▄MLKлNLклMMл┬▄M▄клNLNKлMMл┬B≥┬▄M▄клNLNKлMMл┬▄MLKлNLклMMл┬▄MLклNLKлMMл┬▄MMKлNLLKлMMл┬B≥┬▄Mм▀лNLл▀лMMм▄MлNLлMMм▄MмKлNLKлMMм▄MмлNLлMMмB≥┬▄MKлNMклMMмH▄MлклNKлMMмH▄MмKлNLKлMMмH▄MмклNLлклMMмHB≥┬▄MM▀лNLL▀лMMм┬▄MKлNMклMMм┬▄MмклNLлклMMм┬▄MнлNLмлMMм┬B≥┬▄MMклNLLклMMмх▄MM▀лNLL▀лMMмх▄MнлNLмлMMмх▄M█лNL▄лMMмхB≥┬▄M▄KлNLMклMMл┬▄M█▀лNL▄▀лMMл┬▄M█KлNL▄KлMMл┬▄M█лNL▄лMMл┬B≥┬▄M▌KлNL█KлMMл┬▄M▄▀лNLNлMMл┬▄M█KлNL▄KлMMл┬▄M▌лNL█лMMл┬B≥┬▄M█клNL▄клMMн▄MнKлNLмKлMMн▄MлклNL▌KлMMн▄M▌лNL█лMMнB≥┬▄M█лNлMM▄M█клNклMM▄M▄лNм▀лMM▄M▄клNнKлMMB≥┬▄MлNLм▀лMMнH▄MKлNLмклMMнH▄MклNLклMMнH▄MKлNLKлMMнHB≥┬▄MмKлNLлKлMMл┬▄M▀лNLнлMMл┬▄Mл▀лNL▌лMMл┬▄MлKлNL█клMMл┬B≥┬▄M▌KлNL█KлMN▄M▌лNL█лMN▄MлклNL▌KлMN▄MлKлNL█клMNB≥┬▄MлNLлMMн▄MллNL█▀лMMн▄Mл▀лNL▌лMMн▄MKлNLKлMMнB≥┬▄MклNLнKлMNH▄MлNMлMNH▄MKлNMKлMNH▄M▀лNM▀лMNHB≥┬▄M▀лNM▀лMN┬▄MKлNMKлMN┬▄MклNMклMN┬▄MлNMлMN┬B≥┬▄MлNMлMNх▄MклNMклMNх▄MKлNMKлMNх▄MLлNM▀лMNхB≥┬▄MLлNM▀лMN▄MKлNMKлMN▄MLKлNMклMN▄ML▀лNMлMNB≥┬▄MLклNMKлMMм▄ML▀лNMлMMм▄MLKлNMклMMм▄MKлNLKлMMмB≥┬▄MMлNMLлMNH▄MлNMлMNH▄MMKлNMLKлMNH▄MM▀лNML▀лMNHB≥┬▄MMлNMLлMN┬▄MMклNMLклMN┬▄MKлNMKлMN┬▄MлNMлMN┬B≥┬▄MMклNMLклMNх▄MNлNMMлMNх▄MклNMклMNх▄MKлNMKлMNхB≥┬▄MNлNMMлMN▄MNKлNMMKлMN▄MKлNMKлMN▄MклNMклMNB≥┬▄MNKлNMMKлMNH▄MLлNMM▀лMNH▄MLKлNMклMNH▄MKлNMKлMNHB≥┬▄MLKлNMMклMNL▄MMлNMLлMNL▄MM▀лNML▀лMNL▄ML▀лNMNлMNLB≥┬▄MLклNMNKлMNLH▄MLKлNMMклMNLH▄ML▀лNMNлMNLH▄MLлNM▄лMNLHB≥┬▄MLKлNMMклMNL┬▄MLKлNM▄KлMNL┬▄MMклNMLклMNL┬▄MMлNMLлMNL┬B≥┬▄MLклNMNKлMNLх▄ML▀лNM▄▀лMNLх▄MLKлNM▄KлMNLх▄MLKлNMMклMNLхB≥┬▄MLKлNM▄KлMNM▄MLклNM▄клMNM▄MNлNMMлMNM▄MMклNMLклMNMB≥┬▄ML▀лNM▄▀лMNMH▄MLлNM█лMNMH▄MLклNM▄клMNMH▄MLKлNM▄KлMNMHB≥┬▄MLклNM▄клMNM┬▄MLKлNM█KлMNM┬▄MNKлNMMKлMNM┬▄MNлNMMлMNM┬B≥┬▄MLлNM█лMNMх▄MLLлNM█▀лMNMх▄MLKлNM█KлMNMх▄MLклNM▄клMNMхB≥┬▄MLKлNM█KлMNN▄MLLKлNM█клMNN▄MLлNMM▀лMNN▄MNKлNMMKлMNNB≥┬▄MLLлNM█▀лMлMH▄MLL▀лNM▌лMлMH▄MLLKлNM█клMлMH▄MLKлNM█KлMлMHB≥┬▄MLLлNM█▀лMMлх▄MLLклNM▌KлMMлх▄MLMлNMллMMлх▄MLL▀лNM▌лMMлхB≥┬▄MLL▀лNM▌лMMл┬▄MLMлNMллMMл┬▄MLMKлNMлKлMMл┬▄M▄лNLM▀лMMл┬B≥┬▄MLM▀лNMл▀лMMл┬▄MLMлNMллMMл┬▄MLLклNM▌KлMMл┬▄MLMклNMлклMMл┬B≥┬▄MLM▀лNMл▀лMMл┬▄MLMклNMлклMMл┬▄MLNлNMмлMMл┬▄MLNKлNMмKлMMл┬B≥┬▄ML▄лNMм▀лMMл┬▄ML▄KлNMмклMMл┬▄ML▄▀лNMнлMMл┬▄ML▄клNMнKлMMл┬B≥┬▄MLлNM▄лMMлх▄ML█лNNлMMлх▄ML█KлNNKлMMлх▄MLNлNMмлMMлхB≥┬▄MLMклNMлклMMл┬▄MLLклNM▌KлMMл┬▄ML▀лNM▄▀лMMл┬▄MLклNMNKлMMл┬B≥┬▄MLLклNM▌KлMMлх▄MLLлNM█▀лMMлх▄MLлNM█лMMлх▄ML▀лNM▄▀лMMлхB≥┬▄MLлNMM▀лMMNH▄M▀лNNлMMNH▄MKлNLKлMMNH▄MLKлNMклMMNHB≥┬▄MLLKлNM█клMMл▄MNлNLMлMMл▄M▀лNNлMMл▄MLлNMM▀лMMлB≥┬▄MLL▀лNM▌лMMлH▄M▄лNLM▀лMMлH▄MNлNLMлMMлH▄MLLKлNM█клMMлHB≥┬▄MLM▀лNMл▀лMMл┬▄ML█▀лNN▀лMMл┬▄MLMKлNMлKлMMл┬▄MLMлNMллMMл┬B≥┬▄MклNLнKлM▄▄ML█клNNклM▄▄MMKлNMLKлM▄▄MлNMлM▄B≥┬▄MMKлNMLKлMNH▄ML▌лNNлMNH▄ML▌KлNNKлMNH▄MM▀лNML▀лMNHB≥┬▄ML▀лNMNлM▄H▄MLллNN▀лM▄H▄ML█лNNлM▄H▄MLлNM▄лM▄HB≥┬▄MLNлNMмлMMл┬▄ML█KлNNKлMMл┬▄ML▄▀лNMнлMMл┬▄MLNKлNMмKлMMл┬B≥┬▄MLM▀лNMл▀лMMн▄MLNKлNMмKлMMн▄MLлKлNNклMMн▄ML█▀лNN▀лMMнB≥┬▄MLклNMNKлMN▄MLлNM▄лMN▄MLNлNMмлMN▄MLMклNMлклMNB≥┬▄MLл▀лNNлM▄┬▄MLлклNNKлM▄┬▄MLмлNNLлM▄┬▄MLмKлNNLKлM▄┬B≥┬▄MLмKлNNLKлM▄х▄MLмлNNLлM▄х▄MLм▀лNNL▀лM▄х▄MLмклNNLклM▄хB≥┬▄MLмклNNLклM▌Lх▄MLм▀лNNL▀лM▌Lх▄MLнлNNMлM▌Lх▄MLнKлNNMKлM▌LхB≥┬▄MLнKлNNMKлM▌M▄MLнлNNMлM▌M▄MMлNNM▀лM▌M▄MMKлNNMклM▌MB≥┬▄MM▀лNNNлM▄┬▄MMKлNNMклM▄┬▄MMлNNM▀лM▄┬▄MMклNNNKлM▄┬B≥┬▄MMлN▄лM▄х▄MLлклNNKлM▄х▄MMKлN▄KлM▄х▄MM▀лN▄▀лM▄хB≥┬▄MMлN▄лM▄▄MMклN▄клM▄▄MLмлNNLлM▄▄MLлклNNKлM▄B≥┬▄MMклN▄клM▄H▄MMлN▄лM▄H▄MLм▀лNNL▀лM▄H▄MLмлNNLлM▄HB≥┬▄MMлN▄лM▄L▄MMKлN▄KлM▄L▄MLнлNNMлM▄L▄MLм▀лNNL▀лM▄LB≥┬▄MMKлN▄KлM▄LH▄MMLлN▄▀лM▄LH▄MMлNNM▀лM▄LH▄MLнлNNMлM▄LHB≥┬▄MMLKлN▄клM▄L┬▄MML▀лN▄лM▄L┬▄MMLклN▄KлM▄L┬▄MMклNNNKлM▄L┬B≥┬▄MMMлN▄LлM▄Lх▄MMлN▄лM▄Lх▄MM▀лN▄▀лM▄Lх▄MMMKлN▄LKлM▄LхB≥┬▄MMM▀лN▄L▀лMMнH▄MMMлN▄LлMMнH▄MMMKлN▄LKлMMнH▄MMMклN▄LклMMнHB≥┬▄MMMлN▄LлMл▄▄MMNлN▄MлMл▄▄MMклN▄клMл▄▄MMлN▄лMл▄B≥┬▄MMM▀лN▄L▀лM▄MH▄MMNKлN▄MKлM▄MH▄MMNлN▄MлM▄MH▄MMMлN▄LлM▄MHB≥┬▄MMNлN▄MлM▄M┬▄MM▄лN▄M▀лM▄M┬▄MMлN▄лM▄M┬▄MMклN▄клM▄M┬B≥┬▄MMNKлN▄MKлM▄Mх▄MM▄KлN▄MклM▄Mх▄MM▄лN▄M▀лM▄Mх▄MMNлN▄MлM▄MхB≥┬▄MM▄лN▄M▀лMл▄H▄MM▄▀лN▄NлMл▄H▄MMKлN▄KлMл▄H▄MMлN▄лMл▄HB≥┬▄MM▄KлN▄MклM▄NH▄MM▄клN▄NKлM▄NH▄MM▄▀лN▄NлM▄NH▄MM▄лN▄M▀лM▄NHB≥┬▄MM▄▀лN▄NлM▄▄▄MM█лN▄▄лM▄▄▄MMLлN▄▀лM▄▄▄MMKлN▄KлM▄▄B≥┬▄MM▄клN▄NKлMл┬▄MM█KлN▄▄KлMл┬▄MM█лN▄▄лMл┬▄MM▄▀лN▄NлMл┬B≥┬▄MM█▀лN▄▄▀лM▄▄┬▄MM█клN▄▄клM▄▄┬▄MML▀лN▄лM▄▄┬▄MMLKлN▄клM▄▄┬B≥┬▄MM▌лN▄█лM▄▄х▄MM▌KлN▄█KлM▄▄х▄MM█клN▄▄клM▄▄х▄MM█▀лN▄▄▀лM▄▄хB≥┬▄MM▄клN▄NKлMMл┬▄MMллN▄█▀лMMл┬▄MMлKлN▄█клMMл┬▄MM█KлN▄▄KлMMл┬B≥┬▄MM█KлN▄▄KлMMл┬▄MMлKлN▄█клMMл┬▄MMл▀лN▄▌лMMл┬▄MM▌лN▄█лMMл┬B≥┬▄MMлклN▄▌KлMMн▄MMмлN▄ллMMн▄MMмKлN▄лKлMMн▄MMм▀лN▄л▀лMMнB≥┬▄MMмклN▄лклMMн▄MMлKлN▄█клMMн▄MMллN▄█▀лMMн▄MMнлN▄млMMнB≥┬▄MMмклN▄лклMMл┬▄MMнлN▄млMMл┬▄MMнKлN▄мKлMMл┬▄MNлN▄м▀лMMл┬B≥┬▄MMMклN▄LклMMл┬▄MлNLм▀лMMл┬▄M▀лNLнлMMл┬▄MMнKлN▄мKлMMл┬B≥┬▄MMнлN▄млMMн▄MMллN▄█▀лMMн▄MMNKлN▄MKлMMн▄MMM▀лN▄L▀лMMнB≥┬▄MMллN▄█▀лMMл┬▄MM▄клN▄NKлMMл┬▄MM▄KлN▄MклMMл┬▄MMNKлN▄MKлMMл┬B≥┬▄MMклNNNKлM▄█▄MMLклN▄KлM▄█▄MNKлN▄мклM▄█▄MM▀лNNNлM▄█B≥┬▄MMLлN▄▀лM▄█H▄MMLKлN▄клM▄█H▄MMклNNNKлM▄█H▄MMлNNM▀лM▄█HB≥┬▄MM█лN▄▄лM▄█┬▄MM█▀лN▄▄▀лM▄█┬▄MMLKлN▄клM▄█┬▄MMLлN▄▀лM▄█┬B≥┬▄MM█KлN▄▄KлM▄█х▄MM▌лN▄█лM▄█х▄MM█▀лN▄▄▀лM▄█х▄MM█лN▄▄лM▄█хB≥┬▄MMл▀лN▄▌лMMл┬▄MMмлN▄ллMMл┬▄MM▌KлN▄█KлMMл┬▄MM▌лN▄█лMMл┬B≥┬▄MMмклN▄лклMMн▄MN▀лN▄нлMMн▄MMл▀лN▄▌лMMн▄MMлKлN▄█клMMнB≥┬▄MNклN▄нKлMMл┬▄MNлN█лMMл┬▄MMмKлN▄лKлMMл┬▄MN▀лN▄нлMMл┬B≥┬▄MLл▀лNNлM▄▌▄MNKлN█KлM▄▌▄MMKлN▄KлM▄▌▄MLлклNNKлM▄▌B≥┬▄MMKлN▄KлM▄х▄M▄KлNмклM▄х▄MN▀лN█▀лM▄х▄MM▀лN▄▀лM▄хB≥┬▄MM▀лN▄▀лM▄Lх▄MN▀лN█▀лM▄Lх▄MKлNLмклM▄Lх▄MMMKлN▄LKлM▄LхB≥┬▄MMмклN▄лклMMлх▄MNлN▄м▀лMMлх▄MNклN▄нKлMMлх▄MN▀лN▄нлMMлхB≥┬▄MMM▀лN▄L▀лMMл┬▄MMMклN▄LклMMл┬▄MMнKлN▄мKлMMл┬▄MMнлN▄млMMл┬B≥┬▄MNклN█клM▄▌H▄ML▌лNNлM▄▌H▄MNлN█лM▄▌H▄MNKлN█KлM▄▌HB≥┬▄MNLлN█▀лM▄л▄MNLKлN█клM▄л▄MNL▀лN█лM▄л▄MNLклN█KлM▄лB≥┬▄MNLKлN█клM▄лH▄MNMлN█LлM▄лH▄MNMKлN█LKлM▄лH▄MNL▀лN█лM▄лHB≥┬▄MNMлN█LлMл┬▄MNM▀лN█L▀лMл┬▄MNMклN█LклMл┬▄MNMKлN█LKлMл┬B≥┬▄MNM▀лN█L▀лM▄лх▄MNNлN█MлM▄лх▄MNNKлN█MKлM▄лх▄MNMклN█LклM▄лхB≥┬▄M▄лN█M▀лM▄█▄M▄KлN█MклM▄█▄MNNKлN█MKлM▄█▄MNNлN█MлM▄█B≥┬▄M▄▀лN█NлM▄м▄M▄клN█NKлM▄м▄MNклN█клM▄м▄MNLклN█KлM▄мB≥┬▄M▄▀лN█NлM▄мH▄MNLклN█KлM▄мH▄MNL▀лN█лM▄мH▄M▄лN█▄лM▄мHB≥┬▄M▄лN█▄лM▄м┬▄MNL▀лN█лM▄м┬▄MNMKлN█LKлM▄м┬▄M▄KлN█▄KлM▄м┬B≥┬▄M▄KлN█▄KлM▄мх▄MNMKлN█LKлM▄мх▄MNMклN█LклM▄мх▄M▄▀лN█▄▀лM▄мхB≥┬▄M▄▀лN█▄▀лM▄н▄MNMклN█LклM▄н▄MNNKлN█MKлM▄н▄M▄клN█▄клM▄нB≥┬▄M▄лN██лM▄нH▄M▄KлN██KлM▄нH▄M▄клN█NKлM▄нH▄M▄▀лN█NлM▄нHB≥┬▄M▄LлN██▀лM▄H▄M▄LKлN██клM▄H▄M▄KлN██KлM▄H▄M▄лN██лM▄HB≥┬▄M▄лN██лM█▄M▄▀лN█NлM█▄M▄лN█▄лM█▄M▄L▀лN█▌лM█B≥┬▄M▄LлN██▀лM█H▄M▄лN██лM█H▄M▄L▀лN█▌лM█H▄M▄LклN█▌KлM█HB≥┬▄M▄L▀лN█▌лM█┬▄M▄лN█▄лM█┬▄M▄KлN█▄KлM█┬▄M▄MлN█ллM█┬B≥┬▄M▄LклN█▌KлM█х▄M▄L▀лN█▌лM█х▄M▄MлN█ллM█х▄M▄MKлN█лKлM█хB≥┬▄M▄MлN█ллM█▄M▄KлN█▄KлM█▄M▄▀лN█▄▀лM█▄M▄M▀лN█л▀лM█B≥┬▄M▄MKлN█лKлM█H▄M▄MлN█ллM█H▄M▄M▀лN█л▀лM█H▄M▄MклN█лклM█HB≥┬▄M▄M▀лN█л▀лM█┬▄M▄▀лN█▄▀лM█┬▄M▄клN█▄клM█┬▄M▄NлN█млM█┬B≥┬▄M▄MклN█лклMлM▄M▄M▀лN█л▀лMлM▄M▄NлN█млMлM▄M▄NKлN█мKлMлMB≥┬▄M▄MклN█лклMMл┬▄M▄NKлN█мKлMMл┬▄M▄▄лN█м▀лMMл┬▄M▄▄KлN█мклMMл┬B≥┬▄M▄NKлN█мKлMMл┬▄M▄▄▀лN█нлMMл┬▄MMлклN▄▌KлMMл┬▄M▄▄лN█м▀лMMл┬B≥┬▄M▄▄клN█нKлMMн▄M▄█лN▌лMMн▄M▄▄KлN█мклMMн▄M▄▄лN█м▀лMMнB≥┬▄M▄▄клN█нKлMMл┬▄ML▄клNMнKлMMл┬▄M▄█KлN▌KлMMл┬▄M▄█лN▌лMMл┬B≥┬▄M▄█лN▌лMMн▄M▄LлN██▀лMMн▄M▄LклN█▌KлMMн▄M▄▄KлN█мклMMнB≥┬▄M▄▄KлN█мклMMл┬▄M▄LклN█▌KлMMл┬▄M▄MKлN█лKлMMл┬▄M▄MклN█лклMMл┬B≥┬▄M▄клN█▄клM▄L┬▄MNNKлN█MKлM▄L┬▄M▄KлN█MклM▄L┬▄M▄█▀лN▌▀лM▄L┬B≥┬▄M▄NлN█млM▄▄┬▄M▄клN█▄клM▄▄┬▄M▄█▀лN▌▀лM▄▄┬▄M▄█клN▌клM▄▄┬B≥┬▄M▄NKлN█мKлM▄▄х▄M▄NлN█млM▄▄х▄M▄█клN▌клM▄▄х▄M▄▄▀лN█нлM▄▄хB≥┬▄M▄▄клN█нKлMMн▄M▄▄лN█м▀лMMн▄MMлклN▄▌KлMMн▄MMм▀лN▄л▀лMMнB≥┬▄MNLлN█▀лM▄▌H▄MNLклN█KлM▄▌H▄MNклN█клM▄▌H▄MNKлN█KлM▄▌HB≥┬▄MLллNN▀лM▄нH▄ML▌KлNNKлM▄нH▄M▄клN█NKлM▄нH▄M▄KлN██KлM▄нHB≥┬▄M▄▄клN█нKлMMл┬▄MMм▀лN▄л▀лMMл┬▄ML▄лNMм▀лMMл┬▄ML▄клNMнKлMMл┬B≥┬▄M▄LлN██▀лMMлх▄M▄█лN▌лMMлх▄M▄█KлN▌KлMMлх▄M▄LKлN██клMMлхB≥┬▄MмлNLллMMл┬▄M▄▌лN▌лMMл┬▄MNлN█лMMл┬▄MNклN▄нKлMMл┬B≥┬▄MмклNLлклMMNH▄MмKлNLKлMMNH▄MлNLлMMNH▄MклNNKлMMNHB≥┬▄MнлNLмлMMл▄MмклNLлклMMл▄MклNNKлMMл▄MNKлNLMKлMMлB≥┬▄M█лNL▄лMMлH▄MнлNLмлMMлH▄MNKлNLMKлMMлH▄M▄KлNLMклMMлHB≥┬▄MLMKлNMлKлMMл┬▄ML█▀лNN▀лMMл┬▄M█клNL▄клMMл┬▄M█▀лNL▄▀лMMл┬B≥┬▄MLклNMKлMMм▄MKлNLKлMMм▄MлNLлMMм▄Mм▀лNLл▀лMMмB≥┬▄M▄лNLM▀лMMл┬▄MLMKлNMлKлMMл┬▄M█▀лNL▄▀лMMл┬▄M▄KлNLMклMMл┬B≥┬▄ML█▀лNN▀лMMн▄MLлKлNNклMMн▄MнKлNLмKлMMн▄M█клNL▄клMMнB≥┬▄M▄█▀лN▌▀лM▄L┬▄M▄KлN█MклM▄L┬▄MMLклN▄KлM▄L┬▄MML▀лN▄лM▄L┬B≥┬▄M▄█клN▌клM▄▄┬▄M▄█▀лN▌▀лM▄▄┬▄MML▀лN▄лM▄▄┬▄MM█клN▄▄клM▄▄┬B≥┬▄M▄▄▀лN█нлM▄▄х▄M▄█клN▌клM▄▄х▄MM█клN▄▄клM▄▄х▄MM▌KлN▄█KлM▄▄хB≥┬▄MMл▀лN▄▌лMMн▄MN▀лN▄нлMMн▄MMмKлN▄лKлMMн▄MMмлN▄ллMMнB≥┬▄M▄KлN█MклM▄█▄M▄лN█M▀лM▄█▄MNKлN▄мклM▄█▄MMLклN▄KлM▄█B≥┬▄MMлклN▄▌KлMMл┬▄M▄▄▀лN█нлMMл┬▄MM▌KлN▄█KлMMл┬▄MMмлN▄ллMMл┬B≥┬▄ML▄лNMм▀лMMл┬▄MMм▀лN▄л▀лMMл┬▄MMмKлN▄лKлMMл┬▄MNлN█лMMл┬B≥┬▄MLлKлNNклMMл┬▄ML▄KлNMмклMMл┬▄M▄▌лN▌лMMл┬▄MнKлNLмKлMMл┬B≥┬▄MMKлN▄KлM▄▌▄MNKлN█KлM▄▌▄M▄▀лNнлM▄▌▄M▄KлNмклM▄▌B≥┬▄MNклN▄нKлMMлх▄MNлN▄м▀лMMлх▄MмKлNLлKлMMлх▄MмлNLллMMлхB≥┬▄MMMклN▄LклMMнH▄MMMKлN▄LKлMMнH▄MKлNLмклMMнH▄MлNLм▀лMMнHB≥┬▄MNлN▄м▀лMMл┬▄MMнKлN▄мKлMMл┬▄M▀лNLнлMMл┬▄MмKлNLлKлMMл┬B≥┬▄MLлKлNNклMMл┬▄MLNKлNMмKлMMл┬▄ML▄▀лNMнлMMл┬▄ML▄KлNMмклMMл┬B≥┬▄M▄LKлN██клMMлх▄M▄█KлN▌KлMMлх▄ML█KлNNKлMMлх▄ML█лNNлMMлхB≥┬▄MNклN█клM▄м▄M▄клN█NKлM▄м▄ML▌KлNNKлM▄м▄ML▌лNNлM▄мB≥┬▄M▄KлN██KлM▄H▄M▄LKлN██клM▄H▄ML█лNNлM▄H▄MLллNN▀лM▄HB≥┬▄M▄█KлN▌KлMMл┬▄ML▄клNMнKлMMл┬▄ML▄▀лNMнлMMл┬▄ML█KлNNKлMMл┬B≥┬▄MKлNLKлMMл┬▄Mл▀лNL▌лMMл┬▄M▀лNLнлMMл┬▄MлNLм▀лMMл┬B≥┬▄M▄лNм▀лMMM▄MмклNLклMMM▄MN▀лN█▀лMMM▄M▄KлNмклMMMB≥┬▄MмклNLклM▄Lх▄MклNLклM▄Lх▄MKлNLмклM▄Lх▄MN▀лN█▀лM▄LхB≥┬▄MMKлNMLKлM▄▄ML█клNNклM▄▄MNлN█лM▄▄ML▌лNNлM▄B≥┬▄ML▀лNMNлM▄нH▄MM▀лNML▀лM▄нH▄ML▌KлNNKлM▄нH▄MLллNN▀лM▄нHB≥┬▄MлклNL▌KлMMл┬▄MнKлNLмKлMMл┬▄M▄▌лN▌лMMл┬▄MмлNLллMMл┬B≥┬▄ML▄лNMм▀лMMл┬▄MNлN█лMMл┬▄M▄▌лN▌лMMл┬▄ML▄KлNMмклMMл┬B≥┬▄M▄▌KлN▌KлMM▄M▄ллN▌▀лMM▄M▄лKлN▌клMM▄M▄л▀лN▌лMMB≥┬▄M▄лклN▌KлMл▄┬▄M▄млN▌LлMл▄┬▄M▄мKлN▌LKлMл▄┬▄M▄м▀лN▌L▀лMл▄┬B≥┬▄M▄млN▌LлMл▄х▄M▄мклN▌LклMл▄х▄M▄нлN▌MлMл▄х▄M▄мKлN▌LKлMл▄хB≥┬▄M▄мклN▌LклM█▌▄M▄нKлN▌MKлM█▌▄M█лN▌M▀лM█▌▄M▄нлN▌MлM█▌B≥┬▄M▄нKлN▌MKлM█▌H▄M█KлN▌MклM█▌H▄M█▀лN▌NлM█▌H▄M█лN▌M▀лM█▌HB≥┬▄M█клN▌NKлMMLх▄M█лNллMMLх▄M█▀лN▌NлMMLх▄M█KлN▌MклMMLхB≥┬▄M█KлNлKлM█л▄M█▀лNл▀лM█л▄M▄▌KлN▌KлM█л▄M▄м▀лN▌L▀лM█лB≥┬▄M█KлNлKлM█лH▄M▄м▀лN▌L▀лM█лH▄M▄мKлN▌LKлM█лH▄M█клNлклM█лHB≥┬▄M█клNлклMл█▄M▄мKлN▌LKлMл█▄M▄нлN▌MлMл█▄M█лNллMл█B≥┬▄M█лNллMл█H▄M▄нлN▌MлMл█H▄M█лN▌M▀лMл█H▄M█KлNлKлMл█HB≥┬▄M█KлNлKлMMN▄M█лN▌M▀лMMN▄M█▀лN▌NлMMN▄M█LлNл▀лMMNB≥┬▄M█LKлNлклMMNH▄M█L▀лNллMMNH▄M█LклNлKлMMNH▄M█MлNлLлMMNHB≥┬▄M█MKлNлLKлM█лх▄M█M▀лNлL▀лM█лх▄M█▀лNл▀лM█лх▄M█KлNлKлM█лхB≥┬▄M█MклNлLклM█м▄M█NлNлMлM█м▄M█M▀лNлL▀лM█м▄M█MKлNлLKлM█мB≥┬▄M█MKлNлLKлM█мH▄M█KлNлKлM█мH▄M█клNлклM█мH▄M█NKлNлMKлM█мHB≥┬▄M█MклNлLклMM▄х▄M█MKлNлLKлMM▄х▄M█NKлNлMKлMM▄х▄M█▄лNлM▀лMM▄хB≥┬▄M█NKлNлMKлM█MH▄M█клNлклM█MH▄M█лNллM█MH▄M█▄KлNлMклM█MHB≥┬▄M█▄лNлM▀лM█м┬▄M█NKлNлMKлM█м┬▄M█▄KлNлMклM█м┬▄M█▄▀лNлNлM█м┬B≥┬▄M█▄KлNлMклMл█┬▄M█лNллMл█┬▄M█KлNлKлMл█┬▄M█▄клNлNKлMл█┬B≥┬▄M█▄▀лNлNлMM█х▄M█▄KлNлMклMM█х▄M█▄клNлNKлMM█х▄M██лNл▄лMM█хB≥┬▄M█▄клNлNKлMM▌▄M█KлNлKлMM▌▄M█LлNл▀лMM▌▄M██KлNл▄KлMM▌B≥┬▄M██лNл▄лM█н▄M█▄клNлNKлM█н▄M██KлNл▄KлM█н▄M██▀лNл▄▀лM█нB≥┬▄M██клNл▄клMMл▄M█▌лNл█лMMл▄M█L▀лNллMMл▄M█LKлNлклMMлB≥┬▄M█▌KлNл█KлMMлH▄M█ллNл█▀лMMлH▄M█▌лNл█лMMлH▄M██клNл▄клMMлHB≥┬▄M██лNл▄лMMл┬▄M██▀лNл▄▀лMMл┬▄M█лKлNл█клMMл┬▄M█л▀лNл▌лMMл┬B≥┬▄M██▀лNл▄▀лMMл┬▄M█лклNл▌KлMMл┬▄M█млNлллMMл┬▄M█лKлNл█клMMл┬B≥┬▄M█млNлллMMл┬▄M█мKлNллKлMMл┬▄M█м▀лNлл▀лMMл┬▄M█мклNллклMMл┬B≥┬▄M█нлNлмлMMл┬▄M█нKлNлмKлMMл┬▄M█л▀лNл▌лMMл┬▄M█лKлNл█клMMл┬B≥┬▄M█нлNлмлMMл┬▄M▌лNлм▀лMMл┬▄M▌KлNлмклMMл┬▄M█нKлNлмKлMMл┬B≥┬▄M▌▀лNлнлMMлх▄M▌клNлнKлMMлх▄M▌лNмлMMлх▄M▌лNлм▀лMMлхB≥┬▄M█нKлNлмKлMMл┬▄M█MклNлLклMMл┬▄M█▄лNлM▀лMMл┬▄M█л▀лNл▌лMMл┬B≥┬▄M█л▀лNл▌лMMл┬▄M█▄лNлM▀лMMл┬▄M█▄▀лNлNлMMл┬▄M██лNл▄лMMл┬B≥┬▄M▌KлNмKлMMм▄M█LклNлKлMMм▄M█лNллMMм▄M█клN▌NKлMMмB≥┬▄M█LлNл▀лMMмH▄M█▀лN▌NлMMмH▄M█лNллMMмH▄M▌▀лNм▀лMMмHB≥┬▄M██KлNл▄KлMMм┬▄M█LлNл▀лMMм┬▄M▌▀лNм▀лMMм┬▄M▌клNмклMMм┬B≥┬▄M██▀лNл▄▀лMMмх▄M██KлNл▄KлMMмх▄M▌клNмклMMмх▄M█лклNл▌KлMMмхB≥┬▄M█ллNл█▀лMMл┬▄M█мKлNллKлMMл┬▄M█млNлллMMл┬▄M█лклNл▌KлMMл┬B≥┬▄M█нлNлмлMMл┬▄M█лKлNл█клMMл┬▄M█млNлллMMл┬▄M█мклNллклMMл┬B≥┬▄M█м▀лNлл▀лMMн▄M▌лNмлMMн▄M▌▀лNлнлMMн▄M█мклNллклMMнB≥┬▄M▄лклN▌KлMM▄M▄м▀лN▌L▀лMM▄M▄▌KлN▌KлMM▄M▄л▀лN▌лMMB≥┬▄M▌KлNмKлM█нH▄M▌LлNм▀лM█нH▄M█M▀лNлL▀лM█нH▄M█NлNлMлM█нHB≥┬▄M▌лNмлMMл┬▄M▌LKлNмклMMл┬▄M▌KлNлмклMMл┬▄M▌лNлм▀лMMл┬B≥┬▄M█нлNлмлMN▄M█мклNллклMN▄M▌▀лNлнлMN▄M▌лNлм▀лMNB≥┬▄M█MклNлLклMMн▄M█нKлNлмKлMMн▄M▌KлNлмклMMн▄M█NлNлMлMMнB≥┬▄M▌L▀лNмлMNH▄M▌LклNмKлMNH▄M▌MлNмLлMNH▄M▌MKлNмLKлMNHB≥┬▄M▌MKлNмLKлMN┬▄M▌MлNмLлMN┬▄M▌M▀лNмL▀лMN┬▄M▌MклNмLклMN┬B≥┬▄M▌MклNмLклMNх▄M▌M▀лNмL▀лMNх▄M▌NлNмMлMNх▄M▌NKлNмMKлMNхB≥┬▄M▌NKлNмMKлMN▄M▌NлNмMлMN▄MллNмM▀лMN▄MлKлNмMклMNB≥┬▄Mл▀лNмNлMMм▄MлKлNмMклMMм▄MллNмM▀лMMм▄M█MлNлLлMMмB≥┬▄MлклNмNKлMNH▄M▌LклNмKлMNH▄MллNм▄лMNH▄MлKлNм▄KлMNHB≥┬▄MлклNмNKлMN┬▄Mл▀лNм▄▀лMN┬▄M▌MлNмLлMN┬▄M▌LклNмKлMN┬B≥┬▄Mл▀лNм▄▀лMNх▄MлклNм▄клMNх▄M▌M▀лNмL▀лMNх▄M▌MлNмLлMNхB≥┬▄MлклNм▄клMN▄MллNм█лMN▄M▌NлNмMлMN▄M▌M▀лNмL▀лMNB≥┬▄MллNм█лMNH▄MлKлNм█KлMNH▄MллNмM▀лMNH▄M▌NлNмMлMNHB≥┬▄MлLлNм█▀лMNL▄MлклNмNKлMNL▄MлKлNм▄KлMNL▄MлLKлNм█клMNLB≥┬▄MлL▀лNм▌лMNLH▄MлLлNм█▀лMNLH▄MлLKлNм█клMNLH▄MлLклNм▌KлMNLHB≥┬▄MлLлNм█▀лMNL┬▄MлMлNмллMNL┬▄Mл▀лNм▄▀лMNL┬▄MлклNмNKлMNL┬B≥┬▄MлL▀лNм▌лMNLх▄MлMKлNмлKлMNLх▄MлMлNмллMNLх▄MлLлNм█▀лMNLхB≥┬▄MлMлNмллMNM▄MлM▀лNмл▀лMNM▄MлклNм▄клMNM▄Mл▀лNм▄▀лMNMB≥┬▄MлMKлNмлKлMNMH▄MлMклNмлклMNMH▄MлM▀лNмл▀лMNMH▄MлMлNмллMNMHB≥┬▄MлM▀лNмл▀лMNM┬▄MлNлNммлMNM┬▄MллNм█лMNM┬▄MлклNм▄клMNM┬B≥┬▄MлMклNмлклMNMх▄MлNKлNммKлMNMх▄MлNлNммлMNMх▄MлM▀лNмл▀лMNMхB≥┬▄MлNлNммлMNN▄Mл▄лNмм▀лMNN▄MлKлNм█KлMNN▄MллNм█лMNNB≥┬▄MлNKлNммKлMлMH▄Mл▄KлNммклMлMH▄Mл▄лNмм▀лMлMH▄MлNлNммлMлMHB≥┬▄MлNKлNммKлMMлх▄Mл▄▀лNмнлMMлх▄Mл▄клNмнKлMMлх▄Mл▄KлNммклMMлхB≥┬▄Mл▄KлNммклMMл┬▄Mл▄клNмнKлMMл┬▄Mл█лNнлMMл┬▄M█▌KлNл█KлMMл┬B≥┬▄Mл█KлNнKлMMл┬▄Mл▄клNмнKлMMл┬▄Mл▄▀лNмнлMMл┬▄Mл█▀лNн▀лMMл┬B≥┬▄Mл█KлNнKлMMл┬▄Mл█▀лNн▀лMMл┬▄Mл█клNнклMMл┬▄Mл▌лNнлMMл┬B≥┬▄Mл▌KлNнKлMMл┬▄MлллNн▀лMMл┬▄MллKлNнклMMл┬▄Mлл▀лNнлMMл┬B≥┬▄MлLклNм▌KлMMлх▄MллклNнKлMMлх▄MлмлNнLлMMлх▄Mл█клNнклMMлхB≥┬▄Mл█▀лNн▀лMMл┬▄Mл▄▀лNмнлMMл┬▄MлMKлNмлKлMMл┬▄MлL▀лNм▌лMMл┬B≥┬▄Mл▄▀лNмнлMMлх▄MлNKлNммKлMMлх▄MлMклNмлклMMлх▄MлMKлNмлKлMMлхB≥┬▄MлKлNм█KлMMNH▄M█LKлNлклMMNH▄M█MлNлLлMMNH▄MллNмM▀лMMNHB≥┬▄Mл▄лNмм▀лMMл▄M██клNл▄клMMл▄M█LKлNлклMMл▄MлKлNм█KлMMлB≥┬▄Mл▄KлNммклMMлH▄M█▌KлNл█KлMMлH▄M██клNл▄клMMлH▄Mл▄лNмм▀лMMлHB≥┬▄Mл█KлNнKлMMл┬▄MлмKлNнLKлMMл┬▄Mл█лNнлMMл┬▄Mл▄клNмнKлMMл┬B≥┬▄M▌L▀лNмлM▄▄Mлм▀лNнL▀лM▄▄MллNм▄лM▄▄M▌LклNмKлM▄B≥┬▄MллNм▄лMNH▄MлмклNнLклMNH▄MлнлNнMлMNH▄MлKлNм▄KлMNHB≥┬▄MлLKлNм█клM▄H▄MлнKлNнMKлM▄H▄MллклNнKлM▄H▄MлLклNм▌KлM▄HB≥┬▄Mл█клNнклMMл┬▄MлмлNнLлMMл┬▄MллKлNнклMMл┬▄Mл▌лNнлMMл┬B≥┬▄Mл█KлNнKлMMн▄Mл▌лNнлMMн▄MмлNнM▀лMMн▄MлмKлNнLKлMMнB≥┬▄MлL▀лNм▌лMN▄MлLклNм▌KлMN▄Mл█клNнклMN▄Mл█▀лNн▀лMNB≥┬▄MмKлNнMклMл█х▄Mм▀лNнNлMл█х▄MмклNнNKлMл█х▄MмлNлMл█хB≥┬▄MмлNлMл▌▄MмклNнNKлMл▌▄MмKлNKлMл▌▄Mм▀лN▀лMл▌B≥┬▄Mм▀лN▀лM▌Lх▄MмKлNKлM▌Lх▄MмклNклM▌Lх▄MмлNлM▌LхB≥┬▄MмлNлM▌M▄MмклNклM▌M▄MмKлNKлM▌M▄MмLлN▀лM▌MB≥┬▄MмLKлNклM▄┬▄MмLлN▀лM▄┬▄MмKлNKлM▄┬▄MмL▀лNлM▄┬B≥┬▄MмLклNKлM▌MH▄Mм▀лNнNлM▌MH▄MмMлNLлM▌MH▄MмMKлNLKлM▌MHB≥┬▄MмLклNKлM▌M┬▄MмM▀лNL▀лM▌M┬▄MмклNнNKлM▌M┬▄Mм▀лNнNлM▌M┬B≥┬▄MмM▀лNL▀лMл▌H▄MмMклNLклMл▌H▄MмKлNKлMл▌H▄MмклNнNKлMл▌HB≥┬▄MмMклNLклMлл▄MмNлNMлMлл▄MмклNклMлл▄MмKлNKлMллB≥┬▄MмNлNMлM▄LH▄MмNKлNMKлM▄LH▄MмKлNKлM▄LH▄MмклNклM▄LHB≥┬▄Mм▄лNM▀лM▄L┬▄Mм▄KлNMклM▄L┬▄Mм▄▀лNNлM▄L┬▄MмL▀лNлM▄L┬B≥┬▄Mм▄клNNKлM▌N▄MмLклNKлM▌N▄MмMKлNLKлM▌N▄Mм█лN▄лM▌NB≥┬▄Mм█KлN▄KлM█нH▄Mм▄клNNKлM█нH▄Mм█лN▄лM█нH▄Mм█▀лN▄▀лM█нHB≥┬▄Mм▄клNNKлM▌NH▄Mм█клN▄клM▌NH▄MмM▀лNL▀лM▌NH▄MмLклNKлM▌NHB≥┬▄Mм█KлN▄KлM▄MH▄Mм▌лN█лM▄MH▄Mм█клN▄клM▄MH▄Mм▄клNNKлM▄MHB≥┬▄Mм█клN▄клM██▄Mм▌KлN█KлM██▄MмMклNLклM██▄MмM▀лNL▀лM██B≥┬▄Mм▌лN█лMл▄MмллN█▀лMл▄Mм▌KлN█KлMл▄Mм█клN▄клMлB≥┬▄Mм▌KлN█KлMллH▄MмлKлN█клMллH▄MмNлNMлMллH▄MмMклNLклMллHB≥┬▄MмллN█▀лM▄NH▄Mмл▀лN▌лM▄NH▄MмлKлN█клM▄NH▄Mм▌KлN█KлM▄NHB≥┬▄MмлKлN█клM▄▄▄MмлклN▌KлM▄▄▄MмNKлNMKлM▄▄▄MмNлNMлM▄▄B≥┬▄Mмл▀лN▌лMл┬▄MммлNллMл┬▄MмлклN▌KлMл┬▄MмлKлN█клMл┬B≥┬▄MммKлNлKлM▄▄┬▄Mмм▀лNл▀лM▄▄┬▄Mм▄KлNMклM▄▄┬▄Mм▄лNM▀лM▄▄┬B≥┬▄MммклNлклM▄▄х▄MмнлNмлM▄▄х▄Mмм▀лNл▀лM▄▄х▄MммKлNлKлM▄▄хB≥┬▄Mмл▀лN▌лMMл┬▄MмнKлNмKлMMл┬▄MнлNм▀лMMл┬▄MммлNллMMл┬B≥┬▄MммлNллMMл┬▄MнлNм▀лMMл┬▄MнKлNмклMMл┬▄MммклNлклMMл┬B≥┬▄Mн▀лNнлMMн▄MнклNнKлMMн▄MнлNлMMн▄MнKлNKлMMнB≥┬▄Mн▀лN▀лMMн▄MнлNм▀лMMн▄MмнKлNмKлMMн▄MнклNклMMнB≥┬▄Mн▀лN▀лMMл┬▄MнклNклMMл┬▄MнлNлMMл┬▄MнKлNKлMMл┬B≥┬▄Mм█▀лN▄▀лMMл┬▄M▌KлNмKлMMл┬▄M▌LKлNмклMMл┬▄MнлNлMMл┬B≥┬▄MнклNклMMн▄MмнKлNмKлMMн▄Mм▌лN█лMMн▄Mм█KлN▄KлMMнB≥┬▄MмнKлNмKлMMл┬▄Mмл▀лN▌лMMл┬▄MмллN█▀лMMл┬▄Mм▌лN█лMMл┬B≥┬▄MмL▀лNлM▄█▄Mм▄▀лNNлM▄█▄MнLлN▀лM▄█▄MмLKлNклM▄█B≥┬▄MмNKлNMKлM▄█H▄Mм▄лNM▀лM▄█H▄MмL▀лNлM▄█H▄MмKлNKлM▄█HB≥┬▄MмлклN▌KлM▄█┬▄MммKлNлKлM▄█┬▄Mм▄лNM▀лM▄█┬▄MмNKлNMKлM▄█┬B≥┬▄MммлNллM▄█х▄MммклNлклM▄█х▄MммKлNлKлM▄█х▄MмлклN▌KлM▄█хB≥┬▄MнKлNмклMMл┬▄MнклNнKлMMл┬▄MмнлNмлMMл┬▄MммклNлклMMл┬B≥┬▄Mн▀лN▀лMMн▄MнLKлNклMMн▄MнKлNмклMMн▄MнлNм▀лMMнB≥┬▄MнL▀лNлMMл┬▄MнLклNKлMMл┬▄MнлNлMMл┬▄MнLKлNклMMл┬B≥┬▄MмKлNнMклM▄▌▄MнMлNLлM▄▌▄MмMлNLлM▄▌▄Mм▀лNнNлM▄▌B≥┬▄MмMлNLлM▌MH▄M▄ллN▌▀лM▌MH▄MнMKлNLKлM▌MH▄MмMKлNLKлM▌MHB≥┬▄MмMKлNLKлM▌N▄MнMKлNLKлM▌N▄M▌LлNм▀лM▌N▄Mм█лN▄лM▌NB≥┬▄Mн▀лN▀лMMлх▄MнKлNKлMMлх▄MнL▀лNлMMлх▄MнLKлNклMMлхB≥┬▄Mм█KлN▄KлMMл┬▄Mм█▀лN▄▀лMMл┬▄MнлNлMMл┬▄MнклNклMMл┬B≥┬▄MнM▀лNL▀лM▄▌H▄MлмклNнLклM▄▌H▄MнMклNLклM▄▌H▄MнNлNMлM▄▌HB≥┬▄MнNKлNMKлM▄л▄NлNM▀лM▄л▄NKлNMклM▄л▄N▀лNNлM▄лB≥┬▄NлNM▀лM▄лH▄NклNNKлM▄лH▄NлN▄лM▄лH▄NKлNMклM▄лHB≥┬▄NклNNKлMл┬▄NKлN▄KлMл┬▄N▀лN▄▀лMл┬▄NлN▄лMл┬B≥┬▄NKлN▄KлM▄лх▄NклN▄клM▄лх▄NлN█лM▄лх▄N▀лN▄▀лM▄лхB≥┬▄NKлN█KлM▄█▄NLлN█▀лM▄█▄NлN█лM▄█▄NклN▄клM▄█B≥┬▄NLKлN█клM▄м▄NL▀лN▌лM▄м▄MнM▀лNL▀лM▄м▄N▀лNNлM▄мB≥┬▄NLKлN█клM▄мH▄N▀лNNлM▄мH▄NKлNMклM▄мH▄NLклN▌KлM▄мHB≥┬▄NLклN▌KлM▄м┬▄NKлNMклM▄м┬▄NлN▄лM▄м┬▄NMлNллM▄м┬B≥┬▄NMлNллM▄мх▄NлN▄лM▄мх▄N▀лN▄▀лM▄мх▄NMKлNлKлM▄мхB≥┬▄NMKлNлKлM▄н▄N▀лN▄▀лM▄н▄NлN█лM▄н▄NM▀лNл▀лM▄нB≥┬▄NMклNлклM▄нH▄NNлNмлM▄нH▄NL▀лN▌лM▄нH▄NLKлN█клM▄нHB≥┬▄NNKлNмKлM▄H▄N▄лNм▀лM▄H▄NNлNмлM▄H▄NMклNлклM▄HB≥┬▄NMклNлклM█▄NLKлN█клM█▄NLклN▌KлM█▄N▄KлNмклM█B≥┬▄NNKлNмKлM█H▄NMклNлклM█H▄N▄KлNмклM█H▄N▄▀лNнлM█HB≥┬▄N▄KлNмклM█┬▄NLклN▌KлM█┬▄NMлNллM█┬▄N▄клNнKлM█┬B≥┬▄N▄▀лNнлM█х▄N▄KлNмклM█х▄N▄клNнKлM█х▄N█лNлM█хB≥┬▄N▄клNнKлM█▄NMлNллM█▄NMKлNлKлM█▄N█KлNKлM█B≥┬▄N█лNлM█H▄N▄клNнKлM█H▄N█KлNKлM█H▄N█▀лN▀лM█HB≥┬▄N█KлNKлM█┬▄NMKлNлKлM█┬▄NM▀лNл▀лM█┬▄N█клNклM█┬B≥┬▄N█▀лN▀лMлM▄N█KлNKлMлM▄N█клNклMлM▄N▌лNлMлMB≥┬▄N█▀лN▀лMMл┬▄N▌лNлMMл┬▄N▌KлNKлMMл┬▄NллN▀лMMл┬B≥┬▄N▌лNлMMл┬▄NлKлNклMMл┬▄Mн▀лNнлMMл┬▄N▌KлNKлMMл┬B≥┬▄Nл▀лNлMMн▄NлклNKлMMн▄NллN▀лMMн▄N▌KлNKлMMнB≥┬▄Nл▀лNлMMл┬▄Mлл▀лNнлMMл┬▄NмлNLлMMл┬▄NлклNKлMMл┬B≥┬▄NлклNKлMMн▄NNKлNмKлMMн▄N▄▀лNнлMMн▄NллN▀лMMнB≥┬▄NллN▀лMMл┬▄N▄▀лNнлMMл┬▄N█лNлMMл┬▄N█▀лN▀лMMл┬B≥┬▄NM▀лNл▀лM▄L┬▄NлN█лM▄L┬▄NLлN█▀лM▄L┬▄NмKлNLKлM▄L┬B≥┬▄N█клNклM▄▄┬▄NM▀лNл▀лM▄▄┬▄NмKлNLKлM▄▄┬▄Nм▀лNL▀лM▄▄┬B≥┬▄N▌лNлM▄▄х▄N█клNклM▄▄х▄Nм▀лNL▀лM▄▄х▄NлKлNклM▄▄хB≥┬▄Nл▀лNлMMн▄N▌KлNKлMMн▄Mн▀лNнлMMн▄MнKлNKлMMнB≥┬▄MнNKлNMKлM▄▌H▄N▀лNNлM▄▌H▄MнM▀лNL▀лM▄▌H▄MнNлNMлM▄▌HB≥┬▄MлнKлNнMKлM▄нH▄MлнлNнMлM▄нH▄NL▀лN▌лM▄нH▄NNлNмлM▄нHB≥┬▄Nл▀лNлMMл┬▄MнKлNKлMMл┬▄Mл▌KлNнKлMMл┬▄Mлл▀лNнлMMл┬B≥┬▄NNKлNмKлMMлх▄NлклNKлMMлх▄NмлNLлMMлх▄N▄лNм▀лMMлхB≥┬▄M▌клNлнKлMMл┬▄NмклNLклMMл┬▄MнLклNKлMMл┬▄MнL▀лNлMMл┬B≥┬▄M▌▀лNм▀лMMNH▄M█лNллMMNH▄M█LклNлKлMMNH▄M█L▀лNллMMNHB≥┬▄M▌клNмклMMл▄M▌▀лNм▀лMMл▄M█L▀лNллMMл▄M█▌лNл█лMMлB≥┬▄M█лклNл▌KлMMлH▄M▌клNмклMMлH▄M█▌лNл█лMMлH▄M█ллNл█▀лMMлHB≥┬▄Mл█лNнлMMл┬▄MлмKлNнLKлMMл┬▄M█м▀лNлл▀лMMл┬▄M█мKлNллKлMMл┬B≥┬▄Mл▀лNмNлMMм▄M█MлNлLлMMм▄M█LклNлKлMMм▄M▌KлNмKлMMмB≥┬▄M█▌KлNл█KлMMл┬▄Mл█лNнлMMл┬▄M█мKлNллKлMMл┬▄M█ллNл█▀лMMл┬B≥┬▄MлмKлNнLKлMMн▄MмлNнM▀лMMн▄M▌лNмлMMн▄M█м▀лNлл▀лMMнB≥┬▄NмKлNLKлM▄L┬▄NLлN█▀лM▄L┬▄Mм▄▀лNNлM▄L┬▄Mм▄KлNMклM▄L┬B≥┬▄Nм▀лNL▀лM▄▄┬▄NмKлNLKлM▄▄┬▄Mм▄KлNMклM▄▄┬▄Mмм▀лNл▀лM▄▄┬B≥┬▄NлKлNклM▄▄х▄Nм▀лNL▀лM▄▄х▄Mмм▀лNл▀лM▄▄х▄MмнлNмлM▄▄хB≥┬▄MнKлNмклMMн▄MнLKлNклMMн▄MнлNлMMн▄MнклNнKлMMнB≥┬▄NLлN█▀лM▄█▄NKлN█KлM▄█▄MнLлN▀лM▄█▄Mм▄▀лNNлM▄█B≥┬▄Mн▀лNнлMMл┬▄NлKлNклMMл┬▄MмнлNмлMMл┬▄MнклNнKлMMл┬B≥┬▄Mл▌KлNнKлMMл┬▄MнKлNKлMMл┬▄MнлNлMMл┬▄MнLклNKлMMл┬B≥┬▄MмлNнM▀лMMл┬▄MлллNн▀лMMл┬▄NмклNLклMMл┬▄M▌лNмлMMл┬B≥┬▄MмMлNLлM▄▌▄MнMлNLлM▄▌▄M▄лKлN▌клM▄▌▄M▄ллN▌▀лM▄▌B≥┬▄MнL▀лNлMMлх▄MнKлNKлMMлх▄M▌лNмлMMлх▄M▌клNлнKлMMлхB≥┬▄Mм█▀лN▄▀лM█нH▄Mм█лN▄лM█нH▄M▌LлNм▀лM█нH▄M▌KлNмKлM█нHB≥┬▄MнKлNKлMMл┬▄MнлNлMMл┬▄M▌LKлNмклMMл┬▄M▌лNмлMMл┬B≥┬▄MмлNнM▀лMMл┬▄Mл▌лNнлMMл┬▄MллKлNнклMMл┬▄MлллNн▀лMMл┬B≥┬▄N▄лNм▀лMMлх▄NмлNLлMMлх▄MлмлNнLлMMлх▄MллклNнKлMMлхB≥┬▄MнM▀лNL▀лM▄м▄NL▀лN▌лM▄м▄MлнлNнMлM▄м▄MлмклNнLклM▄мB≥┬▄NNлNмлM▄H▄N▄лNм▀лM▄H▄MллклNнKлM▄H▄MлнKлNнMKлM▄HB≥┬▄NмлNLлMMл┬▄Mлл▀лNнлMMл┬▄MллKлNнклMMл┬▄MлмлNнLлMMл┬B≥┬▄M█NлNлMлMMл┬▄M▌KлNлмклMMл┬▄M▌LKлNмклMMл┬▄M▌KлNмKлMMл┬B≥┬▄M▄▌KлN▌KлM█л▄M█▀лNл▀лM█л▄MнMKлNLKлM█л▄M▄ллN▌▀лM█лB≥┬▄M█▀лNл▀лM▌N▄M█M▀лNлL▀лM▌N▄M▌LлNм▀лM▌N▄MнMKлNLKлM▌NB≥┬▄MллNм▄лM▄▄Mлм▀лNнL▀лM▄▄MнMклNLклM▄▄MлмклNнLклM▄B≥┬▄MлLKлNм█клM▄нH▄MлKлNм▄KлM▄нH▄MлнлNнMлM▄нH▄MлнKлNнMKлM▄нHB≥┬▄M▌▀лNлнлMMл┬▄M▌лNмлMMл┬▄NмклNLклMMл┬▄M▌клNлнKлMMл┬B≥┬▄Mл▌KлNнKлMMл┬▄MнLклNKлMMл┬▄NмклNLклMMл┬▄MлллNн▀лMMл┬B≥┬▄NнлNMлMM▄NнKлNMKлMM▄NлNM▀лMM▄NKлNMклMMB≥┬▄N▀лNNлMMH▄NклNNKлMMH▄NлNLлMMH▄NKлNLKлMMHB≥┬▄NклNNKлMML▄N▀лNL▀лMML▄NклNLклMML▄NлNLлMMLB≥┬▄N▀лNL▀лM█▄NлNLлM█▄NKлNLKлM█▄NклNLклM█B≥┬▄NлNLлM█H▄NLлNL▀лM█H▄NLKлNLклM█H▄NKлNLKлM█HB≥┬▄NL▀лNLлMMLх▄NLклNLKлMMLх▄NLKлNLклMMLх▄NLлNL▀лMMLхB≥┬▄NMлNLLлM█L▄NMKлNLLKлM█L▄NнлNMлM█L▄NKлNLKлM█LB≥┬▄NMлNLLлM█LH▄NKлNLKлM█LH▄NлNLлM█LH▄NM▀лNLL▀лM█LHB≥┬▄NM▀лNLL▀лMMM┬▄NлNLлMMM┬▄NклNLклMMM┬▄NMклNLLклMMM┬B≥┬▄NMклNLLклMMMх▄NклNLклMMMх▄NKлNLKлMMMх▄NNлNLMлMMMхB≥┬▄NNлNLMлMMN▄NKлNLKлMMN▄NLKлNLклMMN▄NNKлNLMKлMMNB≥┬▄N▄лNLM▀лMMNH▄N▄KлNLMклMMNH▄N▄▀лNLNлMMNH▄N▄клNLNKлMMNHB≥┬▄N█лNL▄лM█L┬▄N█KлNL▄KлM█L┬▄NMKлNLLKлM█L┬▄NMлNLLлM█L┬B≥┬▄N█▀лNL▄▀лMM▄H▄N█клNL▄клMM▄H▄N█KлNL▄KлMM▄H▄N█лNL▄лMM▄HB≥┬▄N█лNL▄лM█Lх▄NMлNLLлM█Lх▄NM▀лNLL▀лM█Lх▄N▌лNL█лM█LхB≥┬▄N█▀лNL▄▀лM█M▄N█лNL▄лM█M▄N▌лNL█лM█M▄N▌KлNL█KлM█MB≥┬▄N▌лNL█лM█MH▄NM▀лNLL▀лM█MH▄NMклNLLклM█MH▄NллNL█▀лM█MHB≥┬▄N▌KлNL█KлMM█H▄N▌лNL█лMM█H▄NллNL█▀лMM█H▄NлKлNL█клMM█HB≥┬▄NллNL█▀лM█M┬▄NMклNLLклM█M┬▄NNлNLMлM█M┬▄Nл▀лNL▌лM█M┬B≥┬▄NлKлNL█клMM█х▄NллNL█▀лMM█х▄Nл▀лNL▌лMM█х▄NлклNL▌KлMM█хB≥┬▄Nл▀лNL▌лMM▌▄NNлNLMлMM▌▄NNKлNLMKлMM▌▄NмлNLллMM▌B≥┬▄NлклNL▌KлMM▌H▄Nл▀лNL▌лMM▌H▄NмлNLллMM▌H▄NмKлNLлKлMM▌HB≥┬▄Nм▀лNLл▀лMMл▄NмклNLлклMMл▄N▄KлNLMклMMл▄N▄лNLM▀лMMлB≥┬▄NнлNLмлMMлH▄NнKлNLмKлMMлH▄NмклNLлклMMлH▄Nм▀лNLл▀лMMлHB≥┬▄NлклNL▌KлMMл┬▄NмKлNLлKлMMл┬▄NлNLм▀лMMл┬▄NKлNLмклMMл┬B≥┬▄NмKлNLлKлMMл┬▄N▀лNLнлMMл┬▄NклNLнKлMMл┬▄NлNLм▀лMMл┬B≥┬▄NклNLнKлMMл┬▄NлNMлMMл┬▄NKлNMKлMMл┬▄N▀лNM▀лMMл┬B≥┬▄NклNMклMMл┬▄NлNMлMMл┬▄NKлNLмклMMл┬▄NлNLм▀лMMл┬B≥┬▄NклNMклMMл┬▄NKлNMKлMMл┬▄NLлNM▀лMMл┬▄NлNMлMMл┬B≥┬▄NLKлNMклMMлх▄NL▀лNMлMMлх▄NLклNMKлMMлх▄NKлNMKлMMлхB≥┬▄NлNMлMMл┬▄N█▀лNL▄▀лMMл┬▄N▌KлNL█KлMMл┬▄NKлNLмклMMл┬B≥┬▄NKлNLмклMMл┬▄N▌KлNL█KлMMл┬▄NлKлNL█клMMл┬▄NлклNL▌KлMMл┬B≥┬▄NMлNMLлMMм▄N▄▀лNLNлMMм▄NLклNLKлMMм▄NL▀лNLлMMмB≥┬▄NNKлNLMKлMMмH▄NLKлNLклMMмH▄NLклNLKлMMмH▄NMKлNMLKлMMмHB≥┬▄NмлNLллMMм┬▄NNKлNLMKлMMм┬▄NMKлNMLKлMMм┬▄NM▀лNML▀лMMм┬B≥┬▄NмKлNLлKлMMмх▄NмлNLллMMмх▄NM▀лNML▀лMMмх▄N▀лNLнлMMмхB≥┬▄NнKлNLмKлMMл┬▄NлNMлMMл┬▄NклNLнKлMMл┬▄N▀лNLнлMMл┬B≥┬▄NклNMклMMл┬▄NлNLм▀лMMл┬▄NклNLнKлMMл┬▄N▀лNM▀лMMл┬B≥┬▄NKлNMKлMMн▄NMклNMLклMMн▄NLKлNMклMMн▄N▀лNM▀лMMнB≥┬▄N▀лNNлMM▄NKлNLKлMM▄NнлNMлMM▄NKлNMклMMB≥┬▄NNлNMMлMMнH▄NNKлNMMKлMMнH▄N█KлNL▄KлMMнH▄N█клNL▄клMMнHB≥┬▄NLклNMKлMMл┬▄NLлNMM▀лMMл┬▄NLлNM▀лMMл┬▄NKлNMKлMMл┬B≥┬▄NклNMклMN▄N▀лNM▀лMN▄NLKлNMклMN▄NKлNMKлMNB≥┬▄N█▀лNL▄▀лMMн▄NлNMлMMн▄NLлNM▀лMMн▄N█клNL▄клMMнB≥┬▄NLKлNMMклMлл┬▄NL▀лNMNлMлл┬▄NLклNMNKлMлл┬▄NLлNM▄лMлл┬B≥┬▄NLлNM▄лMN┬▄NLклNMNKлMN┬▄NLKлNM▄KлMN┬▄NL▀лNM▄▀лMN┬B≥┬▄NL▀лNM▄▀лMлM┬▄NLKлNM▄KлMлM┬▄NLклNM▄клMлM┬▄NLлNM█лMлM┬B≥┬▄NLлNM█лMN▄NLклNM▄клMN▄NLKлNM█KлMN▄NLLлNM█▀лMNB≥┬▄NLLKлNM█клMMм▄NLLлNM█▀лMMм▄NLKлNM█KлMMм▄N▄клNLNKлMMмB≥┬▄NLL▀лNM▌лMллх▄NL▀лNMNлMллх▄NLLклNM▌KлMллх▄NLMлNMллMллхB≥┬▄NLL▀лNM▌лMлм▄NLMKлNMлKлMлм▄NLклNMNKлMлм▄NL▀лNMNлMлмB≥┬▄NLMKлNMлKлMNх▄NLM▀лNMл▀лMNх▄NLKлNM▄KлMNх▄NLклNMNKлMNхB≥┬▄NLM▀лNMл▀лMN▄NLMклNMлклMN▄NLклNM▄клMN▄NLKлNM▄KлMNB≥┬▄NLMклNMлклMNH▄NLNлNMмлMNH▄NLKлNM█KлMNH▄NLклNM▄клMNHB≥┬▄NLNKлNMмKлMлмH▄NLL▀лNM▌лMлмH▄NLMлNMллMлмH▄NL▄лNMм▀лMлмHB≥┬▄NL▄KлNMмклMNLH▄NLNKлNMмKлMNLH▄NL▄лNMм▀лMNLH▄NL▄▀лNMнлMNLHB≥┬▄NLNKлNMмKлMлм┬▄NL▄клNMнKлMлм┬▄NLMKлNMлKлMлм┬▄NLL▀лNM▌лMлм┬B≥┬▄NL▄KлNMмклMNLх▄NL█лNNлMNLх▄NL▄клNMнKлMNLх▄NLNKлNMмKлMNLхB≥┬▄NL▄клNMнKлMNM▄NL█KлNNKлMNM▄NLM▀лNMл▀лMNM▄NLMKлNMлKлMNMB≥┬▄NL█лNNлMNMH▄NL█▀лNN▀лMNMH▄NL█KлNNKлMNMH▄NL▄клNMнKлMNMHB≥┬▄NL█KлNNKлMNM┬▄NL█клNNклMNM┬▄NLMклNMлклMNM┬▄NLM▀лNMл▀лMNM┬B≥┬▄NL█▀лNN▀лMNMх▄NL▌лNNлMNMх▄NL█клNNклMNMх▄NL█KлNNKлMNMхB≥┬▄NL█клNNклMNN▄NL▌KлNNKлMNN▄NLNлNMмлMNN▄NLMклNMлклMNNB≥┬▄NL▌лNNлMлMH▄NLллNN▀лMлMH▄NL▌KлNNKлMлMH▄NL█клNNклMлMHB≥┬▄NL▌лNNлMMлх▄NLлKлNNклMMлх▄NLл▀лNNлMMлх▄NLллNN▀лMMлхB≥┬▄NLллNN▀лMMл┬▄NLл▀лNNлMMл┬▄NLлклNNKлMMл┬▄NнлNLмлMMл┬B≥┬▄NLмлNNLлMMл┬▄NLл▀лNNлMMл┬▄NLлKлNNклMMл┬▄NLмKлNNLKлMMл┬B≥┬▄NLмлNNLлMMл┬▄NLмKлNNLKлMMл┬▄NLм▀лNNL▀лMMл┬▄NLмклNNLклMMл┬B≥┬▄NLнлNNMлMMл┬▄NLнKлNNMKлMMл┬▄NMлNNM▀лMMл┬▄NMKлNNMклMMл┬B≥┬▄NL▄▀лNMнлMMлх▄NM▀лNNNлMMлх▄NMклNNNKлMMлх▄NLм▀лNNL▀лMMлхB≥┬▄NLмKлNNLKлMMл┬▄NLлKлNNклMMл┬▄NL█лNNлMMл┬▄NL▄KлNMмклMMл┬B≥┬▄NLлKлNNклMMлх▄NL▌лNNлMMлх▄NL█▀лNN▀лMMлх▄NL█лNNлMMлхB≥┬▄NLNлNMмлMMNH▄N▄лNLM▀лMMNH▄N▄клNLNKлMMNH▄NLKлNM█KлMMNHB≥┬▄NL▌KлNNKлMMл▄Nм▀лNLл▀лMMл▄N▄лNLM▀лMMл▄NLNлNMмлMMлB≥┬▄NLллNN▀лMMлH▄NнлNLмлMMлH▄Nм▀лNLл▀лMMлH▄NL▌KлNNKлMMлHB≥┬▄NLмлNNLлMMл┬▄NMлN▄лMMл┬▄NLлклNNKлMMл┬▄NLл▀лNNлMMл┬B≥┬▄NLKлNMMклM▄▄NMKлN▄KлM▄▄NLLклNM▌KлM▄▄NL▀лNMNлM▄B≥┬▄NLLклNM▌KлMллх▄NM▀лN▄▀лMллх▄NMклN▄клMллх▄NLMлNMллMллхB≥┬▄NL▄лNMм▀лM▄H▄NMлN▄лM▄H▄NM▀лNNNлM▄H▄NL▄▀лNMнлM▄HB≥┬▄NLм▀лNNL▀лMMл┬▄NMклNNNKлMMл┬▄NMлNNM▀лMMл┬▄NLмклNNLклMMл┬B≥┬▄NLмлNNLлMMн▄NLмклNNLклMMн▄NMKлN▄KлMMн▄NMлN▄лMMнB≥┬▄NL▄KлNMмклMN▄NL▄▀лNMнлMN▄NLм▀лNNL▀лMN▄NLмKлNNLKлMNB≥┬▄NMLлN▄▀лM▄┬▄NMLKлN▄клM▄┬▄NML▀лN▄лM▄┬▄NMLклN▄KлM▄┬B≥┬▄NMLклN▄KлM▄х▄NML▀лN▄лM▄х▄NMMлN▄LлM▄х▄NMMKлN▄LKлM▄хB≥┬▄NMMKлN▄LKлM█Mх▄NMMлN▄LлM█Mх▄NMM▀лN▄L▀лM█Mх▄NMMклN▄LклM█MхB≥┬▄NMMклN▄LклM█N▄NMM▀лN▄L▀лM█N▄NMNлN▄MлM█N▄NMNKлN▄MKлM█NB≥┬▄NM▄лN▄M▀лM▄┬▄NMNKлN▄MKлM▄┬▄NMNлN▄MлM▄┬▄NM▄KлN▄MклM▄┬B≥┬▄NM▄▀лN▄NлM█NH▄NMLKлN▄клM█NH▄NM▄клN▄NKлM█NH▄NM█лN▄▄лM█NHB≥┬▄NM▄▀лN▄NлM█▄▄NM█KлN▄▄KлM█▄▄NML▀лN▄лM█▄▄NMLKлN▄клM█▄B≥┬▄NM█KлN▄▄KлM▄H▄NM█▀лN▄▄▀лM▄H▄NMMлN▄LлM▄H▄NML▀лN▄лM▄HB≥┬▄NM█▀лN▄▄▀лMлмх▄NM█клN▄▄клMлмх▄NMM▀лN▄L▀лMлмх▄NMMлN▄LлMлмхB≥┬▄NM█клN▄▄клM▄LH▄NM▌лN▄█лM▄LH▄NMNлN▄MлM▄LH▄NMM▀лN▄L▀лM▄LHB≥┬▄NM▌KлN▄█KлM▄L┬▄NMллN▄█▀лM▄L┬▄NMлKлN▄█клM▄L┬▄NM▄KлN▄MклM▄L┬B≥┬▄NMл▀лN▄▌лM█▄H▄NM▄▀лN▄NлM█▄H▄NM█лN▄▄лM█▄H▄NMлклN▄▌KлM█▄HB≥┬▄NMмлN▄ллMMнH▄NMл▀лN▄▌лMMнH▄NMлклN▄▌KлMMнH▄NMмKлN▄лKлMMнHB≥┬▄NMл▀лN▄▌лM█▄┬▄NMм▀лN▄л▀лM█▄┬▄NM█KлN▄▄KлM█▄┬▄NM▄▀лN▄NлM█▄┬B≥┬▄NMмлN▄ллM█▄х▄NMмклN▄лклM█▄х▄NMм▀лN▄л▀лM█▄х▄NMл▀лN▄▌лM█▄хB≥┬▄NMм▀лN▄л▀лM██▄NMнлN▄млM██▄NM█▀лN▄▄▀лM██▄NM█KлN▄▄KлM██B≥┬▄NMмклN▄лклM▄Mх▄NMнKлN▄мKлM▄Mх▄NMнлN▄млM▄Mх▄NMм▀лN▄л▀лM▄MхB≥┬▄NMнлN▄млM██H▄NNлN▄м▀лM██H▄NM█клN▄▄клM██H▄NM█▀лN▄▄▀лM██HB≥┬▄NMнKлN▄мKлM▄NH▄NNKлN▄мклM▄NH▄NNлN▄м▀лM▄NH▄NMнлN▄млM▄NHB≥┬▄NNлN▄м▀лM▄▄▄NN▀лN▄нлM▄▄▄NM▌лN▄█лM▄▄▄NM█клN▄▄клM▄▄B≥┬▄NNKлN▄мклM▄▄H▄NNклN▄нKлM▄▄H▄NN▀лN▄нлM▄▄H▄NNлN▄м▀лM▄▄HB≥┬▄NNлN█лM▄▄┬▄NNKлN█KлM▄▄┬▄NMллN▄█▀лM▄▄┬▄NM▌KлN▄█KлM▄▄┬B≥┬▄NN▀лN█▀лM▄▄х▄NNклN█клM▄▄х▄NNKлN█KлM▄▄х▄NNлN█лM▄▄хB≥┬▄NNKлN▄мклMMл┬▄NNлN█лMMл┬▄NNKлN█KлMMл┬▄NNклN▄нKлMMл┬B≥┬▄NNклN▄нKлMMл┬▄NNKлN█KлMMл┬▄NNLлN█▀лMMл┬▄NN▀лN█▀лMMл┬B≥┬▄NNLKлN█клMMн▄NNL▀лN█лMMн▄NNLклN█KлMMн▄NNMлN█LлMMнB≥┬▄NNMKлN█LKлMMн▄NNKлN█KлMMн▄NNлN█лMMн▄NNM▀лN█L▀лMMнB≥┬▄NNMKлN█LKлMMл┬▄NNM▀лN█L▀лMMл┬▄NNMклN█LклMMл┬▄NNNлN█MлMMл┬B≥┬▄NMмKлN▄лKлMMл┬▄NNлNMMлMMл┬▄NLлNMM▀лMMл┬▄NNMклN█LклMMл┬B≥┬▄NNM▀лN█L▀лMMн▄NNлN█лMMн▄NMмклN▄лклMMн▄NMмлN▄ллMMнB≥┬▄NNлN█лMMл┬▄NNKлN▄мклMMл┬▄NMнKлN▄мKлMMл┬▄NMмклN▄лклMMл┬B≥┬▄NM▄KлN▄MклM▄█▄NMлKлN▄█клM▄█▄NNNKлN█MKлM▄█▄NM▄лN▄M▀лM▄█B≥┬▄NM▌лN▄█лM▄█H▄NM▌KлN▄█KлM▄█H▄NM▄KлN▄MклM▄█H▄NMNлN▄MлM▄█HB≥┬▄NN▀лN▄нлM▄█┬▄NNлN█лM▄█┬▄NM▌KлN▄█KлM▄█┬▄NM▌лN▄█лM▄█┬B≥┬▄NNклN▄нKлM▄█х▄NN▀лN█▀лM▄█х▄NNлN█лM▄█х▄NN▀лN▄нлM▄█хB≥┬▄NNLлN█▀лMMл┬▄NNL▀лN█лMMл┬▄NNклN█клMMл┬▄NN▀лN█▀лMMл┬B≥┬▄NNMKлN█LKлMMн▄▄лN█M▀лMMн▄NNLлN█▀лMMн▄NNKлN█KлMMнB≥┬▄▄KлN█MклMMл┬▄▄▀лN█NлMMл┬▄NNLклN█KлMMл┬▄▄лN█M▀лMMл┬B≥┬▄NMLлN▄▀лM▄▌▄▄клN█NKлM▄▌▄NM▄клN▄NKлM▄▌▄NMLKлN▄клM▄▌B≥┬▄NM▄клN▄NKлM█NH▄NнKлNMKлM█NH▄▄лN█▄лM█NH▄NM█лN▄▄лM█NHB≥┬▄NM█лN▄▄лM█▄H▄▄лN█▄лM█▄H▄NNKлNMMKлM█▄H▄NMлклN▄▌KлM█▄HB≥┬▄NNMKлN█LKлMMлх▄NNNлN█MлMMлх▄▄KлN█MклMMлх▄▄лN█M▀лMMлхB≥┬▄NMмлN▄ллMMл┬▄NMмKлN▄лKлMMл┬▄NNMклN█LклMMл┬▄NNM▀лN█L▀лMMл┬B≥┬▄▄KлN█▄KлM▄▌H▄NM▀лN▄▀лM▄▌H▄▄▀лN█▄▀лM▄▌H▄▄клN█▄клM▄▌HB≥┬▄▄лN██лMлн▄▄KлN██KлMлн▄▄LлN██▀лMлн▄▄LKлN██клMлнB≥┬▄▄KлN██KлM▄лH▄▄L▀лN█▌лM▄лH▄▄LклN█▌KлM▄лH▄▄LлN██▀лM▄лHB≥┬▄▄L▀лN█▌лMлMх▄▄MлN█ллMлMх▄▄MKлN█лKлMлMх▄▄LклN█▌KлMлMхB≥┬▄▄MлN█ллM▄лх▄▄M▀лN█л▀лM▄лх▄▄MклN█лклM▄лх▄▄MKлN█лKлM▄лхB≥┬▄▄NлN█млM▄█▄▄NKлN█мKлM▄█▄▄MклN█лклM▄█▄▄M▀лN█л▀лM▄█B≥┬▄▄▄лN█м▀лMлнH▄▄▄KлN█мклMлнH▄▄KлN█▄KлMлнH▄▄LKлN██клMлнHB≥┬▄▄▄лN█м▀лMм▄▄LKлN██клMм▄▄LлN██▀лMм▄▄▄▀лN█нлMмB≥┬▄▄▄▀лN█нлM▄м┬▄▄LлN██▀лM▄м┬▄▄LклN█▌KлM▄м┬▄▄▄клN█нKлM▄м┬B≥┬▄▄▄клN█нKлM▄мх▄▄LклN█▌KлM▄мх▄▄MKлN█лKлM▄мх▄▄█лN▌лM▄мхB≥┬▄▄█лN▌лM▄н▄▄MKлN█лKлM▄н▄▄MклN█лклM▄н▄▄█KлN▌KлM▄нB≥┬▄▄█▀лN▌▀лMмH▄▄█клN▌клMмH▄▄▄KлN█мклMмH▄▄▄лN█м▀лMмHB≥┬▄▄▌лN▌лM▄H▄▄▌KлN▌KлM▄H▄▄█клN▌клM▄H▄▄█▀лN▌▀лM▄HB≥┬▄▄█▀лN▌▀лMм┬▄▄▄лN█м▀лMм┬▄▄▄▀лN█нлMм┬▄▄ллN▌▀лMм┬B≥┬▄▄▌лN▌лM█H▄▄█▀лN▌▀лM█H▄▄ллN▌▀лM█H▄▄лKлN▌клM█HB≥┬▄▄ллN▌▀лM█┬▄▄▄▀лN█нлM█┬▄▄▄клN█нKлM█┬▄▄л▀лN▌лM█┬B≥┬▄▄лKлN▌клM█х▄▄ллN▌▀лM█х▄▄л▀лN▌лM█х▄▄лклN▌KлM█хB≥┬▄▄л▀лN▌лM█▄▄▄клN█нKлM█▄▄█лN▌лM█▄▄млN▌LлM█B≥┬▄▄лклN▌KлM█H▄▄л▀лN▌лM█H▄▄млN▌LлM█H▄▄мKлN▌LKлM█HB≥┬▄▄млN▌LлM█┬▄▄█лN▌лM█┬▄▄█KлN▌KлM█┬▄▄м▀лN▌L▀лM█┬B≥┬▄▄мKлN▌LKлMлM▄▄млN▌LлMлM▄▄м▀лN▌L▀лMлM▄▄мклN▌LклMлMB≥┬▄▄мKлN▌LKлMMл┬▄▄мклN▌LклMMл┬▄▄нлN▌MлMMл┬▄▄нKлN▌MKлMMл┬B≥┬▄▄мклN▌LклMMл┬▄▄лN▌M▀лMMл┬▄NNLKлN█клMMл┬▄▄нлN▌MлMMл┬B≥┬▄▄KлN▌MклMMн▄▄▀лN▌NлMMн▄▄нKлN▌MKлMMн▄▄нлN▌MлMMнB≥┬▄▄KлN▌MклMMл┬▄NMKлNNMклMMл┬▄▄клN▌NKлMMл┬▄▄▀лN▌NлMMл┬B≥┬▄▄▀лN▌NлMMн▄▄▌лN▌лMMн▄▄лKлN▌клMMн▄▄нKлN▌MKлMMнB≥┬▄▄нKлN▌MKлMMл┬▄▄лKлN▌клMMл┬▄▄лклN▌KлMMл┬▄▄мKлN▌LKлMMл┬B≥┬▄▄█KлN▌KлM▄L┬▄▄MклN█лклM▄L┬▄▄NKлN█мKлM▄L┬▄▄лNллM▄L┬B≥┬▄▄м▀лN▌L▀лM▄▄┬▄▄█KлN▌KлM▄▄┬▄▄лNллM▄▄┬▄▄KлNлKлM▄▄┬B≥┬▄▄мклN▌LклM▄▄х▄▄м▀лN▌L▀лM▄▄х▄▄KлNлKлM▄▄х▄▄лN▌M▀лM▄▄хB≥┬▄▄KлN▌MклMMн▄▄нлN▌MлMMн▄NNLKлN█клMMн▄NNMлN█LлMMнB≥┬▄▄лN██лM▄▌H▄▄LKлN██клM▄▌H▄▄KлN█▄KлM▄▌H▄▄клN█▄клM▄▌HB≥┬▄NMлN▄лMмH▄NMклN▄клMмH▄▄▄KлN█мклMмH▄▄█клN▌клMмHB≥┬▄▄KлN▌MклMMл┬▄NNMлN█LлMMл┬▄NLнлNNMлMMл┬▄NMKлNNMклMMл┬B≥┬▄▄▌лN▌лMMлх▄▄▀лN▌NлMMлх▄▄клN▌NKлMMлх▄▄▌KлN▌KлMMлхB≥┬▄NL▀лNMлMMл┬▄▄▀лNл▀лMMл┬▄▄▀лN█NлMMл┬▄▄KлN█MклMMл┬B≥┬▄NMKлNMLKлMMNH▄NLклNLKлMMNH▄N▄▀лNLNлMMNH▄N▄KлNLMклMMNHB≥┬▄NM▀лNML▀лMMл▄NMKлNMLKлMMл▄N▄KлNLMклMMл▄NмклNLлклMMлB≥┬▄N▀лNLнлMMлH▄NM▀лNML▀лMMлH▄NмклNLлклMMлH▄NнKлNLмKлMMлHB≥┬▄NLлклNNKлMMл┬▄NMлN▄лMMл┬▄NKлNMKлMMл┬▄NлNMлMMл┬B≥┬▄NLLKлNM█клMMм▄N▄клNLNKлMMм▄N▄▀лNLNлMMм▄NMлNMLлMMмB≥┬▄NнлNLмлMMл┬▄NLлклNNKлMMл┬▄NлNMлMMл┬▄NнKлNLмKлMMл┬B≥┬▄NMлN▄лMMн▄NMKлN▄KлMMн▄NMклNMLклMMн▄NKлNMKлMMнB≥┬▄▄лNллM▄L┬▄▄NKлN█мKлM▄L┬▄NMлKлN▄█клM▄L┬▄NMллN▄█▀лM▄L┬B≥┬▄▄KлNлKлM▄▄┬▄▄лNллM▄▄┬▄NMллN▄█▀лM▄▄┬▄NNKлN█KлM▄▄┬B≥┬▄▄лN▌M▀лM▄▄х▄▄KлNлKлM▄▄х▄NNKлN█KлM▄▄х▄NNклN█клM▄▄хB≥┬▄NNLлN█▀лMMн▄▄лN█M▀лMMн▄NNLклN█KлMMн▄NNL▀лN█лMMнB≥┬▄▄NKлN█мKлM▄█▄▄NлN█млM▄█▄NNNKлN█MKлM▄█▄NMлKлN▄█клM▄█B≥┬▄NNLKлN█клMMл┬▄▄лN▌M▀лMMл┬▄NNклN█клMMл┬▄NNL▀лN█лMMл┬B≥┬▄NLнлNNMлMMл┬▄NNMлN█LлMMл┬▄NNLклN█KлMMл┬▄▄▀лN█NлMMл┬B≥┬▄NMKлN▄KлMMл┬▄NLнKлNNMKлMMл┬▄▄▀лNл▀лMMл┬▄NMклNMLклMMл┬B≥┬▄NM▄клN▄NKлM▄▌▄▄клN█NKлM▄▌▄NлNM▀лM▄▌▄NнKлNMKлM▄▌B≥┬▄▄KлN█MклMMлх▄NNNлN█MлMMлх▄NLклNMKлMMлх▄NL▀лNMлMMлхB≥┬▄NMмKлN▄лKлMMнH▄NMлклN▄▌KлMMнH▄NNKлNMMKлMMнH▄NNлNMMлMMнHB≥┬▄NNNлN█MлMMл┬▄NNMклN█LклMMл┬▄NLлNMM▀лMMл┬▄NLклNMKлMMл┬B≥┬▄NMKлN▄KлMMл┬▄NLмклNNLклMMл┬▄NMлNNM▀лMMл┬▄NLнKлNNMKлMMл┬B≥┬▄▄▌KлN▌KлMMлх▄▄клN▌NKлMMлх▄NMклNNNKлMMлх▄NM▀лNNNлMMлхB≥┬▄▄KлN█▄KлMлнH▄▄▄KлN█мклMлнH▄NMклN▄клMлнH▄NM▀лN▄▀лMлнHB≥┬▄▄█клN▌клM▄H▄▄▌KлN▌KлM▄H▄NM▀лNNNлM▄H▄NMлN▄лM▄HB≥┬▄▄клN▌NKлMMл┬▄NMKлNNMклMMл┬▄NMлNNM▀лMMл┬▄NMклNNNKлMMл┬B≥┬▄N█клNL▄клMMл┬▄NLлNM▀лMMл┬▄NLлNMM▀лMMл┬▄NNлNMMлMMл┬B≥┬▄NнлNMлM█L▄NMKлNLLKлM█L▄▄лN█▄лM█L▄NнKлNMKлM█LB≥┬▄NMKлNLLKлM█▄H▄N█KлNL▄KлM█▄H▄NNKлNMMKлM█▄H▄▄лN█▄лM█▄HB≥┬▄NLLклNM▌KлM▄▄NMKлN▄KлM▄▄▄▀лN█▄▀лM▄▄NM▀лN▄▀лM▄B≥┬▄NL▄лNMм▀лMмH▄NLMлNMллMмH▄NMклN▄клMмH▄NMлN▄лMмHB≥┬▄NLKлNMклMMл┬▄NMклNMLклMMл┬▄▄▀лNл▀лMMл┬▄NL▀лNMлMMл┬B≥┬▄NLнлNNMлMMл┬▄▄▀лN█NлMMл┬▄▄▀лNл▀лMMл┬▄NLнKлNNMKлMMл┬B≥┬▄▄клNлклMM▄▄лNллMM▄▄KлNлKлMM▄▄LлNл▀лMMB≥┬▄▄LKлNлклM██┬▄▄L▀лNллM██┬▄▄LклNлKлM██┬▄▄MлNлLлM██┬B≥┬▄▄L▀лNллM██х▄▄MKлNлLKлM██х▄▄M▀лNлL▀лM██х▄▄LклNлKлM██хB≥┬▄▄MKлNлLKлM█▌▄▄MклNлLклM█▌▄▄NлNлMлM█▌▄▄M▀лNлL▀лM█▌B≥┬▄▄MклNлLклM█▌H▄▄NKлNлMKлM█▌H▄▄▄лNлM▀лM█▌H▄▄NлNлMлM█▌HB≥┬▄▄▄KлNлMклMMLх▄▄▄▀лNлNлMMLх▄▄▄лNлM▀лMMLх▄▄NKлNлMKлMMLхB≥┬▄▄▄клNлNKлM█л▄▄█лNл▄лM█л▄▄клNлклM█л▄▄MлNлLлM█лB≥┬▄▄▄клNлNKлM█лH▄▄MлNлLлM█лH▄▄LклNлKлM█лH▄▄█KлNл▄KлM█лHB≥┬▄▄█KлNл▄KлM█л┬▄▄LклNлKлM█л┬▄▄M▀лNлL▀лM█л┬▄▄█▀лNл▄▀лM█л┬B≥┬▄▄█▀лNл▄▀лMMMх▄▄M▀лNлL▀лMMMх▄▄NлNлMлMMMх▄▄█клNл▄клMMMхB≥┬▄▄█клNл▄клMMN▄▄NлNлMлMMN▄▄▄лNлM▀лMMN▄▄▌лNл█лMMNB≥┬▄▄▌KлNл█KлMMNH▄▄ллNл█▀лMMNH▄▄лKлNл█клMMNH▄▄л▀лNл▌лMMNHB≥┬▄▄лклNл▌KлM█лх▄▄млNлллM█лх▄▄█лNл▄лM█лх▄▄▄клNлNKлM█лхB≥┬▄▄мKлNллKлM█м▄▄м▀лNлл▀лM█м▄▄млNлллM█м▄▄лклNл▌KлM█мB≥┬▄▄лклNл▌KлM█мH▄▄▄клNлNKлM█мH▄▄█KлNл▄KлM█мH▄▄мклNллклM█мHB≥┬▄▄мKлNллKлMM▄х▄▄лклNл▌KлMM▄х▄▄мклNллклMM▄х▄▄нлNлмлMM▄хB≥┬▄▄мклNллклMM█▄▄█KлNл▄KлMM█▄▄█▀лNл▄▀лMM█▄▄нKлNлмKлMM█B≥┬▄▄нлNлмлM█м┬▄▄мклNллклM█м┬▄▄нKлNлмKлM█м┬▄▄лNлм▀лM█м┬B≥┬▄▄нKлNлмKлMлN▄▄█▀лNл▄▀лMлN▄▄█клNл▄клMлN▄▄KлNлмклMлNB≥┬▄▄лNлм▀лMM█х▄▄нKлNлмKлMM█х▄▄KлNлмклMM█х▄▄▀лNлнлMM█хB≥┬▄▄KлNлмклMM▌▄▄█клNл▄клMM▌▄▄▌лNл█лMM▌▄▄клNлнKлMM▌B≥┬▄▄▀лNлнлM█н▄▄KлNлмклM█н▄▄клNлнKлM█н▄▄лNмлM█нB≥┬▄▄KлNмKлMMл▄▄▀лNм▀лMMл▄▄ллNл█▀лMMл▄▄▌KлNл█KлMMлB≥┬▄▄клNмклMMлH▄▄лNмлMMлH▄▄▀лNм▀лMMлH▄▄KлNмKлMMлHB≥┬▄▄▀лNлнлMMл┬▄▄лNмлMMл┬▄▄KлNмKлMMл┬▄▄LлNм▀лMMл┬B≥┬▄▄лNмлMMл┬▄▄LKлNмклMMл┬▄▄L▀лNмлMMл┬▄▄KлNмKлMMл┬B≥┬▄▄L▀лNмлMMл┬▄▄LклNмKлMMл┬▄▄MлNмLлMMл┬▄▄MKлNмLKлMMл┬B≥┬▄▄M▀лNмL▀лMMл┬▄▄MклNмLклMMл┬▄▄LлNм▀лMMл┬▄▄KлNмKлMMл┬B≥┬▄▄M▀лNмL▀лMMл┬▄▄NлNмMлMMл┬▄▄NKлNмMKлMMл┬▄▄MклNмLклMMл┬B≥┬▄▄LлNмM▀лMMлх▄▄LKлNмMклMMлх▄▄L▀лNмNлMMлх▄▄NлNмMлMMлхB≥┬▄▄MклNмLклMMл┬▄▄мKлNллKлMMл┬▄▄нлNлмлMMл┬▄▄LлNм▀лMMл┬B≥┬▄▄LлNм▀лMMл┬▄▄нлNлмлMMл┬▄▄лNлм▀лMMл┬▄▄▀лNлнлMMл┬B≥┬▄▄LклNмNKлMMм▄▄лKлNл█клMMм▄▄▄▀лNлNлMMм▄▄▄KлNлMклMMмB≥┬▄▄▌лNл█лMMмH▄▄▄лNлM▀лMMмH▄▄▄▀лNлNлMMмH▄▄LлNм▄лMMмHB≥┬▄▄клNлнKлMMм┬▄▄▌лNл█лMMм┬▄▄LлNм▄лMMм┬▄▄LKлNм▄KлMMм┬B≥┬▄▄лNмлMMмх▄▄клNлнKлMMмх▄▄LKлNм▄KлMMмх▄▄LKлNмклMMмхB≥┬▄▄лNмлMMл┬▄▄LклNмKлMMл┬▄▄L▀лNмлMMл┬▄▄LKлNмклMMл┬B≥┬▄▄M▀лNмL▀лMMл┬▄▄KлNмKлMMл┬▄▄L▀лNмлMMл┬▄▄MKлNмLKлMMл┬B≥┬▄▄MлNмLлMMн▄▄L▀лNм▄▀лMMн▄▄LлNмM▀лMMн▄▄MKлNмLKлMMнB≥┬▄▄LKлNлклMM▄▄MлNлLлMM▄▄клNлклMM▄▄LлNл▀лMMB≥┬▄▄LклNм▄клM█нH▄▄LлNм█лM█нH▄▄млNлллM█нH▄▄м▀лNлл▀лM█нHB≥┬▄▄L▀лNмNлMMл┬▄▄LKлNм█KлMMл┬▄▄NKлNмMKлMMл┬▄▄NлNмMлMMл┬B≥┬▄▄M▀лNмL▀лMN▄▄MKлNмLKлMN▄▄LлNмM▀лMN▄▄NлNмMлMNB≥┬▄▄мKлNллKлMMн▄▄MклNмLклMMн▄▄NKлNмMKлMMн▄▄м▀лNлл▀лMMнB≥┬▄▄LLлNм█▀лM▌▄▄LLKлNм█клM▌▄▄LL▀лNм▌лM▌▄▄LLклNм▌KлM▌B≥┬▄▄LLклNм▌KлM▌H▄▄LL▀лNм▌лM▌H▄▄LMлNмллM▌H▄▄LMKлNмлKлM▌HB≥┬▄▄LMKлNмлKлM▌┬▄▄LMлNмллM▌┬▄▄LM▀лNмл▀лM▌┬▄▄LMклNмлклM▌┬B≥┬▄▄LMклNмлклMN▄▄LM▀лNмл▀лMN▄▄LNлNммлMN▄▄LNKлNммKлMNB≥┬▄▄L▄лNмм▀лMMм▄▄LNKлNммKлMMм▄▄LNлNммлMMм▄▄л▀лNл▌лMMмB≥┬▄▄L▄KлNммклM▌х▄▄LLKлNм█клM▌х▄▄L▄▀лNмнлM▌х▄▄L▄клNмнKлM▌хB≥┬▄▄L▄KлNммклM▌▄▄L█лNнлM▌▄▄LL▀лNм▌лM▌▄▄LLKлNм█клM▌B≥┬▄▄L█лNнлM▌H▄▄L█KлNнKлM▌H▄▄LMлNмллM▌H▄▄LL▀лNм▌лM▌HB≥┬▄▄L█KлNнKлMN▄▄L█▀лNн▀лMN▄▄LM▀лNмл▀лMN▄▄LMлNмллMNB≥┬▄▄L█▀лNн▀лMNH▄▄L█клNнклMNH▄▄LNлNммлMNH▄▄LM▀лNмл▀лMNHB≥┬▄▄L▌лNнлM▌┬▄▄L▄KлNммклM▌┬▄▄L▄клNмнKлM▌┬▄▄L▌KлNнKлM▌┬B≥┬▄▄LллNн▀лMNLH▄▄L▌лNнлMNLH▄▄L▌KлNнKлMNLH▄▄LлKлNнклMNLHB≥┬▄▄L▌лNнлM▌х▄▄Lл▀лNнлM▌х▄▄L█лNнлM▌х▄▄L▄KлNммклM▌хB≥┬▄▄LллNн▀лM▌▄▄LлклNнKлM▌▄▄Lл▀лNнлM▌▄▄L▌лNнлM▌B≥┬▄▄Lл▀лNнлM▌H▄▄LмлNнLлM▌H▄▄L█KлNнKлM▌H▄▄L█лNнлM▌HB≥┬▄▄LлклNнKлMNMH▄▄LмKлNнLKлMNMH▄▄LмлNнLлMNMH▄▄Lл▀лNнлMNMHB≥┬▄▄LмлNнLлMлNH▄▄Lм▀лNнL▀лMлNH▄▄L█▀лNн▀лMлNH▄▄L█KлNнKлMлNHB≥┬▄▄LмKлNнLKлMNMх▄▄LмклNнLклMNMх▄▄Lм▀лNнL▀лMNMх▄▄LмлNнLлMNMхB≥┬▄▄Lм▀лNнL▀лMNN▄▄LнлNнMлMNN▄▄L█клNнклMNN▄▄L█▀лNн▀лMNNB≥┬▄▄LмклNнLклMNNH▄▄LнKлNнMKлMNNH▄▄LнлNнMлMNNH▄▄Lм▀лNнL▀лMNNHB≥┬▄▄LмклNнLклMMлх▄▄MлNнM▀лMMлх▄▄MKлNнMклMMлх▄▄LнKлNнMKлMMлхB≥┬▄▄LнKлNнMKлMMл┬▄▄MKлNнMклMMл┬▄▄M▀лNнNлMMл┬▄▄клNмклMMл┬B≥┬▄▄MклNнNKлMMл┬▄▄MKлNнMклMMл┬▄▄MлNнM▀лMMл┬▄▄MлNлMMл┬B≥┬▄▄MклNнNKлMMл┬▄▄MлNлMMл┬▄▄MKлNKлMMл┬▄▄M▀лN▀лMMл┬B≥┬▄▄MклNклMMл┬▄▄MлNлMMл┬▄▄MKлNKлMMл┬▄▄MLлN▀лMMл┬B≥┬▄▄LлKлNнклMMлх▄▄MLKлNклMMлх▄▄ML▀лNлMMлх▄▄MKлNKлMMлхB≥┬▄▄MлNлMMл┬▄▄MлNнM▀лMMл┬▄▄LлклNнKлMMл┬▄▄LллNн▀лMMл┬B≥┬▄▄MлNнM▀лMMлх▄▄LмклNнLклMMлх▄▄LмKлNнLKлMMлх▄▄LлклNнKлMMлхB≥┬▄▄L█клNнклMMNH▄▄▌KлNл█KлMMNH▄▄л▀лNл▌лMMNH▄▄LNлNммлMMNHB≥┬▄▄LнлNнMлMMл▄▄KлNмKлMMл▄▄▌KлNл█KлMMл▄▄L█клNнклMMлB≥┬▄▄LнKлNнMKлMMлH▄▄клNмклMMлH▄▄KлNмKлMMлH▄▄LнлNнMлMMлHB≥┬▄▄MклNнNKлMMл┬▄▄MLклNKлMMл┬▄▄M▀лNнNлMMл┬▄▄MKлNнMклMMл┬B≥┬▄▄LLлNм█▀лM▌L▄▄MMлNLлM▌L▄▄L▄▀лNмнлM▌L▄▄LLKлNм█клM▌LB≥┬▄▄L▄▀лNмнлM▌х▄▄MMKлNLKлM▌х▄▄MM▀лNL▀лM▌х▄▄L▄клNмнKлM▌хB≥┬▄▄L▌KлNнKлM▄H▄▄MMклNLклM▄H▄▄MLKлNклM▄H▄▄LлKлNнклM▄HB≥┬▄▄MKлNKлMMл┬▄▄ML▀лNлMMл┬▄▄MKлNKлMMл┬▄▄M▀лN▀лMMл┬B≥┬▄▄MклNнNKлMMн▄▄M▀лN▀лMMн▄▄MNлNMлMMн▄▄MLклNKлMMнB≥┬▄▄LллNн▀лMN▄▄LлKлNнклMN▄▄MKлNKлMN▄▄MлNлMNB≥┬▄▄MNKлNMKлM▌LH▄▄M▄лNM▀лM▌LH▄▄M▄KлNMклM▌LH▄▄M▄▀лNNлM▌LHB≥┬▄▄M▄▀лNNлM▌L┬▄▄M▄KлNMклM▌L┬▄▄M▄клNNKлM▌L┬▄▄M█лN▄лM▌L┬B≥┬▄▄M█лN▄лM▌Lх▄▄M▄клNNKлM▌Lх▄▄M█KлN▄KлM▌Lх▄▄M█▀лN▄▀лM▌LхB≥┬▄▄M█▀лN▄▀лM▌M▄▄M█KлN▄KлM▌M▄▄M█клN▄клM▌M▄▄M▌лN█лM▌MB≥┬▄▄M▌KлN█KлM▄┬▄▄M▌лN█лM▄┬▄▄M█клN▄клM▄┬▄▄MллN█▀лM▄┬B≥┬▄▄MлKлN█клM▌MH▄▄M▄лNM▀лM▌MH▄▄Mл▀лN▌лM▌MH▄▄MлклN▌KлM▌MHB≥┬▄▄MлKлN█клM▌M┬▄▄MмлNллM▌M┬▄▄M▄KлNMклM▌M┬▄▄M▄лNM▀лM▌M┬B≥┬▄▄MмлNллM▌Mх▄▄MмKлNлKлM▌Mх▄▄M▄клNNKлM▌Mх▄▄M▄KлNMклM▌MхB≥┬▄▄MмKлNлKлM▄L▄▄Mм▀лNл▀лM▄L▄▄M█KлN▄KлM▄L▄▄M▄клNNKлM▄LB≥┬▄▄Mм▀лNл▀лM▄LH▄▄MмклNлклM▄LH▄▄M█клN▄клM▄LH▄▄M█KлN▄KлM▄LHB≥┬▄▄MнлNмлM▄L┬▄▄MнKлNмKлM▄L┬▄▄NлNм▀лM▄L┬▄▄MллN█▀лM▄L┬B≥┬▄▄NKлNмклM▌N▄▄MлKлN█клM▌N▄▄MлклN▌KлM▌N▄▄N▀лNнлM▌NB≥┬▄▄NклNнKлM█нH▄▄NKлNмклM█нH▄▄N▀лNнлM█нH▄▄NлNлM█нHB≥┬▄▄NKлNмклM▌NH▄▄NKлNKлM▌NH▄▄MмлNллM▌NH▄▄MлKлN█клM▌NHB≥┬▄▄NклNнKлM▄MH▄▄N▀лN▀лM▄MH▄▄NKлNKлM▄MH▄▄NKлNмклM▄MHB≥┬▄▄NKлNKлM▄M┬▄▄NклNклM▄M┬▄▄MмKлNлKлM▄M┬▄▄MмлNллM▄M┬B≥┬▄▄N▀лN▀лMл▄▄NлNлMл▄▄NклNклMл▄▄NKлNKлMлB≥┬▄▄NклNклMлH▄▄NKлNKлMлH▄▄Mм▀лNл▀лMлH▄▄MмKлNлKлMлHB≥┬▄▄NлNлM▄NH▄▄NLлN▀лM▄NH▄▄NKлNKлM▄NH▄▄NклNклM▄NHB≥┬▄▄NKлNKлM▄▄▄▄NLKлNклM▄▄▄▄MмклNлклM▄▄▄▄Mм▀лNл▀лM▄▄B≥┬▄▄NLлN▀лMл┬▄▄NL▀лNлMл┬▄▄NLKлNклMл┬▄▄NKлNKлMл┬B≥┬▄▄NLклNKлM▄▄┬▄▄NMлNLлM▄▄┬▄▄MнKлNмKлM▄▄┬▄▄MнлNмлM▄▄┬B≥┬▄▄NMKлNLKлM▄▄х▄▄NM▀лNL▀лM▄▄х▄▄NMлNLлM▄▄х▄▄NLклNKлM▄▄хB≥┬▄▄NLлN▀лMMл┬▄▄NMклNLклMMл┬▄▄NNлNMлMMл┬▄▄NL▀лNлMMл┬B≥┬▄▄NL▀лNлMMл┬▄▄NNлNMлMMл┬▄▄NNKлNMKлMMл┬▄▄NMKлNLKлMMл┬B≥┬▄▄▄лNM▀лMMн▄▄▄KлNMклMMн▄▄▄▀лNNлMMн▄▄▄клNNKлMMнB≥┬▄▄▄лN▄лMMн▄▄NNлNMлMMн▄▄NMклNLклMMн▄▄▄KлN▄KлMMнB≥┬▄▄▄лN▄лMMл┬▄▄▄KлN▄KлMMл┬▄▄▄▀лN▄▀лMMл┬▄▄▄клN▄клMMл┬B≥┬▄▄NлNлMMл┬▄▄LклNм▄клMMл┬▄▄LKлNм█KлMMл┬▄▄▄▀лN▄▀лMMл┬B≥┬▄▄▄KлN▄KлMMн▄▄NMклNLклMMн▄▄N▀лN▀лMMн▄▄NклNнKлMMнB≥┬▄▄NMклNLклMMл┬▄▄NLлN▀лMMл┬▄▄NлNлMMл┬▄▄N▀лN▀лMMл┬B≥┬▄▄MллN█▀лM▄█▄▄NлNм▀лM▄█▄▄▄лN█лM▄█▄▄M▌KлN█KлM▄█B≥┬▄▄MмклNлклM▄█H▄▄MнлNмлM▄█H▄▄MллN█▀лM▄█H▄▄M█клN▄клM▄█HB≥┬▄▄NLKлNклM▄█┬▄▄NLклNKлM▄█┬▄▄MнлNмлM▄█┬▄▄MмклNлклM▄█┬B≥┬▄▄NL▀лNлM▄█х▄▄NMKлNLKлM▄█х▄▄NLклNKлM▄█х▄▄NLKлNклM▄█хB≥┬▄▄NNKлNMKлMMл┬▄▄▄KлNMклMMл┬▄▄NM▀лNL▀лMMл┬▄▄NMKлNLKлMMл┬B≥┬▄▄▄лN▄лMMн▄▄▄KлN█KлMMн▄▄NNKлNMKлMMн▄▄NNлNMлMMнB≥┬▄▄▄LлN█▀лMMл┬▄▄▄LKлN█клMMл┬▄▄▄▀лNNлMMл┬▄▄▄KлN█KлMMл┬B≥┬▄▄MNKлNMKлM▄▌▄▄▄L▀лN▌лM▄▌▄▄Mл▀лN▌лM▄▌▄▄M▄лNM▀лM▄▌B≥┬▄▄Mл▀лN▌лM▌MH▄▄лNллM▌MH▄▄▄LклN▌KлM▌MH▄▄MлклN▌KлM▌MHB≥┬▄▄MлклN▌KлM▌N▄▄▄LклN▌KлM▌N▄▄LлNм█лM▌N▄▄N▀лNнлM▌NB≥┬▄▄▄лN▄лMMлх▄▄▄клN▄клMMлх▄▄▄LлN█▀лMMлх▄▄▄KлN█KлMMлхB≥┬▄▄NклNнKлMMл┬▄▄NлNлMMл┬▄▄▄▀лN▄▀лMMл┬▄▄▄KлN▄KлMMл┬B≥┬▄▄▄MлNллMлх▄▄MMKлNLKлMлх▄▄▄MKлNлKлMлх▄▄▄M▀лNл▀лMлхB≥┬▄▄▄MклNлклMл▄▄▄NлNмлMл▄▄▄NKлNмKлMл▄▄▄▄лNм▀лMлB≥┬▄▄▄NлNмлMлH▄▄▄▄KлNмклMлH▄▄▄▄▀лNнлMлH▄▄▄NKлNмKлMлHB≥┬▄▄▄▄KлNмклMл┬▄▄▄▄клNнKлMл┬▄▄▄█лNлMл┬▄▄▄▄▀лNнлMл┬B≥┬▄▄▄▄клNнKлM▄лх▄▄▄█KлNKлM▄лх▄▄▄█▀лN▀лM▄лх▄▄▄█лNлM▄лхB≥┬▄▄▄█клNклM▄█▄▄▄▌лNлM▄█▄▄▄█▀лN▀лM▄█▄▄▄█KлNKлM▄█B≥┬▄▄▄▌KлNKлMлх▄▄▄ллN▀лMлх▄▄▄MлNллMлх▄▄▄▄лNм▀лMлхB≥┬▄▄▄▌KлNKлMл▄▄▄▄лNм▀лMл▄▄▄NKлNмKлMл▄▄▄лKлNклMлB≥┬▄▄▄лKлNклMлH▄▄▄NKлNмKлMлH▄▄▄▄▀лNнлMлH▄▄▄л▀лNлMлHB≥┬▄▄▄л▀лNлM▄мх▄▄▄▄▀лNнлM▄мх▄▄▄█лNлM▄мх▄▄▄лклNKлM▄мхB≥┬▄▄▄лклNKлM▄н▄▄▄█лNлM▄н▄▄▄█▀лN▀лM▄н▄▄▄млNLлM▄нB≥┬▄▄▄мKлNLKлMлL▄▄▄м▀лNL▀лMлL▄▄▄ллN▀лMлL▄▄▄▌KлNKлMлLB≥┬▄▄▄мклNLклM▄H▄▄▄нлNMлM▄H▄▄▄м▀лNL▀лM▄H▄▄▄мKлNLKлM▄HB≥┬▄▄▄мKлNLKлMмх▄▄▄▌KлNKлMмх▄▄▄лKлNклMмх▄▄▄нKлNMKлMмхB≥┬▄▄▄мклNLклMлL┬▄▄▄мKлNLKлMлL┬▄▄▄нKлNMKлMлL┬▄▄█лNM▀лMлL┬B≥┬▄▄▄нKлNMKлMлLх▄▄▄лKлNклMлLх▄▄▄л▀лNлMлLх▄▄█KлNMклMлLхB≥┬▄▄█лNM▀лM█х▄▄▄нKлNMKлM█х▄▄█KлNMклM█х▄▄█▀лNNлM█хB≥┬▄▄█KлNMклM█▄▄▄л▀лNлM█▄▄▄лклNKлM█▄▄█клNNKлM█B≥┬▄▄█▀лNNлM█H▄▄█KлNMклM█H▄▄█клNNKлM█H▄▄█лNLлM█HB≥┬▄▄█клNNKлM█┬▄▄▄лклNKлM█┬▄▄▄млNLлM█┬▄▄█KлNLKлM█┬B≥┬▄▄█лNLлMлM▄▄█клNNKлMлM▄▄█KлNLKлMлM▄▄█▀лNL▀лMлMB≥┬▄▄█лNLлMMл┬▄▄█▀лNL▀лMMл┬▄▄█клNLклMMл┬▄▄█лNLлMMл┬B≥┬▄▄█▀лNL▀лMMл┬▄▄█KлNLKлMMл┬▄▄▄лNM▀лMMл┬▄▄█клNLклMMл┬B≥┬▄▄█LлNL▀лMMн▄▄█LKлNLклMMн▄▄█лNLлMMн▄▄█клNLклMMнB≥┬▄▄█LлNL▀лMMл┬▄▄MLлN▀лMMл┬▄▄█L▀лNLлMMл┬▄▄█LKлNLклMMл┬B≥┬▄▄█LKлNLклMMн▄▄▄мклNLклMMн▄▄█лNM▀лMMн▄▄█лNLлMMнB≥┬▄▄█лNLлMMл┬▄▄█лNM▀лMMл┬▄▄█▀лNNлMMл┬▄▄█лNLлMMл┬B≥┬▄▄▄млNLлM▄L┬▄▄▄█▀лN▀лM▄L┬▄▄▄▌лNлM▄L┬▄▄█LклNLKлM▄L┬B≥┬▄▄█KлNLKлM▄▄┬▄▄▄млNLлM▄▄┬▄▄█LклNLKлM▄▄┬▄▄█MлNLLлM▄▄┬B≥┬▄▄█▀лNL▀лM▄▄х▄▄█KлNLKлM▄▄х▄▄█MлNLLлM▄▄х▄▄█KлNLKлM▄▄хB≥┬▄▄█LлNL▀лMMн▄▄█клNLклMMн▄▄▄лNM▀лMMн▄▄▄клNNKлMMнB≥┬▄▄▄MклNлклMлх▄▄▄▄лNм▀лMлх▄▄▄MлNллMлх▄▄▄M▀лNл▀лMлхB≥┬▄▄MMклNLклMлL▄▄MM▀лNL▀лMлL▄▄▄ллN▀лMлL▄▄▄м▀лNL▀лMлLB≥┬▄▄█LлNL▀лMMл┬▄▄▄клNNKлMMл┬▄▄MклNклMMл┬▄▄MLлN▀лMMл┬B≥┬▄▄▄мклNLклMMлх▄▄█LKлNLклMMлх▄▄█L▀лNLлMMлх▄▄▄нлNMлMMлхB≥┬▄▄LKлNмMклMMл┬▄▄█MKлNLLKлMMл┬▄▄▄LKлN█клMMл┬▄▄▄LлN█▀лMMл┬B≥┬▄▄LлNм▄лMMNH▄▄▄▀лNлNлMMNH▄▄лKлNл█клMMNH▄▄ллNл█▀лMMNHB≥┬▄▄LKлNм▄KлMMл▄▄LлNм▄лMMл▄▄ллNл█▀лMMл▄▄▀лNм▀лMMлB≥┬▄▄LKлNмклMMлH▄▄LKлNм▄KлMMлH▄▄▀лNм▀лMMлH▄▄лNмлMMлHB≥┬▄▄M▀лNнNлMMл┬▄▄MLклNKлMMл┬▄▄MлNмLлMMл┬▄▄LклNмKлMMл┬B≥┬▄▄L▄лNмм▀лMMм▄▄л▀лNл▌лMMм▄▄лKлNл█клMMм▄▄LклNмNKлMMмB≥┬▄▄клNмклMMл┬▄▄M▀лNнNлMMл┬▄▄LклNмKлMMл┬▄▄лNмлMMл┬B≥┬▄▄MLклNKлMMн▄▄MNлNMлMMн▄▄L▀лNм▄▀лMMн▄▄MлNмLлMMнB≥┬▄▄█LклNLKлM▄L┬▄▄▄▌лNлM▄L┬▄▄NлNм▀лM▄L┬▄▄MнKлNмKлM▄L┬B≥┬▄▄█MлNLLлM▄▄┬▄▄█LклNLKлM▄▄┬▄▄MнKлNмKлM▄▄┬▄▄NMлNLлM▄▄┬B≥┬▄▄█KлNLKлM▄▄х▄▄█MлNLLлM▄▄х▄▄NMлNLлM▄▄х▄▄NM▀лNL▀лM▄▄хB≥┬▄▄NNKлNMKлMMн▄▄▄KлN█KлMMн▄▄▄▀лNNлMMн▄▄▄KлNMклMMнB≥┬▄▄▄▌лNлM▄█▄▄▄█клNклM▄█▄▄▄лN█лM▄█▄▄NлNм▀лM▄█B≥┬▄▄▄лNM▀лMMл┬▄▄█KлNLKлMMл┬▄▄NM▀лNL▀лMMл┬▄▄▄KлNMклMMл┬B≥┬▄▄MклNклMMл┬▄▄▄клNNKлMMл┬▄▄▄▀лNNлMMл┬▄▄▄LKлN█клMMл┬B≥┬▄▄MNлNMлMMл┬▄▄MлNлMMл┬▄▄█MKлNLLKлMMл┬▄▄L▀лNм▄▀лMMл┬B≥┬▄▄Mл▀лN▌лM▄▌▄▄▄L▀лN▌лM▄▌▄▄KлNлKлM▄▌▄▄лNллM▄▌B≥┬▄▄▄LлN█▀лMMлх▄▄▄клN▄клMMлх▄▄L▀лNмNлMMлх▄▄LKлNмMклMMлхB≥┬▄▄NлNлM█нH▄▄N▀лNнлM█нH▄▄LлNм█лM█нH▄▄LклNм▄клM█нHB≥┬▄▄▄клN▄клMMл┬▄▄▄▀лN▄▀лMMл┬▄▄LKлNм█KлMMл┬▄▄L▀лNмNлMMл┬B≥┬▄▄MNлNMлMMл┬▄▄M▀лN▀лMMл┬▄▄MKлNKлMMл┬▄▄MлNлMMл┬B≥┬▄▄▄нлNMлMMлх▄▄█L▀лNLлMMлх▄▄ML▀лNлMMлх▄▄MLKлNклMMлхB≥┬▄▄▄MлNллMлх▄▄▄ллN▀лMлх▄▄MM▀лNL▀лMлх▄▄MMKлNLKлMлхB≥┬▄▄▄м▀лNL▀лM▄H▄▄▄нлNMлM▄H▄▄MLKлNклM▄H▄▄MMклNLклM▄HB≥┬▄▄█L▀лNLлMMл┬▄▄MLлN▀лMMл┬▄▄MKлNKлMMл┬▄▄ML▀лNлMMл┬B≥┬▄▄м▀лNлл▀лMMл┬▄▄NKлNмMKлMMл┬▄▄LKлNм█KлMMл┬▄▄LклNм▄клMMл┬B≥┬▄▄клNлклM█л▄▄█лNл▄лM█л▄▄▄LклN▌KлM█л▄▄лNллM█лB≥┬▄▄█лNл▄лM▌N▄▄млNлллM▌N▄▄LлNм█лM▌N▄▄▄LклN▌KлM▌NB≥┬▄▄L▄▀лNмнлM▌L▄▄MMлNLлM▌L▄▄▄MKлNлKлM▌L▄▄MMKлNLKлM▌LB≥┬▄▄L▌KлNнKлMлL▄▄L▄клNмнKлMлL▄▄MM▀лNL▀лMлL▄▄MMклNLклMлLB≥┬▄▄LлNмM▀лMMл┬▄▄L▀лNм▄▀лMMл┬▄▄█MKлNLLKлMMл┬▄▄LKлNмMклMMл┬B≥┬▄▄MклNклMMл┬▄▄▄LKлN█клMMл┬▄▄█MKлNLLKлMMл┬▄▄MлNлMMл┬B≥┬▄▄█M▀лNLL▀лMM▄▄█MклNLLклMM▄▄█NлNLMлMM▄▄█NKлNLMKлMMB≥┬▄▄█▄лNLM▀лMMH▄▄█▄KлNLMклMMH▄▄█▄▀лNLNлMMH▄▄█▄клNLNKлMMHB≥┬▄▄█▄KлNLMклMML▄▄██лNL▄лMML▄▄██KлNL▄KлMML▄▄█▄▀лNLNлMMLB≥┬▄▄██лNL▄лM█▄▄██▀лNL▄▀лM█▄▄██клNL▄клM█▄▄██KлNL▄KлM█B≥┬▄▄██▀лNL▄▀лM█H▄▄█▌лNL█лM█H▄▄█▌KлNL█KлM█H▄▄██клNL▄клM█HB≥┬▄▄█ллNL█▀лMMLх▄▄█лKлNL█клMMLх▄▄█▌KлNL█KлMMLх▄▄█▌лNL█лMMLхB≥┬▄▄█л▀лNL▌лM█L▄▄█лклNL▌KлM█L▄▄█M▀лNLL▀лM█L▄▄█▄клNLNKлM█LB≥┬▄▄█л▀лNL▌лM█LH▄▄█▄клNLNKлM█LH▄▄█▄▀лNLNлM█LH▄▄█млNLллM█LHB≥┬▄▄█млNLллMMM┬▄▄█▄▀лNLNлMMM┬▄▄██KлNL▄KлMMM┬▄▄█мKлNLлKлMMM┬B≥┬▄▄█мKлNLлKлMMMх▄▄██KлNL▄KлMMMх▄▄██клNL▄клMMMх▄▄█м▀лNLл▀лMMMхB≥┬▄▄█м▀лNLл▀лMMN▄▄██клNL▄клMMN▄▄█▌KлNL█KлMMN▄▄█мклNLлклMMNB≥┬▄▄█нлNLмлMMNH▄▄█нKлNLмKлMMNH▄▄▌лNLм▀лMMNH▄▄▌KлNLмклMMNHB≥┬▄▄▌▀лNLнлM█L┬▄▄▌клNLнKлM█L┬▄▄█лклNL▌KлM█L┬▄▄█л▀лNL▌лM█L┬B≥┬▄▄▌лNMлMM▄H▄▄▌KлNMKлMM▄H▄▄▌клNLнKлMM▄H▄▄▌▀лNLнлMM▄HB≥┬▄▄▌▀лNLнлM█Lх▄▄█л▀лNL▌лM█Lх▄▄█млNLллM█Lх▄▄▌▀лNM▀лM█LхB≥┬▄▄▌лNMлM█M▄▄▌▀лNLнлM█M▄▄▌▀лNM▀лM█M▄▄▌клNMклM█MB≥┬▄▄▌▀лNM▀лM█MH▄▄█млNLллM█MH▄▄█мKлNLлKлM█MH▄▄▌лNMлM█MHB≥┬▄▄▌клNMклMM█H▄▄▌▀лNM▀лMM█H▄▄▌лNMлMM█H▄▄▌KлNMKлMM█HB≥┬▄▄▌лNMлM█M┬▄▄█мKлNLлKлM█M┬▄▄█м▀лNLл▀лM█M┬▄▄▌LлNM▀лM█M┬B≥┬▄▄▌KлNMKлMM█х▄▄▌лNMлMM█х▄▄▌LлNM▀лMM█х▄▄▌LKлNMклMM█хB≥┬▄▄▌LлNM▀лMM▌▄▄█м▀лNLл▀лMM▌▄▄█мклNLлклMM▌▄▄▌L▀лNMлMM▌B≥┬▄▄▌LKлNMклMM▌H▄▄▌LлNM▀лMM▌H▄▄▌L▀лNMлMM▌H▄▄▌LклNMKлMM▌HB≥┬▄▄▌MлNMLлMMл▄▄▌MKлNMLKлMMл▄▄█нKлNLмKлMMл▄▄█нлNLмлMMлB≥┬▄▄▌M▀лNML▀лMMлH▄▄▌MклNMLклMMлH▄▄▌MKлNMLKлMMлH▄▄▌MлNMLлMMлHB≥┬▄▄▌LKлNMклMMл┬▄▄▌LклNMKлMMл┬▄▄▌NлNMMлMMл┬▄▄▌NKлNMMKлMMл┬B≥┬▄▄▌LклNMKлMMл┬▄▄ллNMM▀лMMл┬▄▄лKлNMMклMMл┬▄▄▌NлNMMлMMл┬B≥┬▄▄лKлNMMклMMл┬▄▄л▀лNMNлMMл┬▄▄лклNMNKлMMл┬▄▄ллNM▄лMMл┬B≥┬▄▄лKлNM▄KлMMл┬▄▄л▀лNM▄▀лMMл┬▄▄▌NKлNMMKлMMл┬▄▄▌NлNMMлMMл┬B≥┬▄▄лKлNM▄KлMMл┬▄▄лклNM▄клMMл┬▄▄ллNM█лMMл┬▄▄л▀лNM▄▀лMMл┬B≥┬▄▄лKлNM█KлMMлх▄▄лLлNM█▀лMMлх▄▄лLKлNM█клMMлх▄▄лклNM▄клMMлхB≥┬▄▄л▀лNM▄▀лMMл┬▄▄▌лNMлMMл┬▄▄▌клNMклMMл┬▄▄▌NKлNMMKлMMл┬B≥┬▄▄▌NKлNMMKлMMл┬▄▄▌клNMклMMл┬▄▄▌KлNMKлMMл┬▄▄▌LKлNMклMMл┬B≥┬▄▄лL▀лNM▌лMMм▄▄▌лNLм▀лMMм▄▄█лKлNL█клMMм▄▄█ллNL█▀лMMмB≥┬▄▄█мклNLлклMMмH▄▄█▌KлNL█KлMMмH▄▄█лKлNL█клMMмH▄▄лLклNM▌KлMMмHB≥┬▄▄▌L▀лNMлMMм┬▄▄█мклNLлклMMм┬▄▄лLклNM▌KлMMм┬▄▄лMлNMллMMм┬B≥┬▄▄▌LклNMKлMMмх▄▄▌L▀лNMлMMмх▄▄лMлNMллMMмх▄▄ллNMM▀лMMмхB≥┬▄▄▌MклNMLклMMл┬▄▄л▀лNMNлMMл┬▄▄лKлNMMклMMл┬▄▄ллNMM▀лMMл┬B≥┬▄▄лKлNM▄KлMMл┬▄▄▌NлNMMлMMл┬▄▄лKлNMMклMMл┬▄▄ллNM▄лMMл┬B≥┬▄▄лклNMNKлMMн▄▄лMKлNMлKлMMн▄▄лKлNM█KлMMн▄▄ллNM▄лMMнB≥┬▄▄█▄лNLM▀лMM▄▄█▄клNLNKлMM▄▄█M▀лNLL▀лMM▄▄█NKлNLMKлMMB≥┬▄▄лM▀лNMл▀лMMнH▄▄лMклNMлклMMнH▄▄▌клNLнKлMMнH▄▄▌KлNMKлMMнHB≥┬▄▄лLKлNM█клMMл┬▄▄лNлNMмлMMл┬▄▄ллNM█лMMл┬▄▄лклNM▄клMMл┬B≥┬▄▄лKлNM▄KлMN▄▄ллNM▄лMN▄▄лKлNM█KлMN▄▄лклNM▄клMNB≥┬▄▄▌лNMлMMн▄▄л▀лNM▄▀лMMн▄▄ллNM█лMMн▄▄▌KлNMKлMMнB≥┬▄▄лNKлNMмKлM▌▄▄л▄лNMм▀лM▌▄▄л▄KлNMмклM▌▄▄л▄▀лNMнлM▌B≥┬▄▄л▄▀лNMнлM▌H▄▄л▄KлNMмклM▌H▄▄л▄клNMнKлM▌H▄▄л█лNNлM▌HB≥┬▄▄л█лNNлM▌┬▄▄л▄клNMнKлM▌┬▄▄л█KлNNKлM▌┬▄▄л█▀лNN▀лM▌┬B≥┬▄▄л█▀лNN▀лMN▄▄л█KлNNKлMN▄▄л█клNNклMN▄▄л▌лNNлMNB≥┬▄▄л▌KлNNKлMMм▄▄л▌лNNлMMм▄▄л█клNNклMMм▄▄▌KлNLмклMMмB≥┬▄▄лллNN▀лM▌х▄▄л▄лNMм▀лM▌х▄▄ллKлNNклM▌х▄▄лл▀лNNлM▌хB≥┬▄▄лллNN▀лM▌▄▄ллклNNKлM▌▄▄л▄KлNMмклM▌▄▄л▄лNMм▀лM▌B≥┬▄▄ллклNNKлM▌H▄▄лмлNNLлM▌H▄▄л▄клNMнKлM▌H▄▄л▄KлNMмклM▌HB≥┬▄▄лмлNNLлMN▄▄лмKлNNLKлMN▄▄л█KлNNKлMN▄▄л▄клNMнKлMNB≥┬▄▄лмKлNNLKлMNH▄▄лм▀лNNL▀лMNH▄▄л█клNNклMNH▄▄л█KлNNKлMNHB≥┬▄▄лмклNNLклM▌┬▄▄лллNN▀лM▌┬▄▄лл▀лNNлM▌┬▄▄лнлNNMлM▌┬B≥┬▄▄лнKлNNMKлMNLH▄▄лмклNNLклMNLH▄▄лнлNNMлMNLH▄▄млNNM▀лMNLHB≥┬▄▄лмклNNLклM▌х▄▄мKлNNMклM▌х▄▄ллклNNKлM▌х▄▄лллNN▀лM▌хB≥┬▄▄лнKлNNMKлM▌▄▄м▀лNNNлM▌▄▄мKлNNMклM▌▄▄лмклNNLклM▌B≥┬▄▄мKлNNMклM▌H▄▄мклNNNKлM▌H▄▄лмлNNLлM▌H▄▄ллклNNKлM▌HB≥┬▄▄м▀лNNNлMNMH▄▄млNLлMNMH▄▄мклNNNKлMNMH▄▄мKлNNMклMNMHB≥┬▄▄мклNNNKлMлNH▄▄мKлNLKлMлNH▄▄лмKлNNLKлMлNH▄▄лмлNNLлMлNHB≥┬▄▄млNLлMNMх▄▄м▀лNL▀лMNMх▄▄мKлNLKлMNMх▄▄мклNNNKлMNMхB≥┬▄▄мKлNLKлMNN▄▄мклNLклMNN▄▄лм▀лNNL▀лMNN▄▄лмKлNNLKлMNNB≥┬▄▄м▀лNL▀лMNNH▄▄млNLлMNNH▄▄мклNLклMNNH▄▄мKлNLKлMNNHB≥┬▄▄м▀лNL▀лMMлх▄▄мKлNLKлMMлх▄▄мLлNL▀лMMлх▄▄млNLлMMлхB≥┬▄▄млNLлMMл┬▄▄мLлNL▀лMMл┬▄▄мLKлNLклMMл┬▄▄▌M▀лNML▀лMMл┬B≥┬▄▄мL▀лNLлMMл┬▄▄мLлNL▀лMMл┬▄▄мKлNLKлMMл┬▄▄мLклNLKлMMл┬B≥┬▄▄мL▀лNLлMMл┬▄▄мLклNLKлMMл┬▄▄мMлNLLлMMл┬▄▄мMKлNLLKлMMл┬B≥┬▄▄мM▀лNLL▀лMMл┬▄▄мMклNLLклMMл┬▄▄мNлNLMлMMл┬▄▄мNKлNLMKлMMл┬B≥┬▄▄млNNM▀лMMлх▄▄м▄лNLM▀лMMлх▄▄м▄KлNLMклMMлх▄▄мMлNLLлMMлхB≥┬▄▄мLклNLKлMMл┬▄▄мKлNLKлMMл┬▄▄м▀лNNNлMMл┬▄▄лнKлNNMKлMMл┬B≥┬▄▄мKлNLKлMMлх▄▄м▀лNL▀лMMлх▄▄млNLлMMлх▄▄м▀лNNNлMMлхB≥┬▄▄лм▀лNNL▀лMMNH▄▄█нлNLмлMMNH▄▄▌KлNLмклMMNH▄▄л█клNNклMMNHB≥┬▄▄мклNLклMMл▄▄▌MлNMLлMMл▄▄█нлNLмлMMл▄▄лм▀лNNL▀лMMлB≥┬▄▄млNLлMMлH▄▄▌M▀лNML▀лMMлH▄▄▌MлNMLлMMлH▄▄мклNLклMMлHB≥┬▄▄мL▀лNLлMMл┬▄▄м▄▀лNLNлMMл┬▄▄мLKлNLклMMл┬▄▄мLлNL▀лMMл┬B≥┬▄▄лNKлNMмKлM▌L▄▄м▄клNLNKлM▌L▄▄ллKлNNклM▌L▄▄л▄лNMм▀лM▌LB≥┬▄▄ллKлNNклM▌х▄▄м█лNL▄лM▌х▄▄м█KлNL▄KлM▌х▄▄лл▀лNNлM▌хB≥┬▄▄лнлNNMлM▄H▄▄м█▀лNL▄▀лM▄H▄▄м▄лNLM▀лM▄H▄▄млNNM▀лM▄HB≥┬▄▄мMлNLLлMMл┬▄▄м▄KлNLMклMMл┬▄▄мNлNLMлMMл┬▄▄мMKлNLLKлMMл┬B≥┬▄▄мL▀лNLлMMн▄▄мMKлNLLKлMMн▄▄м█клNL▄клMMн▄▄м▄▀лNLNлMMнB≥┬▄▄лнKлNNMKлMN▄▄млNNM▀лMN▄▄мMлNLLлMN▄▄мLклNLKлMNB≥┬▄▄м▌лNL█лM▄┬▄▄м▌KлNL█KлM▄┬▄▄мллNL█▀лM▄┬▄▄млKлNL█клM▄┬B≥┬▄▄млKлNL█клM▄х▄▄мллNL█▀лM▄х▄▄мл▀лNL▌лM▄х▄▄млклNL▌KлM▄хB≥┬▄▄млклNL▌KлM█Mх▄▄мл▀лNL▌лM█Mх▄▄ммлNLллM█Mх▄▄ммKлNLлKлM█MхB≥┬▄▄ммKлNLлKлM█N▄▄ммлNLллM█N▄▄мм▀лNLл▀лM█N▄▄ммклNLлклM█NB≥┬▄▄мнлNLмлM▄┬▄▄ммклNLлклM▄┬▄▄мм▀лNLл▀лM▄┬▄▄мнKлNLмKлM▄┬B≥┬▄▄нлNLм▀лM█NH▄▄м▌KлNL█KлM█NH▄▄нKлNLмклM█NH▄▄н▀лNLнлM█NHB≥┬▄▄нлNLм▀лM█▄▄▄нклNLнKлM█▄▄▄мллNL█▀лM█▄▄▄м▌KлNL█KлM█▄B≥┬▄▄нклNLнKлM▄H▄▄нлNLлM▄H▄▄мл▀лNL▌лM▄H▄▄мллNL█▀лM▄HB≥┬▄▄нлNLлMлмх▄▄нKлNLKлMлмх▄▄ммлNLллMлмх▄▄мл▀лNL▌лMлмхB≥┬▄▄нKлNLKлM▄LH▄▄н▀лNL▀лM▄LH▄▄мм▀лNLл▀лM▄LH▄▄ммлNLллM▄LHB≥┬▄▄нклNLклM▄L┬▄▄нлNLлM▄L┬▄▄нKлNLKлM▄L┬▄▄мнKлNLмKлM▄L┬B≥┬▄▄нLлNL▀лM█▄H▄▄нлNLм▀лM█▄H▄▄н▀лNLнлM█▄H▄▄нLKлNLклM█▄HB≥┬▄▄нL▀лNLлMMнH▄▄нLлNL▀лMMнH▄▄нLKлNLклMMнH▄▄нLклNLKлMMнHB≥┬▄▄нLлNL▀лM█▄┬▄▄нMлNLLлM█▄┬▄▄нклNLнKлM█▄┬▄▄нлNLм▀лM█▄┬B≥┬▄▄нL▀лNLлM█▄х▄▄нMKлNLLKлM█▄х▄▄нMлNLLлM█▄х▄▄нLлNL▀лM█▄хB≥┬▄▄нMлNLLлM██▄▄нM▀лNLL▀лM██▄▄нлNLлM██▄▄нклNLнKлM██B≥┬▄▄нMKлNLLKлM▄Mх▄▄нMклNLLклM▄Mх▄▄нM▀лNLL▀лM▄Mх▄▄нMлNLLлM▄MхB≥┬▄▄нM▀лNLL▀лM██H▄▄нNлNLMлM██H▄▄нKлNLKлM██H▄▄нлNLлM██HB≥┬▄▄нMклNLLклM▄NH▄▄нNKлNLMKлM▄NH▄▄нNлNLMлM▄NH▄▄нM▀лNLL▀лM▄NHB≥┬▄▄нNлNLMлM▄▄▄█лNLM▀лM▄▄▄▄н▀лNL▀лM▄▄▄▄нKлNLKлM▄▄B≥┬▄▄нNKлNLMKлM▄▄H▄█KлNLMклM▄▄H▄█лNLM▀лM▄▄H▄▄нNлNLMлM▄▄HB≥┬▄█▀лNLNлM▄▄┬▄█клNLNKлM▄▄┬▄▄нлNLлM▄▄┬▄▄нклNLклM▄▄┬B≥┬▄█лNL▄лM▄▄х▄█KлNL▄KлM▄▄х▄█клNLNKлM▄▄х▄█▀лNLNлM▄▄хB≥┬▄▄нNKлNLMKлMMл┬▄█▀лNL▄▀лMMл┬▄█клNL▄клMMл┬▄█KлNLMклMMл┬B≥┬▄█KлNLMклMMл┬▄█клNL▄клMMл┬▄█лNL█лMMл┬▄█лNL▄лMMл┬B≥┬▄█KлNL█KлMMн▄█LлNL█▀лMMн▄█LKлNL█клMMн▄█L▀лNL▌лMMнB≥┬▄█LклNL▌KлMMн▄█клNL▄клMMн▄█▀лNL▄▀лMMн▄█MлNLллMMнB≥┬▄█LклNL▌KлMMл┬▄█MлNLллMMл┬▄█MKлNLлKлMMл┬▄█M▀лNLл▀лMMл┬B≥┬▄▄нLклNLKлMMл┬▄▄лM▀лNMл▀лMMл┬▄▄лNлNMмлMMл┬▄█MKлNLлKлMMл┬B≥┬▄█MлNLллMMн▄█▀лNL▄▀лMMн▄▄нMKлNLLKлMMн▄▄нL▀лNLлMMнB≥┬▄█▀лNL▄▀лMMл┬▄▄нNKлNLMKлMMл┬▄▄нMклNLLклMMл┬▄▄нMKлNLLKлMMл┬B≥┬▄▄мнKлNLмKлM▄█▄▄нKлNLKлM▄█▄█MклNLлклM▄█▄▄мнлNLмлM▄█B≥┬▄▄н▀лNL▀лM▄█H▄▄нклNLклM▄█H▄▄мнKлNLмKлM▄█H▄▄мм▀лNLл▀лM▄█HB≥┬▄█лNLM▀лM▄█┬▄█▀лNLNлM▄█┬▄▄нклNLклM▄█┬▄▄н▀лNL▀лM▄█┬B≥┬▄█KлNLMклM▄█х▄█лNL▄лM▄█х▄█▀лNLNлM▄█х▄█лNLM▀лM▄█хB≥┬▄█лNL█лMMл┬▄█LлNL█▀лMMл┬▄█KлNL▄KлMMл┬▄█лNL▄лMMл┬B≥┬▄█LклNL▌KлMMн▄█NлNLмлMMн▄█лNL█лMMн▄█клNL▄клMMнB≥┬▄█NKлNLмKлMMл┬▄█▄лNLм▀лMMл┬▄█LKлNL█клMMл┬▄█NлNLмлMMл┬B≥┬▄▄м▌лNL█лM▄▌▄█▄KлNLмклM▄▌▄▄нKлNLмклM▄▌▄▄м▌KлNL█KлM▄▌B≥┬▄▄нKлNLмклM█NH▄▄█MклNLLклM█NH▄█▄▀лNLнлM█NH▄▄н▀лNLнлM█NHB≥┬▄▄н▀лNLнлM█▄H▄█▄▀лNLнлM█▄H▄▄лMклNMлклM█▄H▄▄нLKлNLклM█▄HB≥┬▄█LклNL▌KлMMлх▄█M▀лNLл▀лMMлх▄█NKлNLмKлMMлх▄█NлNLмлMMлхB≥┬▄▄нL▀лNLлMMл┬▄▄нLклNLKлMMл┬▄█MKлNLлKлMMл┬▄█MлNLллMMл┬B≥┬▄█▄клNLнKлMлх▄▄м█лNL▄лMлх▄██лNLлMлх▄██KлNLKлMлхB≥┬▄██▀лNL▀лMл▄██клNLклMл▄█▌лNLлMл▄█▌KлNLKлMлB≥┬▄██клNLклMлH▄█ллNL▀лMлH▄█лKлNLклMлH▄█▌лNLлMлHB≥┬▄█ллNL▀лMл┬▄█л▀лNLлMл┬▄█лклNLKлMл┬▄█лKлNLклMл┬B≥┬▄█л▀лNLлM▄лх▄█млNLLлM▄лх▄█мKлNLLKлM▄лх▄█лклNLKлM▄лхB≥┬▄█м▀лNLL▀лM▄█▄█мклNLLклM▄█▄█мKлNLLKлM▄█▄█млNLLлM▄█B≥┬▄█нлNLMлMлх▄█нKлNLMKлMлх▄█▄клNLнKлMлх▄█▌KлNLKлMлхB≥┬▄█нлNLMлMл▄█▌KлNLKлMл▄█▌лNLлMл▄█лNLM▀лMлB≥┬▄█лNLM▀лMлH▄█▌лNLлMлH▄█лKлNLклMлH▄█KлNLMклMлHB≥┬▄█KлNLMклM▄мх▄█лKлNLклM▄мх▄█лклNLKлM▄мх▄█▀лNLNлM▄мхB≥┬▄█▀лNLNлM▄н▄█лклNLKлM▄н▄█мKлNLLKлM▄н▄█клNLNKлM▄нB≥┬▄█лNLLлMлL▄█KлNLLKлMлL▄█нKлNLMKлMлL▄█нлNLMлMлLB≥┬▄█▀лNLL▀лM▄H▄█клNLLклM▄H▄█KлNLLKлM▄H▄█лNLLлM▄HB≥┬▄█лNLLлMмх▄█нлNLMлMмх▄█лNLM▀лMмх▄█лNLLлMмхB≥┬▄█▀лNLL▀лMлL┬▄█лNLLлMлL┬▄█лNLLлMлL┬▄█KлNLLKлMлL┬B≥┬▄█лNLLлMлLх▄█лNLM▀лMлLх▄█KлNLMклMлLх▄█LлNLL▀лMлLхB≥┬▄█KлNLLKлM█х▄█лNLLлM█х▄█LлNLL▀лM█х▄█LKлNLLклM█хB≥┬▄█LлNLL▀лM█▄█KлNLMклM█▄█▀лNLNлM█▄█L▀лNLLлM█B≥┬▄█LKлNLLклM█H▄█LлNLL▀лM█H▄█L▀лNLLлM█H▄█LклNLLKлM█HB≥┬▄█L▀лNLLлM█┬▄█▀лNLNлM█┬▄█клNLNKлM█┬▄█MлNLLLлM█┬B≥┬▄█LклNLLKлMлM▄█L▀лNLLлMлM▄█MлNLLLлMлM▄█MKлNLLLKлMлMB≥┬▄█LклNLLKлMMл┬▄█MKлNLLLKлMMл┬▄█M▀лNLLL▀лMMл┬▄█MклNLLLклMMл┬B≥┬▄█MKлNLLLKлMMл┬▄█NлNLLMлMMл┬▄█KлNL█KлMMл┬▄█M▀лNLLL▀лMMл┬B≥┬▄█NKлNLLMKлMMн▄█▄лNLLM▀лMMн▄█MклNLLLклMMн▄█M▀лNLLL▀лMMнB≥┬▄█NKлNLLMKлMMл┬▄▄мNKлNLMKлMMл┬▄█▄KлNLLMклMMл┬▄█▄лNLLM▀лMMл┬B≥┬▄█▄лNLLM▀лMMн▄█▀лNLL▀лMMн▄█KлNLLKлMMн▄█MклNLLLклMMнB≥┬▄█MклNLLLклMMл┬▄█KлNLLKлMMл┬▄█LKлNLLклMMл┬▄█LклNLLKлMMл┬B≥┬▄█клNLNKлM▄L┬▄█мKлNLLKлM▄L┬▄█мклNLLклM▄L┬▄█▄▀лNLLNлM▄L┬B≥┬▄█MлNLLLлM▄▄┬▄█клNLNKлM▄▄┬▄█▄▀лNLLNлM▄▄┬▄█▄клNLLNKлM▄▄┬B≥┬▄█MKлNLLLKлM▄▄х▄█MлNLLLлM▄▄х▄█▄клNLLNKлM▄▄х▄█NлNLLMлM▄▄хB≥┬▄█NKлNLLMKлMMн▄█M▀лNLLL▀лMMн▄█KлNL█KлMMн▄█L▀лNL▌лMMнB≥┬▄██▀лNL▀лMлх▄█▌KлNLKлMлх▄█▄клNLнKлMлх▄██KлNLKлMлхB≥┬▄▄м█▀лNL▄▀лMлL▄▄м█KлNL▄KлMлL▄█нKлNLMKлMлL▄█KлNLLKлMлLB≥┬▄█NKлNLLMKлMMл┬▄█L▀лNL▌лMMл┬▄▄мM▀лNLL▀лMMл┬▄▄мNKлNLMKлMMл┬B≥┬▄█▀лNLL▀лMMлх▄█▄лNLLM▀лMMлх▄█▄KлNLLMклMMлх▄█клNLLклMMлхB≥┬▄▄лLлNM█▀лMMл┬▄██лNLL▄лMMл┬▄█▄лNLм▀лMMл┬▄█NKлNLмKлMMл┬B≥┬▄▄лLклNM▌KлMMNH▄▄█лKлNL█клMMNH▄▄▌лNLм▀лMMNH▄▄█нKлNLмKлMMNHB≥┬▄▄лMлNMллMMл▄▄лLклNM▌KлMMл▄▄█нKлNLмKлMMл▄▄▌MKлNMLKлMMлB≥┬▄▄ллNMM▀лMMлH▄▄лMлNMллMMлH▄▄▌MKлNMLKлMMлH▄▄▌MклNMLклMMлHB≥┬▄▄мLKлNLклMMл┬▄▄м▄▀лNLNлMMл┬▄▄лклNMNKлMMл┬▄▄л▀лNMNлMMл┬B≥┬▄▄л▌KлNNKлMMм▄▄▌KлNLмклMMм▄▄▌лNLм▀лMMм▄▄лL▀лNM▌лMMмB≥┬▄▄▌M▀лNML▀лMMл┬▄▄мLKлNLклMMл┬▄▄л▀лNMNлMMл┬▄▄▌MклNMLклMMл┬B≥┬▄▄м▄▀лNLNлMMн▄▄м█клNL▄клMMн▄▄лMKлNMлKлMMн▄▄лклNMNKлMMнB≥┬▄█▄▀лNLLNлM▄L┬▄█мклNLLклM▄L┬▄▄нKлNLKлM▄L┬▄▄нлNLлM▄L┬B≥┬▄█▄клNLLNKлM▄▄┬▄█▄▀лNLLNлM▄▄┬▄▄нлNLлM▄▄┬▄█клNLNKлM▄▄┬B≥┬▄█NлNLLMлM▄▄х▄█▄клNLLNKлM▄▄х▄█клNLNKлM▄▄х▄█KлNL▄KлM▄▄хB≥┬▄█лNL█лMMн▄█NлNLмлMMн▄█LKлNL█клMMн▄█LлNL█▀лMMнB≥┬▄█мклNLLклM▄█▄█м▀лNLL▀лM▄█▄█MклNLлклM▄█▄▄нKлNLKлM▄█B≥┬▄█KлNL█KлMMл┬▄█NлNLLMлMMл┬▄█KлNL▄KлMMл┬▄█LлNL█▀лMMл┬B≥┬▄▄мM▀лNLL▀лMMл┬▄█L▀лNL▌лMMл┬▄█LKлNL█клMMл┬▄█▄лNLм▀лMMл┬B≥┬▄▄м█клNL▄клMMл┬▄▄мMклNLLклMMл┬▄██лNLL▄лMMл┬▄▄лMKлNMлKлMMл┬B≥┬▄▄нKлNLмклM▄▌▄█▄KлNLмклM▄▌▄▄█NлNLMлM▄▌▄▄█MклNLLклM▄▌B≥┬▄█NKлNLмKлMMлх▄█M▀лNLл▀лMMлх▄▄лLKлNM█клMMлх▄▄лLлNM█▀лMMлхB≥┬▄▄нLклNLKлMMнH▄▄нLKлNLклMMнH▄▄лMклNMлклMMнH▄▄лM▀лNMл▀лMMнHB≥┬▄█M▀лNLл▀лMMл┬▄█MKлNLлKлMMл┬▄▄лNлNMмлMMл┬▄▄лLKлNM█клMMл┬B≥┬▄▄м█клNL▄клMMл┬▄▄мMKлNLLKлMMл┬▄▄мNлNLMлMMл┬▄▄мMклNLLклMMл┬B≥┬▄█клNLLклMMлх▄█▄KлNLLMклMMлх▄▄м▄KлNLMклMMлх▄▄м▄лNLM▀лMMлхB≥┬▄█▄клNLнKлMлх▄█нKлNLMKлMлх▄▄м█KлNL▄KлMлх▄▄м█лNL▄лMлхB≥┬▄█KлNLLKлM▄H▄█клNLLклM▄H▄▄м▄лNLM▀лM▄H▄▄м█▀лNL▄▀лM▄HB≥┬▄█▄KлNLLMклMMл┬▄▄мNKлNLMKлMMл┬▄▄мNлNLMлMMл┬▄▄м▄KлNLMклMMл┬B≥┬▄▄▌KлNMKлMMл┬▄▄ллNM█лMMл┬▄▄лNлNMмлMMл┬▄▄лM▀лNMл▀лMMл┬B≥┬▄▄█M▀лNLL▀лM█L▄▄█лклNL▌KлM█L▄█▄▀лNLнлM█L▄▄█MклNLLклM█LB≥┬▄▄█лклNL▌KлM█▄H▄▄▌клNLнKлM█▄H▄▄лMклNMлклM█▄H▄█▄▀лNLнлM█▄HB≥┬▄▄ллKлNNклM▌L▄▄м▄клNLNKлM▌L▄██лNLлM▌L▄▄м█лNL▄лM▌LB≥┬▄▄лнлNNMлMлL▄▄лл▀лNNлMлL▄▄м█KлNL▄KлMлL▄▄м█▀лNL▄▀лMлLB≥┬▄▄лKлNM█KлMMл┬▄▄лMKлNMлKлMMл┬▄██лNLL▄лMMл┬▄▄лLлNM█▀лMMл┬B≥┬▄▄мM▀лNLL▀лMMл┬▄█▄лNLм▀лMMл┬▄██лNLL▄лMMл┬▄▄мMклNLLклMMл┬B≥┬▄██KлNLL▄KлMM▄██▀лNLL▄▀лMM▄██клNLL▄клMM▄█▌лNLL█лMMB≥┬▄█▌KлNLL█KлM██┬▄█ллNLL█▀лM██┬▄█лKлNLL█клM██┬▄█л▀лNLL▌лM██┬B≥┬▄█ллNLL█▀лM██х▄█лклNLL▌KлM██х▄█млNLLллM██х▄█лKлNLL█клM██хB≥┬▄█лклNLL▌KлM█▌▄█мKлNLLлKлM█▌▄█м▀лNLLл▀лM█▌▄█млNLLллM█▌B≥┬▄█мKлNLLлKлM█▌H▄█мклNLLлклM█▌H▄█нлNLLмлM█▌H▄█м▀лNLLл▀лM█▌HB≥┬▄█нKлNLLмKлMMLх▄█лNLLм▀лMMLх▄█нлNLLмлMMLх▄█мклNLLлклMMLхB≥┬▄█KлNLLмклM█л▄█▀лNLLнлM█л▄██KлNLL▄KлM█л▄█л▀лNLL▌лM█лB≥┬▄█KлNLLмклM█лH▄█л▀лNLL▌лM█лH▄█лKлNLL█клM█лH▄█клNLLнKлM█лHB≥┬▄█клNLLнKлM█л┬▄█лKлNLL█клM█л┬▄█млNLLллM█л┬▄█лNLMлM█л┬B≥┬▄█лNLMлMMMх▄█млNLLллMMMх▄█м▀лNLLл▀лMMMх▄█KлNLMKлMMMхB≥┬▄█KлNLMKлMMN▄█м▀лNLLл▀лMMN▄█нлNLLмлMMN▄█▀лNLM▀лMMNB≥┬▄█клNLMклMMNH▄█лNLMлMMNH▄█KлNLMKлMMNH▄█LлNLM▀лMMNHB≥┬▄█LKлNLMклM█лх▄█L▀лNLMлM█лх▄█▀лNLLнлM█лх▄█KлNLLмклM█лхB≥┬▄█LклNLMKлM█м▄█MлNLMLлM█м▄█L▀лNLMлM█м▄█LKлNLMклM█мB≥┬▄█LKлNLMклM█мH▄█KлNLLмклM█мH▄█клNLLнKлM█мH▄█MKлNLMLKлM█мHB≥┬▄█LклNLMKлMM▄х▄█LKлNLMклMM▄х▄█MKлNLMLKлMM▄х▄█M▀лNLML▀лMM▄хB≥┬▄█MKлNLMLKлMM█▄█клNLLнKлMM█▄█лNLMлMM█▄█MклNLMLклMM█B≥┬▄█M▀лNLML▀лM█м┬▄█MKлNLMLKлM█м┬▄█MклNLMLклM█м┬▄█NлNLMMлM█м┬B≥┬▄█MклNLMLклMлN▄█лNLMлMлN▄█KлNLMKлMлN▄█NKлNLMMKлMлNB≥┬▄█NлNLMMлMM█х▄█MклNLMLклMM█х▄█NKлNLMMKлMM█х▄█LлNLMM▀лMM█хB≥┬▄█NKлNLMMKлMM▌▄█KлNLMKлMM▌▄█▀лNLM▀лMM▌▄█LKлNLMMклMM▌B≥┬▄█LлNLMM▀лM█н▄█NKлNLMMKлM█н▄█LKлNLMMклM█н▄█L▀лNLMNлM█нB≥┬▄█LклNLMNKлMMл▄█LлNLM▄лMMл▄█лNLMлMMл▄█клNLMклMMлB≥┬▄█LKлNLM▄KлMMлH▄█L▀лNLM▄▀лMMлH▄█LлNLM▄лMMлH▄█LклNLMNKлMMлHB≥┬▄█LлNLMM▀лMMл┬▄█L▀лNLMNлMMл┬▄█LклNLM▄клMMл┬▄█LлNLM█лMMл┬B≥┬▄█L▀лNLMNлMMл┬▄█LKлNLM█KлMMл┬▄█LLлNLM█▀лMMл┬▄█LклNLM▄клMMл┬B≥┬▄█LLлNLM█▀лMMл┬▄█LLKлNLM█клMMл┬▄█LL▀лNLM▌лMMл┬▄█LLклNLM▌KлMMл┬B≥┬▄█LMлNLMллMMл┬▄█LMKлNLMлKлMMл┬▄█LлNLM█лMMл┬▄█LклNLM▄клMMл┬B≥┬▄█LMлNLMллMMл┬▄█LM▀лNLMл▀лMMл┬▄█LMклNLMлклMMл┬▄█LMKлNLMлKлMMл┬B≥┬▄█LNлNLMмлMMлх▄█LNKлNLMмKлMMлх▄█L▄лNLMм▀лMMлх▄█LM▀лNLMл▀лMMлхB≥┬▄█LMKлNLMлKлMMл┬▄█LклNLMKлMMл┬▄█M▀лNLML▀лMMл┬▄█LлNLM█лMMл┬B≥┬▄█LлNLM█лMMл┬▄█M▀лNLML▀лMMл┬▄█NлNLMMлMMл┬▄█LлNLMM▀лMMл┬B≥┬▄█L▄KлNLMмклMMм▄█KлNLMKлMMм▄█лNLLм▀лMMм▄█нKлNLLмKлMMмB≥┬▄█▀лNLM▀лMMмH▄█нлNLLмлMMмH▄█лNLLм▀лMMмH▄█L▄▀лNLMнлMMмHB≥┬▄█LKлNLMMклMMм┬▄█▀лNLM▀лMMм┬▄█L▄▀лNLMнлMMм┬▄█L▄клNLMнKлMMм┬B≥┬▄█L▀лNLMNлMMмх▄█LKлNLMMклMMмх▄█L▄клNLMнKлMMмх▄█LKлNLM█KлMMмхB≥┬▄█L▀лNLM▄▀лMMл┬▄█LLKлNLM█клMMл┬▄█LLлNLM█▀лMMл┬▄█LKлNLM█KлMMл┬B≥┬▄█LMлNLMллMMл┬▄█LклNLM▄клMMл┬▄█LLлNLM█▀лMMл┬▄█LLклNLM▌KлMMл┬B≥┬▄█LL▀лNLM▌лMMн▄█L█лNLNлMMн▄█LNлNLMмлMMн▄█LLклNLM▌KлMMнB≥┬▄█▌KлNLL█KлMM▄█л▀лNLL▌лMM▄██KлNLL▄KлMM▄█▌лNLL█лMMB≥┬▄█L█KлNLNKлM█нH▄█L█▀лNLN▀лM█нH▄█L▀лNLMлM█нH▄█MлNLMLлM█нHB≥┬▄█L▄лNLMм▀лMMл┬▄█L█клNLNклMMл┬▄█LMклNLMлклMMл┬▄█LM▀лNLMл▀лMMл┬B≥┬▄█LMлNLMллMN▄█LLклNLM▌KлMN▄█LNлNLMмлMN▄█LM▀лNLMл▀лMNB≥┬▄█LклNLMKлMMн▄█LMKлNLMлKлMMн▄█LMклNLMлклMMн▄█MлNLMLлMMнB≥┬▄█L▌лNLNлM▌▄█L▌KлNLNKлM▌▄█LллNLN▀лM▌▄█LлKлNLNклM▌B≥┬▄█LлKлNLNклM▌H▄█LллNLN▀лM▌H▄█Lл▀лNLNлM▌H▄█LлклNLNKлM▌HB≥┬▄█LлклNLNKлM▌┬▄█Lл▀лNLNлM▌┬▄█LмлNLNLлM▌┬▄█LмKлNLNLKлM▌┬B≥┬▄█LмKлNLNLKлMN▄█LмлNLNLлMN▄█Lм▀лNLNL▀лMN▄█LмклNLNLклMNB≥┬▄█LнлNLNMлMMм▄█LмклNLNLклMMм▄█Lм▀лNLNL▀лMMм▄█LлNLM▀лMMмB≥┬▄█LнKлNLNMKлM▌х▄█L▌KлNLNKлM▌х▄█MлNLNM▀лM▌х▄█MKлNLNMклM▌хB≥┬▄█LнKлNLNMKлM▌▄█M▀лNLNNлM▌▄█LллNLN▀лM▌▄█L▌KлNLNKлM▌B≥┬▄█M▀лNLNNлM▌H▄█MклNLNNKлM▌H▄█Lл▀лNLNлM▌H▄█LллNLN▀лM▌HB≥┬▄█MклNLNNKлMN▄█MлNL▄лMN▄█LмлNLNLлMN▄█Lл▀лNLNлMNB≥┬▄█MлNL▄лMNH▄█MKлNL▄KлMNH▄█Lм▀лNLNL▀лMNH▄█LмлNLNLлMNHB≥┬▄█M▀лNL▄▀лM▌┬▄█LнKлNLNMKлM▌┬▄█MKлNLNMклM▌┬▄█MклNL▄клM▌┬B≥┬▄█MлNL▄лMNLH▄█M▀лNL▄▀лMNLH▄█MклNL▄клMNLH▄█MKлNL▄KлMNLHB≥┬▄█M▀лNL▄▀лM▌х▄█MLлNL▄▀лM▌х▄█M▀лNLNNлM▌х▄█LнKлNLNMKлM▌хB≥┬▄█MлNL▄лM▌▄█MLKлNL▄клM▌▄█MLлNL▄▀лM▌▄█M▀лNL▄▀лM▌B≥┬▄█MLлNL▄▀лM▌H▄█ML▀лNL▄лM▌H▄█MклNLNNKлM▌H▄█M▀лNLNNлM▌HB≥┬▄█MLKлNL▄клMNMH▄█MLклNL▄KлMNMH▄█ML▀лNL▄лMNMH▄█MLлNL▄▀лMNMHB≥┬▄█ML▀лNL▄лMлNH▄█MMлNL▄LлMлNH▄█MлNL▄лMлNH▄█MклNLNNKлMлNHB≥┬▄█MLклNL▄KлMNMх▄█MMKлNL▄LKлMNMх▄█MMлNL▄LлMNMх▄█ML▀лNL▄лMNMхB≥┬▄█MMлNL▄LлMNN▄█MM▀лNL▄L▀лMNN▄█MKлNL▄KлMNN▄█MлNL▄лMNNB≥┬▄█MMKлNL▄LKлMNNH▄█MMклNL▄LклMNNH▄█MM▀лNL▄L▀лMNNH▄█MMлNL▄LлMNNHB≥┬▄█MMKлNL▄LKлMMлх▄█MNлNL▄MлMMлх▄█MNKлNL▄MKлMMлх▄█MMклNL▄LклMMлхB≥┬▄█MMклNL▄LклMMл┬▄█MNKлNL▄MKлMMл┬▄█M▄лNL▄M▀лMMл┬▄█LKлNLM▄KлMMл┬B≥┬▄█M▄KлNL▄MклMMл┬▄█MNKлNL▄MKлMMл┬▄█MNлNL▄MлMMл┬▄█M▄▀лNL▄NлMMл┬B≥┬▄█M▄KлNL▄MклMMл┬▄█M▄▀лNL▄NлMMл┬▄█M▄клNL▄NKлMMл┬▄█M█лNL▄▄лMMл┬B≥┬▄█M█KлNL▄▄KлMMл┬▄█M█▀лNL▄▄▀лMMл┬▄█M█клNL▄▄клMMл┬▄█M▌лNL▄█лMMл┬B≥┬▄█MKлNL▄KлMMлх▄█M▌KлNL▄█KлMMлх▄█MллNL▄█▀лMMлх▄█M▄клNL▄NKлMMлхB≥┬▄█M▄▀лNL▄NлMMл┬▄█MNлNL▄MлMMл┬▄█MLKлNL▄клMMл┬▄█MлNL▄лMMл┬B≥┬▄█MNлNL▄MлMMлх▄█MMKлNL▄LKлMMлх▄█MLклNL▄KлMMлх▄█MLKлNL▄клMMлхB≥┬▄█MKлNL▄KлMMNH▄█клNLMклMMNH▄█LлNLM▀лMMNH▄█Lм▀лNLNL▀лMMNHB≥┬▄█MM▀лNL▄L▀лMMл▄█LклNLMNKлMMл▄█клNLMклMMл▄█MKлNL▄KлMMлB≥┬▄█MMклNL▄LклMMлH▄█LKлNLM▄KлMMлH▄█LклNLMNKлMMлH▄█MM▀лNL▄L▀лMMлHB≥┬▄█M▄KлNL▄MклMMл┬▄█MлKлNL▄█клMMл┬▄█M▄лNL▄M▀лMMл┬▄█MNKлNL▄MKлMMл┬B≥┬▄█L▌лNLNлM▌L▄█Mл▀лNL▄▌лM▌L▄█MлNLNM▀лM▌L▄█L▌KлNLNKлM▌LB≥┬▄█MлNLNM▀лM▌х▄█MлклNL▄▌KлM▌х▄█MмлNL▄ллM▌х▄█MKлNLNMклM▌хB≥┬▄█MклNL▄клM▄H▄█MмKлNL▄лKлM▄H▄█M▌KлNL▄█KлM▄H▄█MKлNL▄KлM▄HB≥┬▄█M▄клNL▄NKлMMл┬▄█MллNL▄█▀лMMл┬▄█M█клNL▄▄клMMл┬▄█M█лNL▄▄лMMл┬B≥┬▄█M▄KлNL▄MклMMн▄█M█лNL▄▄лMMн▄█Mм▀лNL▄л▀лMMн▄█MлKлNL▄█клMMнB≥┬▄█MлNL▄лMN▄█MKлNL▄KлMN▄█M▄клNL▄NKлMN▄█M▄▀лNL▄NлMNB≥┬▄█MмклNL▄лклM▌LH▄█MнлNL▄млM▌LH▄█MнKлNL▄мKлM▌LH▄█NлNL▄м▀лM▌LHB≥┬▄█NлNL▄м▀лM▌L┬▄█MнKлNL▄мKлM▌L┬▄█NKлNL▄мклM▌L┬▄█N▀лNL▄нлM▌L┬B≥┬▄█N▀лNL▄нлM▌Lх▄█NKлNL▄мклM▌Lх▄█NклNL▄нKлM▌Lх▄█NлNL█лM▌LхB≥┬▄█NлNL█лM▌M▄█NклNL▄нKлM▌M▄█NKлNL█KлM▌M▄█N▀лNL█▀лM▌MB≥┬▄█NклNL█клM▄┬▄█N▀лNL█▀лM▄┬▄█NKлNL█KлM▄┬▄█NлNL█лM▄┬B≥┬▄█NKлNL█KлM▌MH▄█MнлNL▄млM▌MH▄█NLлNL█▀лM▌MH▄█NLKлNL█клM▌MHB≥┬▄█NKлNL█KлM▌M┬▄█NL▀лNL█лM▌M┬▄█MнKлNL▄мKлM▌M┬▄█MнлNL▄млM▌M┬B≥┬▄█NL▀лNL█лM▌Mх▄█NLклNL█KлM▌Mх▄█NKлNL▄мклM▌Mх▄█MнKлNL▄мKлM▌MхB≥┬▄█NLклNL█KлM▄L▄█NMлNL█LлM▄L▄█NклNL▄нKлM▄L▄█NKлNL▄мклM▄LB≥┬▄█NMлNL█LлM▄LH▄█NMKлNL█LKлM▄LH▄█NKлNL█KлM▄LH▄█NклNL▄нKлM▄LHB≥┬▄█NM▀лNL█L▀лM▄L┬▄█NMклNL█LклM▄L┬▄█NNлNL█MлM▄L┬▄█NлNL█лM▄L┬B≥┬▄█NNKлNL█MKлM▌N▄█NKлNL█KлM▌N▄█NLKлNL█клM▌N▄█▄лNL█M▀лM▌NB≥┬▄█▄KлNL█MклM█нH▄█NNKлNL█MKлM█нH▄█▄лNL█M▀лM█нH▄█▄▀лNL█NлM█нHB≥┬▄█NNKлNL█MKлM▌NH▄█▄клNL█NKлM▌NH▄█NL▀лNL█лM▌NH▄█NKлNL█KлM▌NHB≥┬▄█▄KлNL█MклM▄MH▄█▄лNL█▄лM▄MH▄█▄клNL█NKлM▄MH▄█NNKлNL█MKлM▄MHB≥┬▄█▄клNL█NKлM▄M┬▄█▄KлNL█▄KлM▄M┬▄█NLклNL█KлM▄M┬▄█NL▀лNL█лM▄M┬B≥┬▄█▄лNL█▄лMл▄█▄▀лNL█▄▀лMл▄█▄KлNL█▄KлMл▄█▄клNL█NKлMлB≥┬▄█▄KлNL█▄KлMлH▄█▄клNL█▄клMлH▄█NMлNL█LлMлH▄█NLклNL█KлMлHB≥┬▄█▄▀лNL█▄▀лM▄NH▄█▄лNL██лM▄NH▄█▄клNL█▄клM▄NH▄█▄KлNL█▄KлM▄NHB≥┬▄█▄клNL█▄клM▄▄▄█▄KлNL██KлM▄▄▄█NMKлNL█LKлM▄▄▄█NMлNL█LлM▄▄B≥┬▄█▄лNL██лMл┬▄█▄LлNL██▀лMл┬▄█▄KлNL██KлMл┬▄█▄клNL█▄клMл┬B≥┬▄█▄LKлNL██клM▄▄┬▄█▄L▀лNL█▌лM▄▄┬▄█NMклNL█LклM▄▄┬▄█NM▀лNL█L▀лM▄▄┬B≥┬▄█▄LклNL█▌KлM▄▄х▄█▄MлNL█ллM▄▄х▄█▄L▀лNL█▌лM▄▄х▄█▄LKлNL██клM▄▄хB≥┬▄█▄лNL██лMMл┬▄█▄MKлNL█лKлMMл┬▄█▄M▀лNL█л▀лMMл┬▄█▄LлNL██▀лMMл┬B≥┬▄█▄LлNL██▀лMMл┬▄█▄M▀лNL█л▀лMMл┬▄█▄MклNL█лклMMл┬▄█▄LклNL█▌KлMMл┬B≥┬▄█▄NлNL█млMMн▄█▄NKлNL█мKлMMн▄█▄▄лNL█м▀лMMн▄█▄▄KлNL█мклMMнB≥┬▄█▄▄▀лNL█нлMMн▄█▄M▀лNL█л▀лMMн▄█▄MKлNL█лKлMMн▄█▄▄клNL█нKлMMнB≥┬▄█▄▄▀лNL█нлMMл┬▄█▄▄клNL█нKлMMл┬▄█▄█лNL▌лMMл┬▄█▄█KлNL▌KлMMл┬B≥┬▄█▄▀лNL█NлMMл┬▄█L█KлNLNKлMMл┬▄█L█клNLNклMMл┬▄█▄█лNL▌лMMл┬B≥┬▄█▄▄клNL█нKлMMн▄█▄MKлNL█лKлMMн▄█▄лNL█▄лMMн▄█▄KлNL█MклMMнB≥┬▄█▄MKлNL█лKлMMл┬▄█▄лNL██лMMл┬▄█▄▀лNL█▄▀лMMл┬▄█▄лNL█▄лMMл┬B≥┬▄█NлNL█лM▄█▄█NNлNL█MлM▄█▄█▄█▀лNL▌▀лM▄█▄█NклNL█клM▄█B≥┬▄█NMKлNL█LKлM▄█H▄█NM▀лNL█L▀лM▄█H▄█NлNL█лM▄█H▄█NKлNL█KлM▄█HB≥┬▄█▄KлNL██KлM▄█┬▄█▄LKлNL██клM▄█┬▄█NM▀лNL█L▀лM▄█┬▄█NMKлNL█LKлM▄█┬B≥┬▄█▄LлNL██▀лM▄█х▄█▄LклNL█▌KлM▄█х▄█▄LKлNL██клM▄█х▄█▄KлNL██KлM▄█хB≥┬▄█▄MклNL█лклMMл┬▄█▄NKлNL█мKлMMл┬▄█▄MлNL█ллMMл┬▄█▄LклNL█▌KлMMл┬B≥┬▄█▄▄▀лNL█нлMMн▄█▄█клNL▌клMMн▄█▄MклNL█лклMMн▄█▄M▀лNL█л▀лMMнB≥┬▄█▄▌лNL▌лMMл┬▄█▄▌KлNL▌KлMMл┬▄█▄▄лNL█м▀лMMл┬▄█▄█клNL▌клMMл┬B≥┬▄█MмклNL▄лклM▄▌▄█▄ллNL▌▀лM▄▌▄█NLлNL█▀лM▄▌▄█MнлNL▄млM▄▌B≥┬▄█NLлNL█▀лM▌MH▄██▀лNLL▄▀лM▌MH▄█▄лKлNL▌клM▌MH▄█NLKлNL█клM▌MHB≥┬▄█NLKлNL█клM▌N▄█▄лKлNL▌клM▌N▄█L█▀лNLN▀лM▌N▄█▄лNL█M▀лM▌NB≥┬▄█▄▄▀лNL█нлMMлх▄█▄█KлNL▌KлMMлх▄█▄▌лNL▌лMMлх▄█▄█клNL▌клMMлхB≥┬▄█▄KлNL█MклMMл┬▄█▄▀лNL█NлMMл┬▄█▄█лNL▌лMMл┬▄█▄▄клNL█нKлMMл┬B≥┬▄█▄л▀лNL▌лMлх▄█MлклNL▄▌KлMлх▄█▄лклNL▌KлMлх▄█▄млNL▌LлMлхB≥┬▄█▄мKлNL▌LKлMл▄█▄м▀лNL▌L▀лMл▄█▄мклNL▌LклMл▄█▄нлNL▌MлMлB≥┬▄█▄м▀лNL▌L▀лMлH▄█▄нKлNL▌MKлMлH▄██лNL▌M▀лMлH▄█▄мклNL▌LклMлHB≥┬▄█▄нKлNL▌MKлMл┬▄██KлNL▌MклMл┬▄██▀лNL▌NлMл┬▄██лNL▌M▀лMл┬B≥┬▄██KлNL▌MклM▄лх▄██клNL▌NKлM▄лх▄██лNLллM▄лх▄██▀лNL▌NлM▄лхB≥┬▄██KлNLлKлM▄█▄██▀лNLл▀лM▄█▄██лNLллM▄█▄██клNL▌NKлM▄█B≥┬▄██клNLлклMлх▄██лNLллMлх▄█▄л▀лNL▌лMлх▄█▄нлNL▌MлMлхB≥┬▄██клNLлклMл▄█▄нлNL▌MлMл▄█▄мклNL▌LклMл▄██KлNLлKлMлB≥┬▄██KлNLлKлMлH▄█▄мклNL▌LклMлH▄██лNL▌M▀лMлH▄██LлNLл▀лMлHB≥┬▄██LлNLл▀лM▄мх▄██лNL▌M▀лM▄мх▄██▀лNL▌NлM▄мх▄██LKлNLлклM▄мхB≥┬▄██LKлNLлклM▄н▄██▀лNL▌NлM▄н▄██лNLллM▄н▄██L▀лNLллM▄нB≥┬▄██LклNLлKлMлL▄██MлNLлLлMлL▄██лNLллMлL▄██клNLлклMлLB≥┬▄██MKлNLлLKлM▄H▄██M▀лNLлL▀лM▄H▄██MлNLлLлM▄H▄██LклNLлKлM▄HB≥┬▄██LклNLлKлMмх▄██клNLлклMмх▄██KлNLлKлMмх▄██MклNLлLклMмхB≥┬▄██MKлNLлLKлMлL┬▄██LклNLлKлMлL┬▄██MклNLлLклMлL┬▄██NлNLлMлMлL┬B≥┬▄██MклNLлLклMлLх▄██KлNLлKлMлLх▄██LлNLл▀лMлLх▄██NKлNLлMKлMлLхB≥┬▄██NлNLлMлM█х▄██MклNLлLклM█х▄██NKлNLлMKлM█х▄██▄лNLлM▀лM█хB≥┬▄██NKлNLлMKлM█▄██LлNLл▀лM█▄██LKлNLлклM█▄██▄KлNLлMклM█B≥┬▄██▄лNLлM▀лM█H▄██NKлNLлMKлM█H▄██▄KлNLлMклM█H▄██▄▀лNLлNлM█HB≥┬▄██▄KлNLлMклM█┬▄██LKлNLлклM█┬▄██L▀лNLллM█┬▄██▄клNLлNKлM█┬B≥┬▄██▄▀лNLлNлMлM▄██▄KлNLлMклMлM▄██▄клNLлNKлMлM▄███лNLл▄лMлMB≥┬▄██▄▀лNLлNлMMл┬▄███лNLл▄лMMл┬▄███KлNLл▄KлMMл┬▄███▀лNLл▄▀лMMл┬B≥┬▄███лNLл▄лMMл┬▄███клNLл▄клMMл┬▄█▄NлNL█млMMл┬▄███KлNLл▄KлMMл┬B≥┬▄██▌лNLл█лMMн▄██▌KлNLл█KлMMн▄███▀лNLл▄▀лMMн▄███KлNLл▄KлMMнB≥┬▄██▌лNLл█лMMл┬▄█M▌лNL▄█лMMл┬▄██ллNLл█▀лMMл┬▄██▌KлNLл█KлMMл┬B≥┬▄██▌KлNLл█KлMMн▄██MKлNLлLKлMMн▄██NлNLлMлMMн▄███▀лNLл▄▀лMMнB≥┬▄███▀лNLл▄▀лMMл┬▄██NлNLлMлMMл┬▄██▄лNLлM▀лMMл┬▄██▄▀лNLлNлMMл┬B≥┬▄██L▀лNLллM▄L┬▄██лNLллM▄L┬▄██▀лNLл▀лM▄L┬▄██лKлNLл█клM▄L┬B≥┬▄██▄клNLлNKлM▄▄┬▄██L▀лNLллM▄▄┬▄██лKлNLл█клM▄▄┬▄██л▀лNLл▌лM▄▄┬B≥┬▄███лNLл▄лM▄▄х▄██▄клNLлNKлM▄▄х▄██л▀лNLл▌лM▄▄х▄███клNLл▄клM▄▄хB≥┬▄██▌лNLл█лMMн▄███KлNLл▄KлMMн▄█▄NлNL█млMMн▄█▄▄KлNL█мклMMнB≥┬▄█▄мKлNL▌LKлMлх▄█▄нлNL▌MлMлх▄█▄л▀лNL▌лMлх▄█▄млNL▌LлMлхB≥┬▄█MмKлNL▄лKлMлL▄█MмлNL▄ллMлL▄██лNLллMлL▄██MлNLлLлMлLB≥┬▄██▌лNLл█лMMл┬▄█▄▄KлNL█мклMMл┬▄█M█KлNL▄▄KлMMл┬▄█M▌лNL▄█лMMл┬B≥┬▄██MKлNLлLKлMMлх▄██▌KлNLл█KлMMлх▄██ллNLл█▀лMMлх▄██M▀лNLлL▀лMMлхB≥┬▄█LNKлNLMмKлMMл┬▄██лклNLл▌KлMMл┬▄█▄▌KлNL▌KлMMл┬▄█▄▌лNL▌лMMл┬B≥┬▄█L▄▀лNLMнлMMNH▄█лNLLм▀лMMNH▄█KлNLMKлMMNH▄█лNLMлMMNHB≥┬▄█L▄клNLMнKлMMл▄█L▄▀лNLMнлMMл▄█лNLMлMMл▄█LлNLM▄лMMлB≥┬▄█LKлNLM█KлMMлH▄█L▄клNLMнKлMMлH▄█LлNLM▄лMMлH▄█L▀лNLM▄▀лMMлHB≥┬▄█M▄лNL▄M▀лMMл┬▄█MлKлNL▄█клMMл┬▄█LL▀лNLM▌лMMл┬▄█LLKлNLM█клMMл┬B≥┬▄█LнлNLNMлMMм▄█LлNLM▀лMMм▄█KлNLMKлMMм▄█L▄KлNLMмклMMмB≥┬▄█LKлNLM▄KлMMл┬▄█M▄лNL▄M▀лMMл┬▄█LLKлNLM█клMMл┬▄█L▀лNLM▄▀лMMл┬B≥┬▄█MлKлNL▄█клMMн▄█Mм▀лNL▄л▀лMMн▄█L█лNLNлMMн▄█LL▀лNLM▌лMMнB≥┬▄██лKлNLл█клM▄L┬▄██▀лNLл▀лM▄L┬▄█NNлNL█MлM▄L┬▄█NMклNL█LклM▄L┬B≥┬▄██л▀лNLл▌лM▄▄┬▄██лKлNLл█клM▄▄┬▄█NMклNL█LклM▄▄┬▄█▄L▀лNL█▌лM▄▄┬B≥┬▄███клNLл▄клM▄▄х▄██л▀лNLл▌лM▄▄х▄█▄L▀лNL█▌лM▄▄х▄█▄MлNL█ллM▄▄хB≥┬▄█▄MклNL█лклMMн▄█▄█клNL▌клMMн▄█▄▄лNL█м▀лMMн▄█▄NKлNL█мKлMMнB≥┬▄██▀лNLл▀лM▄█▄██KлNLлKлM▄█▄█▄█▀лNL▌▀лM▄█▄█NNлNL█MлM▄█B≥┬▄█▄NлNL█млMMл┬▄███клNLл▄клMMл┬▄█▄MлNL█ллMMл┬▄█▄NKлNL█мKлMMл┬B≥┬▄█M█KлNL▄▄KлMMл┬▄█▄▄KлNL█мклMMл┬▄█▄▄лNL█м▀лMMл┬▄█▄▌KлNL▌KлMMл┬B≥┬▄█Mм▀лNL▄л▀лMMл┬▄█M█▀лNL▄▄▀лMMл┬▄██лклNLл▌KлMMл┬▄█L█лNLNлMMл┬B≥┬▄█NLлNL█▀лM▄▌▄█▄ллNL▌▀лM▄▌▄██клNLL▄клM▄▌▄██▀лNLL▄▀лM▄▌B≥┬▄█▄▌лNL▌лMMлх▄█▄█KлNL▌KлMMлх▄█L▄лNLMм▀лMMлх▄█LNKлNLMмKлMMлхB≥┬▄█▄▀лNL█NлM█нH▄█▄лNL█M▀лM█нH▄█L█▀лNLN▀лM█нH▄█L█KлNLNKлM█нHB≥┬▄█▄█KлNL▌KлMMл┬▄█▄█лNL▌лMMл┬▄█L█клNLNклMMл┬▄█L▄лNLMм▀лMMл┬B≥┬▄█Mм▀лNL▄л▀лMMл┬▄█M█лNL▄▄лMMл┬▄█M█клNL▄▄клMMл┬▄█M█▀лNL▄▄▀лMMл┬B≥┬▄██M▀лNLлL▀лMMлх▄██ллNLл█▀лMMлх▄█MллNL▄█▀лMMлх▄█M▌KлNL▄█KлMMлхB≥┬▄█▄л▀лNL▌лMлх▄██лNLллMлх▄█MмлNL▄ллMлх▄█MлклNL▄▌KлMлхB≥┬▄██MлNLлLлM▄H▄██M▀лNLлL▀лM▄H▄█M▌KлNL▄█KлM▄H▄█MмKлNL▄лKлM▄HB≥┬▄██ллNLл█▀лMMл┬▄█M▌лNL▄█лMMл┬▄█M█клNL▄▄клMMл┬▄█MллNL▄█▀лMMл┬B≥┬▄█MлNLMLлMMл┬▄█LMклNLMлклMMл┬▄█L█клNLNклMMл┬▄█L█KлNLNKлMMл┬B≥┬▄██KлNLL▄KлM█л▄█▀лNLLнлM█л▄█▄лKлNL▌клM█л▄██▀лNLL▄▀лM█лB≥┬▄█▀лNLLнлM▌N▄█L▀лNLMлM▌N▄█L█▀лNLN▀лM▌N▄█▄лKлNL▌клM▌NB≥┬▄█MлNLNM▀лM▌L▄█Mл▀лNL▄▌лM▌L▄█▄лклNL▌KлM▌L▄█MлклNL▄▌KлM▌LB≥┬▄█MклNL▄клMлL▄█MKлNLNMклMлL▄█MмлNL▄ллMлL▄█MмKлNL▄лKлMлLB≥┬▄█LNлNLMмлMMл┬▄█L█лNLNлMMл┬▄██лклNLл▌KлMMл┬▄█LNKлNLMмKлMMл┬B≥┬▄█M█KлNL▄▄KлMMл┬▄█▄▌KлNL▌KлMMл┬▄██лклNLл▌KлMMл┬▄█M█▀лNL▄▄▀лMMл┬B≥┬▄██млNLлллMM▄██мKлNLллKлMM▄██м▀лNLлл▀лMM▄██мклNLллклMMB≥┬▄██нлNLлмлM██┬▄██нKлNLлмKлM██┬▄█▌лNLлм▀лM██┬▄█▌KлNLлмклM██┬B≥┬▄██нKлNLлмKлM██х▄█▌▀лNLлнлM██х▄█▌клNLлнKлM██х▄█▌лNLлм▀лM██хB≥┬▄█▌▀лNLлнлM█▌▄█▌лNLмлM█▌▄█▌KлNLмKлM█▌▄█▌клNLлнKлM█▌B≥┬▄█▌лNLмлM█▌H▄█▌▀лNLм▀лM█▌H▄█▌клNLмклM█▌H▄█▌KлNLмKлM█▌HB≥┬▄█▌лNLмлMMLх▄█▌KлNLмKлMMLх▄█▌клNLмклMMLх▄█▌▀лNLм▀лMMLхB≥┬▄█▌LлNLм▀лM█л▄█▌LKлNLмклM█л▄██млNLлллM█л▄█▌KлNLлмклM█лB≥┬▄█▌LлNLм▀лM█лH▄█▌KлNLлмклM█лH▄█▌лNLлм▀лM█лH▄█▌L▀лNLмлM█лHB≥┬▄█▌L▀лNLмлM█л┬▄█▌лNLлм▀лM█л┬▄█▌клNLлнKлM█л┬▄█▌LклNLмKлM█л┬B≥┬▄█▌LклNLмKлMMMх▄█▌клNLлнKлMMMх▄█▌KлNLмKлMMMх▄█▌MлNLмLлMMMхB≥┬▄█▌MлNLмLлMMN▄█▌KлNLмKлMMN▄█▌клNLмклMMN▄█▌MKлNLмLKлMMNB≥┬▄█▌M▀лNLмL▀лMMNH▄█▌MклNLмLклMMNH▄█▌NлNLмMлMMNH▄█▌NKлNLмMKлMMNHB≥┬▄█ллNLмM▀лM█лх▄█лKлNLмMклM█лх▄█▌LKлNLмклM█лх▄█▌LлNLм▀лM█лхB≥┬▄█л▀лNLмNлM█м▄█лклNLмNKлM█м▄█лKлNLмMклM█м▄█ллNLмM▀лM█мB≥┬▄█ллNLмM▀лM█мH▄█▌LлNLм▀лM█мH▄█▌L▀лNLмлM█мH▄█ллNLм▄лM█мHB≥┬▄█л▀лNLмNлMM▄х▄█ллNLмM▀лMM▄х▄█ллNLм▄лMM▄х▄█лKлNLм▄KлMM▄хB≥┬▄█ллNLм▄лMM█▄█▌L▀лNLмлMM█▄█▌LклNLмKлMM█▄█л▀лNLм▄▀лMM█B≥┬▄█лKлNLм▄KлM█м┬▄█ллNLм▄лM█м┬▄█л▀лNLм▄▀лM█м┬▄█лклNLм▄клM█м┬B≥┬▄█л▀лNLм▄▀лMлN▄█▌LклNLмKлMлN▄█▌MлNLмLлMлN▄█ллNLм█лMлNB≥┬▄█лклNLм▄клMM█х▄█л▀лNLм▄▀лMM█х▄█ллNLм█лMM█х▄█лKлNLм█KлMM█хB≥┬▄█ллNLм█лMM▌▄█▌MлNLмLлMM▌▄█▌MKлNLмLKлMM▌▄█лLлNLм█▀лMM▌B≥┬▄█лKлNLм█KлM█н▄█ллNLм█лM█н▄█лLлNLм█▀лM█н▄█лLKлNLм█клM█нB≥┬▄█лL▀лNLм▌лMMл▄█лLклNLм▌KлMMл▄█▌MклNLмLклMMл▄█▌M▀лNLмL▀лMMлB≥┬▄█лMлNLмллMMлH▄█лMKлNLмлKлMMлH▄█лLклNLм▌KлMMлH▄█лL▀лNLм▌лMMлHB≥┬▄█лKлNLм█KлMMл┬▄█лLKлNLм█клMMл┬▄█лM▀лNLмл▀лMMл┬▄█лMклNLмлклMMл┬B≥┬▄█лLKлNLм█клMMл┬▄█лNлNLммлMMл┬▄█лNKлNLммKлMMл┬▄█лM▀лNLмл▀лMMл┬B≥┬▄█лNKлNLммKлMMл┬▄█л▄лNLмм▀лMMл┬▄█л▄KлNLммклMMл┬▄█л▄▀лNLмнлMMл┬B≥┬▄█л▄клNLмнKлMMл┬▄█л█лNLнлMMл┬▄█лMклNLмлклMMл┬▄█лM▀лNLмл▀лMMл┬B≥┬▄█л▄клNLмнKлMMл┬▄█л█KлNLнKлMMл┬▄█л█▀лNLн▀лMMл┬▄█л█лNLнлMMл┬B≥┬▄█л█клNLнклMMлх▄█л▌лNLнлMMлх▄█л▌KлNLнKлMMлх▄█л█KлNLнKлMMлхB≥┬▄█л█лNLнлMMл┬▄█л▀лNLмNлMMл┬▄█лKлNLм▄KлMMл┬▄█лMклNLмлклMMл┬B≥┬▄█лMклNLмлклMMл┬▄█лKлNLм▄KлMMл┬▄█лклNLм▄клMMл┬▄█лKлNLм█KлMMл┬B≥┬▄█лллNLн▀лMMм▄█▌NлNLмMлMMм▄█▌KлNLмKлMMм▄█▌лNLмлMMмB≥┬▄█▌MKлNLмLKлMMмH▄█▌клNLмклMMмH▄█▌KлNLмKлMMмH▄█ллKлNLнклMMмHB≥┬▄█лLлNLм█▀лMMм┬▄█▌MKлNLмLKлMMм┬▄█ллKлNLнклMMм┬▄█лл▀лNLнлMMм┬B≥┬▄█лLKлNLм█клMMмх▄█лLлNLм█▀лMMмх▄█лл▀лNLнлMMмх▄█лNлNLммлMMмхB≥┬▄█лMKлNLмлKлMMл┬▄█л▄лNLмм▀лMMл┬▄█лNKлNLммKлMMл┬▄█лNлNLммлMMл┬B≥┬▄█л▄клNLмнKлMMл┬▄█лM▀лNLмл▀лMMл┬▄█лNKлNLммKлMMл┬▄█л▄▀лNLмнлMMл┬B≥┬▄█л▄KлNLммклMMн▄█ллклNLнKлMMн▄█л█клNLнклMMн▄█л▄▀лNLмнлMMнB≥┬▄██нлNLлмлMM▄█▌KлNLлмклMM▄██млNLлллMM▄██мклNLллклMMB≥┬▄█лмлNLнLлM█нH▄█лмKлNLнLKлM█нH▄█лKлNLмMклM█нH▄█лклNLмNKлM█нHB≥┬▄█л▌KлNLнKлMMл┬▄█лм▀лNLнL▀лMMл┬▄█л█▀лNLн▀лMMл┬▄█л█KлNLнKлMMл┬B≥┬▄█л▄клNLмнKлMN▄█л▄▀лNLмнлMN▄█л█клNLнклMN▄█л█KлNLнKлMNB≥┬▄█л▀лNLмNлMMн▄█л█лNLнлMMн▄█л█▀лNLн▀лMMн▄█лклNLмNKлMMнB≥┬▄█лмклNLнLклM▌▄█лнлNLнMлM▌▄█лнKлNLнMKлM▌▄█млNLнM▀лM▌B≥┬▄█млNLнM▀лM▌H▄█лнKлNLнMKлM▌H▄█мKлNLнMклM▌H▄█м▀лNLнNлM▌HB≥┬▄█м▀лNLнNлM▌┬▄█мKлNLнMклM▌┬▄█мклNLнNKлM▌┬▄█млNMлM▌┬B≥┬▄█млNMлMN▄█мклNLнNKлMN▄█мKлNMKлMN▄█м▀лNM▀лMNB≥┬▄█мклNMклMMм▄█м▀лNM▀лMMм▄█мKлNMKлMMм▄█▌NKлNLмMKлMMмB≥┬▄█млNMлM▌х▄█лнлNLнMлM▌х▄█мKлNMKлM▌х▄█мLлNM▀лM▌хB≥┬▄█млNMлM▌▄█мLKлNMклM▌▄█лнKлNLнMKлM▌▄█лнлNLнMлM▌B≥┬▄█мLKлNMклM▌H▄█мL▀лNMлM▌H▄█мKлNLнMклM▌H▄█лнKлNLнMKлM▌HB≥┬▄█мL▀лNMлMN▄█мLклNMKлMN▄█мклNLнNKлMN▄█мKлNLнMклMNB≥┬▄█мLклNMKлMNH▄█мMлNMLлMNH▄█мKлNMKлMNH▄█мклNLнNKлMNHB≥┬▄█мMKлNMLKлM▌┬▄█млNMлM▌┬▄█мLлNM▀лM▌┬▄█мM▀лNML▀лM▌┬B≥┬▄█мMклNMLклMNLH▄█мMKлNMLKлMNLH▄█мM▀лNML▀лMNLH▄█мNлNMMлMNLHB≥┬▄█мMKлNMLKлM▌х▄█мNKлNMMKлM▌х▄█мLKлNMклM▌х▄█млNMлM▌хB≥┬▄█мMклNMLклM▌▄█м▄лNMM▀лM▌▄█мNKлNMMKлM▌▄█мMKлNMLKлM▌B≥┬▄█мNKлNMMKлM▌H▄█м▄KлNMMклM▌H▄█мL▀лNMлM▌H▄█мLKлNMклM▌HB≥┬▄█м▄лNMM▀лMNMH▄█м▄▀лNMNлMNMH▄█м▄KлNMMклMNMH▄█мNKлNMMKлMNMHB≥┬▄█м▄KлNMMклMлNH▄█м▄клNMNKлMлNH▄█мLклNMKлMлNH▄█мL▀лNMлMлNHB≥┬▄█м▄▀лNMNлMNMх▄█м█лNM▄лMNMх▄█м▄клNMNKлMNMх▄█м▄KлNMMклMNMхB≥┬▄█м▄клNMNKлMNN▄█м█KлNM▄KлMNN▄█мMлNMLлMNN▄█мLклNMKлMNNB≥┬▄█м█лNM▄лMNNH▄█м█▀лNM▄▀лMNNH▄█м█KлNM▄KлMNNH▄█м▄клNMNKлMNNHB≥┬▄█м█лNM▄лMMлх▄█м█клNM▄клMMлх▄█м▌лNM█лMMлх▄█м█▀лNM▄▀лMMлхB≥┬▄█м█▀лNM▄▀лMMл┬▄█м▌лNM█лMMл┬▄█м▌KлNM█KлMMл┬▄█лMлNLмллMMл┬B≥┬▄█мллNM█▀лMMл┬▄█м▌лNM█лMMл┬▄█м█клNM▄клMMл┬▄█млKлNM█клMMл┬B≥┬▄█мллNM█▀лMMл┬▄█млKлNM█клMMл┬▄█мл▀лNM▌лMMл┬▄█млклNM▌KлMMл┬B≥┬▄█ммлNMллMMл┬▄█ммKлNMлKлMMл┬▄█мм▀лNMл▀лMMл┬▄█ммклNMлклMMл┬B≥┬▄█мNлNMMлMMлх▄█мнлNMмлMMлх▄█мнKлNMмKлMMлх▄█мл▀лNM▌лMMлхB≥┬▄█млKлNM█клMMл┬▄█м█клNM▄клMMл┬▄█м▄лNMM▀лMMл┬▄█мMклNMLклMMл┬B≥┬▄█м█клNM▄клMMлх▄█м█лNM▄лMMлх▄█м▄▀лNMNлMMлх▄█м▄лNMM▀лMMлхB≥┬▄█мMлNMLлMMNH▄█▌M▀лNLмL▀лMMNH▄█▌NKлNLмMKлMMNH▄█мKлNMKлMMNHB≥┬▄█м█KлNM▄KлMMл▄█лL▀лNLм▌лMMл▄█▌M▀лNLмL▀лMMл▄█мMлNMLлMMлB≥┬▄█м█▀лNM▄▀лMMлH▄█лMлNLмллMMлH▄█лL▀лNLм▌лMMлH▄█м█KлNM▄KлMMлHB≥┬▄█мллNM█▀лMMл┬▄█нлNMм▀лMMл┬▄█м▌KлNM█KлMMл┬▄█м▌лNM█лMMл┬B≥┬▄█лмклNLнLклM▌L▄█нKлNMмклM▌L▄█мKлNMKлM▌L▄█лнлNLнMлM▌LB≥┬▄█мKлNMKлM▌х▄█н▀лNMнлM▌х▄█нклNMнKлM▌х▄█мLлNM▀лM▌хB≥┬▄█мM▀лNML▀лM▄H▄█нлNMлM▄H▄█мнлNMмлM▄H▄█мNлNMMлM▄HB≥┬▄█мл▀лNM▌лMMл┬▄█мнKлNMмKлMMл┬▄█мм▀лNMл▀лMMл┬▄█млклNM▌KлMMл┬B≥┬▄█мллNM█▀лMMн▄█млклNM▌KлMMн▄█нKлNMKлMMн▄█нлNMм▀лMMнB≥┬▄█мMклNMLклMN▄█мNлNMMлMN▄█мл▀лNM▌лMN▄█млKлNM█клMNB≥┬▄█н▀лNM▀лM▌LH▄█нклNMклM▌LH▄█нлNMлM▌LH▄█нKлNMKлM▌LHB≥┬▄█нKлNMKлM▌L┬▄█нлNMлM▌L┬▄█нLлNM▀лM▌L┬▄█нLKлNMклM▌L┬B≥┬▄█нLKлNMклM▌Lх▄█нLлNM▀лM▌Lх▄█нL▀лNMлM▌Lх▄█нLклNMKлM▌LхB≥┬▄█нLклNMKлM▌M▄█нL▀лNMлM▌M▄█нMлNMLлM▌M▄█нMKлNMLKлM▌MB≥┬▄█нM▀лNML▀лM▄┬▄█нMKлNMLKлM▄┬▄█нMлNMLлM▄┬▄█нMклNMLклM▄┬B≥┬▄█нNлNMMлM▌MH▄█нклNMклM▌MH▄█нNKлNMMKлM▌MH▄▌лNMM▀лM▌MHB≥┬▄█нNлNMMлM▌M┬▄▌KлNMMклM▌M┬▄█нлNMлM▌M┬▄█нклNMклM▌M┬B≥┬▄▌KлNMMклM▌Mх▄▌▀лNMNлM▌Mх▄█нLлNM▀лM▌Mх▄█нлNMлM▌MхB≥┬▄▌▀лNMNлM▄L▄▌клNMNKлM▄L▄█нL▀лNMлM▄L▄█нLлNM▀лM▄LB≥┬▄▌клNMNKлM▄LH▄▌лNM▄лM▄LH▄█нMлNMLлM▄LH▄█нL▀лNMлM▄LHB≥┬▄▌KлNM▄KлM▄L┬▄▌▀лNM▄▀лM▄L┬▄▌клNM▄клM▄L┬▄█нMклNMLклM▄L┬B≥┬▄▌лNM█лM▌N▄█нNлNMMлM▌N▄▌лNMM▀лM▌N▄▌KлNM█KлM▌NB≥┬▄▌LлNM█▀лM█нH▄▌лNM█лM█нH▄▌KлNM█KлM█нH▄▌LKлNM█клM█нHB≥┬▄▌лNM█лM▌NH▄▌L▀лNM▌лM▌NH▄▌KлNMMклM▌NH▄█нNлNMMлM▌NHB≥┬▄▌LлNM█▀лM▄MH▄▌LклNM▌KлM▄MH▄▌L▀лNM▌лM▄MH▄▌лNM█лM▄MHB≥┬▄▌L▀лNM▌лM▄M┬▄▌MлNMллM▄M┬▄▌▀лNMNлM▄M┬▄▌KлNMMклM▄M┬B≥┬▄▌LклNM▌KлMл▄▌MKлNMлKлMл▄▌MлNMллMл▄▌L▀лNM▌лMлB≥┬▄▌MлNMллMлH▄▌M▀лNMл▀лMлH▄▌клNMNKлMлH▄▌▀лNMNлMлHB≥┬▄▌MKлNMлKлM▄NH▄▌MклNMлклM▄NH▄▌M▀лNMл▀лM▄NH▄▌MлNMллM▄NHB≥┬▄▌M▀лNMл▀лM▄▄▄▌NлNMмлM▄▄▄▌лNM▄лM▄▄▄▌клNMNKлM▄▄B≥┬▄▌MклNMлклMл┬▄▌NKлNMмKлMл┬▄▌NлNMмлMл┬▄▌M▀лNMл▀лMл┬B≥┬▄▌▄лNMм▀лM▄▄┬▄▌▄KлNMмклM▄▄┬▄▌▀лNM▄▀лM▄▄┬▄▌KлNM▄KлM▄▄┬B≥┬▄▌▄▀лNMнлM▄▄х▄▌▄клNMнKлM▄▄х▄▌▄KлNMмклM▄▄х▄▌▄лNMм▀лM▄▄хB≥┬▄▌MклNMлклMMл┬▄▌█лNMлMMл┬▄▌█KлNMKлMMл┬▄▌NKлNMмKлMMл┬B≥┬▄▌NKлNMмKлMMл┬▄▌█KлNMKлMMл┬▄▌█▀лNM▀лMMл┬▄▌▄▀лNMнлMMл┬B≥┬▄▌█клNMклMMн▄▌▌лNMлMMн▄▌▌KлNMKлMMн▄▌ллNM▀лMMнB≥┬▄▌лKлNMклMMн▄▌█KлNMKлMMн▄▌█лNMлMMн▄▌л▀лNMлMMнB≥┬▄▌лKлNMклMMл┬▄▌л▀лNMлMMл┬▄▌лклNMKлMMл┬▄▌млNMLлMMл┬B≥┬▄▌LKлNM█клMMл┬▄█лмлNLнLлMMл┬▄█лм▀лNLнL▀лMMл┬▄▌лклNMKлMMл┬B≥┬▄▌л▀лNMлMMн▄▌█лNMлMMн▄▌LклNM▌KлMMн▄▌LлNM█▀лMMнB≥┬▄▌█лNMлMMл┬▄▌MклNMлклMMл┬▄▌MKлNMлKлMMл┬▄▌LклNM▌KлMMл┬B≥┬▄█нMклNMLклM▄█▄▌клNM▄клM▄█▄▌мKлNMLKлM▄█▄█нM▀лNML▀лM▄█B≥┬▄▌лNM▄лM▄█H▄▌KлNM▄KлM▄█H▄█нMклNMLклM▄█H▄█нMлNMLлM▄█HB≥┬▄▌NлNMмлM▄█┬▄▌▄лNMм▀лM▄█┬▄▌KлNM▄KлM▄█┬▄▌лNM▄лM▄█┬B≥┬▄▌NKлNMмKлM▄█х▄▌▄▀лNMнлM▄█х▄▌▄лNMм▀лM▄█х▄▌NлNMмлM▄█хB≥┬▄▌█▀лNM▀лMMл┬▄▌▌лNMлMMл┬▄▌▄клNMнKлMMл┬▄▌▄▀лNMнлMMл┬B≥┬▄▌лKлNMклMMн▄▌м▀лNML▀лMMн▄▌█▀лNM▀лMMн▄▌█KлNMKлMMнB≥┬▄▌мклNMLклMMл┬▄▌нлNMMлMMл┬▄▌▌KлNMKлMMл┬▄▌м▀лNML▀лMMл┬B≥┬▄█н▀лNM▀лM▄▌▄▌нKлNMMKлM▄▌▄█нNKлNMMKлM▄▌▄█нклNMклM▄▌B≥┬▄█нNKлNMMKлM▌MH▄██мKлNLллKлM▌MH▄▌лNMM▀лM▌MH▄▌лNMM▀лM▌MHB≥┬▄▌лNMM▀лM▌N▄▌лNMM▀лM▌N▄█лмKлNLнLKлM▌N▄▌KлNM█KлM▌NB≥┬▄▌лKлNMклMMлх▄▌млNMLлMMлх▄▌мклNMLклMMлх▄▌м▀лNML▀лMMлхB≥┬▄▌LлNM█▀лMMл┬▄▌LKлNM█клMMл┬▄▌лклNMKлMMл┬▄▌л▀лNMлMMл┬B≥┬▄▌KлNMMклMлх▄█н▀лNMнлMлх▄▌▀лNMNлMлх▄▌клNMNKлMлхB≥┬▄▌лNMLлMл▄▌KлNMLKлMл▄▌▀лNML▀лMл▄▌клNMLклMлB≥┬▄▌KлNMLKлMлH▄▌лNMLлMлH▄▌KлNMLKлMлH▄▌▀лNML▀лMлHB≥┬▄▌лNMLлMл┬▄▌LлNML▀лMл┬▄▌LKлNMLклMл┬▄▌KлNMLKлMл┬B≥┬▄▌LлNML▀лM▄лх▄▌L▀лNMLлM▄лх▄▌LклNMLKлM▄лх▄▌LKлNMLклM▄лхB≥┬▄▌MлNMLLлM▄█▄▌MKлNMLLKлM▄█▄▌LклNMLKлM▄█▄▌L▀лNMLлM▄█B≥┬▄▌M▀лNMLL▀лMлх▄▌MклNMLLклMлх▄▌KлNMMклMлх▄▌клNMLклMлхB≥┬▄▌M▀лNMLL▀лMл▄▌клNMLклMл▄▌▀лNML▀лMл▄▌NлNMLMлMлB≥┬▄▌NлNMLMлMлH▄▌▀лNML▀лMлH▄▌KлNMLKлMлH▄▌NKлNMLMKлMлHB≥┬▄▌NKлNMLMKлM▄мх▄▌KлNMLKлM▄мх▄▌LKлNMLклM▄мх▄▌▄лNMLM▀лM▄мхB≥┬▄▌▄лNMLM▀лM▄н▄▌LKлNMLклM▄н▄▌LклNMLKлM▄н▄▌▄KлNMLMклM▄нB≥┬▄▌▄▀лNMLNлMлL▄▌▄клNMLNKлMлL▄▌MклNMLLклMлL▄▌M▀лNMLL▀лMлLB≥┬▄▌█лNML▄лM▄H▄▌█KлNML▄KлM▄H▄▌▄клNMLNKлM▄H▄▌▄▀лNMLNлM▄HB≥┬▄▌▄▀лNMLNлMмх▄▌M▀лNMLL▀лMмх▄▌NлNMLMлMмх▄▌█▀лNML▄▀лMмхB≥┬▄▌█лNML▄лMлL┬▄▌▄▀лNMLNлMлL┬▄▌█▀лNML▄▀лMлL┬▄▌█клNML▄клMлL┬B≥┬▄▌█▀лNML▄▀лMлLх▄▌NлNMLMлMлLх▄▌NKлNMLMKлMлLх▄▌▌лNML█лMлLхB≥┬▄▌█клNML▄клM█х▄▌█▀лNML▄▀лM█х▄▌▌лNML█лM█х▄▌▌KлNML█KлM█хB≥┬▄▌▌лNML█лM█▄▌NKлNMLMKлM█▄▌▄лNMLM▀лM█▄▌ллNML█▀лM█B≥┬▄▌▌KлNML█KлM█H▄▌▌лNML█лM█H▄▌ллNML█▀лM█H▄▌лKлNML█клM█HB≥┬▄▌ллNML█▀лM█┬▄▌▄лNMLM▀лM█┬▄▌▄KлNMLMклM█┬▄▌л▀лNML▌лM█┬B≥┬▄▌лKлNML█клMлM▄▌ллNML█▀лMлM▄▌л▀лNML▌лMлM▄▌лклNML▌KлMлMB≥┬▄▌лKлNML█клMMл┬▄▌лклNML▌KлMMл┬▄▌млNMLллMMл┬▄▌мKлNMLлKлMMл┬B≥┬▄▌лклNML▌KлMMл┬▄▌м▀лNMLл▀лMMл┬▄▌█клNMклMMл┬▄▌млNMLллMMл┬B≥┬▄▌мклNMLлклMMн▄▌нлNMLмлMMн▄▌мKлNMLлKлMMн▄▌млNMLллMMнB≥┬▄▌мклNMLлклMMл┬▄█ммклNMлклMMл┬▄▌нKлNMLмKлMMл┬▄▌нлNMLмлMMл┬B≥┬▄▌нлNMLмлMMн▄▌█лNML▄лMMн▄▌█клNML▄клMMн▄▌мKлNMLлKлMMнB≥┬▄▌мKлNMLлKлMMл┬▄▌█клNML▄клMMл┬▄▌▌KлNML█KлMMл┬▄▌лKлNML█клMMл┬B≥┬▄▌▄KлNMLMклM▄L┬▄▌LклNMLKлM▄L┬▄▌MKлNMLLKлM▄L┬▄▌лNMLм▀лM▄L┬B≥┬▄▌л▀лNML▌лM▄▄┬▄▌▄KлNMLMклM▄▄┬▄▌лNMLм▀лM▄▄┬▄▌KлNMLмклM▄▄┬B≥┬▄▌лклNML▌KлM▄▄х▄▌л▀лNML▌лM▄▄х▄▌KлNMLмклM▄▄х▄▌м▀лNMLл▀лM▄▄хB≥┬▄▌мклNMLлклMMн▄▌млNMLллMMн▄▌█клNMклMMн▄▌ллNM▀лMMнB≥┬▄▌лNMLлMлх▄▌клNMLклMлх▄▌KлNMMклMлх▄▌клNMNKлMлхB≥┬▄█нлNMлMлL▄█нклNMнKлMлL▄▌MклNMLLклMлL▄▌▄клNMLNKлMлLB≥┬▄▌мклNMLлклMMл┬▄▌ллNM▀лMMл┬▄█ммлNMллMMл┬▄█ммклNMлклMMл┬B≥┬▄▌█лNML▄лMMлх▄▌нлNMLмлMMлх▄▌нKлNMLмKлMMлх▄▌█KлNML▄KлMMлхB≥┬▄█л▌лNLнлMMл┬▄▌▀лNMLнлMMл┬▄▌нлNMMлMMл┬▄▌мклNMLклMMл┬B≥┬▄█ллKлNLнклMMNH▄█▌KлNLмKлMMNH▄█▌NлNLмMлMMNH▄█▌MклNLмLклMMNHB≥┬▄█лл▀лNLнлMMл▄█ллKлNLнклMMл▄█▌MклNLмLклMMл▄█лLклNLм▌KлMMлB≥┬▄█лNлNLммлMMлH▄█лл▀лNLнлMMлH▄█лLклNLм▌KлMMлH▄█лMKлNLмлKлMMлHB≥┬▄█м▌KлNM█KлMMл┬▄█нлNMм▀лMMл┬▄█л▄KлNLммклMMл┬▄█л▄лNLмм▀лMMл┬B≥┬▄█мклNMклMMм▄█▌NKлNLмMKлMMм▄█▌NлNLмMлMMм▄█лллNLн▀лMMмB≥┬▄█лMлNLмллMMл┬▄█м▌KлNM█KлMMл┬▄█л▄лNLмм▀лMMл┬▄█лMKлNLмлKлMMл┬B≥┬▄█нлNMм▀лMMн▄█нKлNMKлMMн▄█ллклNLнKлMMн▄█л▄KлNLммклMMнB≥┬▄▌лNMLм▀лM▄L┬▄▌MKлNMLLKлM▄L┬▄▌клNM▄клM▄L┬▄▌▀лNM▄▀лM▄L┬B≥┬▄▌KлNMLмклM▄▄┬▄▌лNMLм▀лM▄▄┬▄▌▀лNM▄▀лM▄▄┬▄▌▄KлNMмклM▄▄┬B≥┬▄▌м▀лNMLл▀лM▄▄х▄▌KлNMLмклM▄▄х▄▌▄KлNMмклM▄▄х▄▌▄клNMнKлM▄▄хB≥┬▄▌█▀лNM▀лMMн▄▌м▀лNML▀лMMн▄▌▌KлNMKлMMн▄▌▌лNMлMMнB≥┬▄▌MKлNMLLKлM▄█▄▌MлNMLLлM▄█▄▌мKлNMLKлM▄█▄▌клNM▄клM▄█B≥┬▄▌█клNMклMMл┬▄▌м▀лNMLл▀лMMл┬▄▌▄клNMнKлMMл┬▄▌▌лNMлMMл┬B≥┬▄█ммлNMллMMл┬▄▌ллNM▀лMMл┬▄▌▌KлNMKлMMл┬▄▌нлNMMлMMл┬B≥┬▄█нKлNMKлMMл┬▄█ммKлNMлKлMMл┬▄▌▀лNMLнлMMл┬▄█ллклNLнKлMMл┬B≥┬▄█нNKлNMMKлM▄▌▄▌нKлNMMKлM▄▌▄██м▀лNLлл▀лM▄▌▄██мKлNLллKлM▄▌B≥┬▄▌мклNMLклMMлх▄▌млNMLлMMлх▄█л▌KлNLнKлMMлх▄█л▌лNLнлMMлхB≥┬▄▌LKлNM█клM█нH▄▌KлNM█KлM█нH▄█лмKлNLнLKлM█нH▄█лмлNLнLлM█нHB≥┬▄▌млNMLлMMл┬▄▌лклNMKлMMл┬▄█лм▀лNLнL▀лMMл┬▄█л▌KлNLнKлMMл┬B≥┬▄█нKлNMKлMMл┬▄█млклNM▌KлMMл┬▄█мм▀лNMл▀лMMл┬▄█ммKлNMлKлMMл┬B≥┬▄▌█KлNML▄KлMMлх▄▌нKлNMLмKлMMлх▄█мнKлNMмKлMMлх▄█мнлNMмлMMлхB≥┬▄▌KлNMMклMлх▄▌MклNMLLклMлх▄█нклNMнKлMлх▄█н▀лNMнлMлхB≥┬▄▌▄клNMLNKлM▄H▄▌█KлNML▄KлM▄H▄█мнлNMмлM▄H▄█нлNMлM▄HB≥┬▄▌нKлNMLмKлMMл┬▄█ммклNMлклMMл┬▄█мм▀лNMл▀лMMл┬▄█мнKлNMмKлMMл┬B≥┬▄█лклNLмNKлMMл┬▄█л█▀лNLн▀лMMл┬▄█лм▀лNLнL▀лMMл┬▄█лмлNLнLлMMл┬B≥┬▄██млNLлллM█л▄█▌LKлNLмклM█л▄▌лNMM▀лM█л▄██мKлNLллKлM█лB≥┬▄█▌LKлNLмклM▌N▄█лKлNLмMклM▌N▄█лмKлNLнLKлM▌N▄▌лNMM▀лM▌NB≥┬▄█мKлNMKлM▌L▄█нKлNMмклM▌L▄▌▀лNMNлM▌L▄█н▀лNMнлM▌LB≥┬▄█мM▀лNML▀лMлL▄█мLлNM▀лMлL▄█нклNMнKлMлL▄█нлNMлMлLB≥┬▄█л█клNLнклMMл┬▄█ллклNLнKлMMл┬▄▌▀лNMLнлMMл┬▄█л▌лNLнлMMл┬B≥┬▄█ммлNMллMMл┬▄▌нлNMMлMMл┬▄▌▀лNMLнлMMл┬▄█ммKлNMлKлMMл┬B≥┬▄▌клNMLнKлMM▄▌лNMMлMM▄▌KлNMMKлMM▄▌▀лNMM▀лMMB≥┬▄▌клNMMклM██┬▄▌лNMMлM██┬▄▌KлNMMKлM██┬▄▌LлNMM▀лM██┬B≥┬▄▌лNMMлM██х▄▌LKлNMMклM██х▄▌L▀лNMMлM██х▄▌KлNMMKлM██хB≥┬▄▌LKлNMMклM█▌▄▌LклNMMKлM█▌▄▌MлNMMLлM█▌▄▌L▀лNMMлM█▌B≥┬▄▌LклNMMKлM█▌H▄▌MKлNMMLKлM█▌H▄▌M▀лNMML▀лM█▌H▄▌MлNMMLлM█▌HB≥┬▄▌MклNMMLклMMLх▄▌NлNMMMлMMLх▄▌M▀лNMML▀лMMLх▄▌MKлNMMLKлMMLхB≥┬▄▌NKлNMMMKлM█л▄▌LлNMMM▀лM█л▄▌клNMLнKлM█л▄▌LлNMM▀лM█лB≥┬▄▌NKлNMMMKлM█лH▄▌LлNMM▀лM█лH▄▌KлNMMKлM█лH▄▌LKлNMMMклM█лHB≥┬▄▌LKлNMMMклM█л┬▄▌KлNMMKлM█л┬▄▌L▀лNMMлM█л┬▄▌L▀лNMMNлM█л┬B≥┬▄▌L▀лNMMNлMMMх▄▌L▀лNMMлMMMх▄▌MлNMMLлMMMх▄▌LклNMMNKлMMMхB≥┬▄▌LклNMMNKлMMN▄▌MлNMMLлMMN▄▌M▀лNMML▀лMMN▄▌LлNMM▄лMMNB≥┬▄▌LKлNMM▄KлMMNH▄▌L▀лNMM▄▀лMMNH▄▌LклNMM▄клMMNH▄▌LлNMM█лMMNHB≥┬▄▌LKлNMM█KлM█лх▄▌LLлNMM█▀лM█лх▄▌LлNMMM▀лM█лх▄▌NKлNMMMKлM█лхB≥┬▄▌LLKлNMM█клM█м▄▌LL▀лNMM▌лM█м▄▌LLлNMM█▀лM█м▄▌LKлNMM█KлM█мB≥┬▄▌LKлNMM█KлM█мH▄▌NKлNMMMKлM█мH▄▌LKлNMMMклM█мH▄▌LLклNMM▌KлM█мHB≥┬▄▌LLKлNMM█клMM▄х▄▌LKлNMM█KлMM▄х▄▌LLклNMM▌KлMM▄х▄▌LMлNMMллMM▄хB≥┬▄▌LLклNMM▌KлMM█▄▌LKлNMMMклMM█▄▌L▀лNMMNлMM█▄▌LMKлNMMлKлMM█B≥┬▄▌LMлNMMллM█м┬▄▌LLклNMM▌KлM█м┬▄▌LMKлNMMлKлM█м┬▄▌LM▀лNMMл▀лM█м┬B≥┬▄▌LMKлNMMлKлMлN▄▌L▀лNMMNлMлN▄▌LклNMMNKлMлN▄▌LMклNMMлклMлNB≥┬▄▌LM▀лNMMл▀лMM█х▄▌LMKлNMMлKлMM█х▄▌LMклNMMлклMM█х▄▌LNлNMMмлMM█хB≥┬▄▌LMклNMMлклMM▌▄▌LклNMMNKлMM▌▄▌LлNMM▄лMM▌▄▌LNKлNMMмKлMM▌B≥┬▄▌LNлNMMмлM█н▄▌LMклNMMлклM█н▄▌LNKлNMMмKлM█н▄▌L▄лNMMм▀лM█нB≥┬▄▌L▄KлNMMмклMMл▄▌L▄▀лNMMнлMMл▄▌L▀лNMM▄▀лMMл▄▌LKлNMM▄KлMMлB≥┬▄▌L▄клNMMнKлMMлH▄▌L█лNMNлMMлH▄▌L▄▀лNMMнлMMлH▄▌L▄KлNMMмклMMлHB≥┬▄▌LNлNMMмлMMл┬▄▌L▄лNMMм▀лMMл┬▄▌L█KлNMNKлMMл┬▄▌L█▀лNMN▀лMMл┬B≥┬▄▌L▄лNMMм▀лMMл┬▄▌L█клNMNклMMл┬▄▌L▌лNMNлMMл┬▄▌L█KлNMNKлMMл┬B≥┬▄▌L▌лNMNлMMл┬▄▌L▌KлNMNKлMMл┬▄▌LллNMN▀лMMл┬▄▌LлKлNMNклMMл┬B≥┬▄▌Lл▀лNMNлMMл┬▄▌LлклNMNKлMMл┬▄▌L█▀лNMN▀лMMл┬▄▌L█KлNMNKлMMл┬B≥┬▄▌Lл▀лNMNлMMл┬▄▌LмлNMNLлMMл┬▄▌LмKлNMNLKлMMл┬▄▌LлклNMNKлMMл┬B≥┬▄▌Lм▀лNMNL▀лMMлх▄▌LмклNMNLклMMлх▄▌LнлNMNMлMMлх▄▌LмлNMNLлMMлхB≥┬▄▌LлклNMNKлMMл┬▄▌LLKлNMM█клMMл┬▄▌LMлNMMллMMл┬▄▌L█▀лNMN▀лMMл┬B≥┬▄▌L█▀лNMN▀лMMл┬▄▌LMлNMMллMMл┬▄▌LM▀лNMMл▀лMMл┬▄▌LNлNMMмлMMл┬B≥┬▄▌LнKлNMNMKлMMм▄▌LклNMM▄клMMм▄▌NлNMMMлMMм▄▌MклNMMLклMMмB≥┬▄▌LлNMM▄лMMмH▄▌M▀лNMML▀лMMмH▄▌NлNMMMлMMмH▄▌MлNMNM▀лMMмHB≥┬▄▌LNKлNMMмKлMMм┬▄▌LлNMM▄лMMм┬▄▌MлNMNM▀лMMм┬▄▌MKлNMNMклMMм┬B≥┬▄▌L▄лNMMм▀лMMмх▄▌LNKлNMMмKлMMмх▄▌MKлNMNMклMMмх▄▌L█клNMNклMMмхB≥┬▄▌L█лNMNлMMл┬▄▌L▌KлNMNKлMMл┬▄▌L▌лNMNлMMл┬▄▌L█клNMNклMMл┬B≥┬▄▌Lл▀лNMNлMMл┬▄▌L█KлNMNKлMMл┬▄▌L▌лNMNлMMл┬▄▌LлKлNMNклMMл┬B≥┬▄▌LллNMN▀лMMн▄▌M▀лNMNNлMMн▄▌Lм▀лNMNL▀лMMн▄▌LлKлNMNклMMнB≥┬▄▌клNMMклMM▄▌LлNMM▀лMM▄▌клNMLнKлMM▄▌▀лNMM▀лMMB≥┬▄▌MклNMNNKлM█нH▄▌MлNM▄лM█нH▄▌LLлNMM█▀лM█нH▄▌LL▀лNMM▌лM█нHB≥┬▄▌LнлNMNMлMMл┬▄▌MKлNM▄KлMMл┬▄▌LмKлNMNLKлMMл┬▄▌LмлNMNLлMMл┬B≥┬▄▌Lл▀лNMNлMN▄▌LлKлNMNклMN▄▌Lм▀лNMNL▀лMN▄▌LмлNMNLлMNB≥┬▄▌LLKлNMM█клMMн▄▌LлклNMNKлMMн▄▌LмKлNMNLKлMMн▄▌LL▀лNMM▌лMMнB≥┬▄▌M▀лNM▄▀лM▌▄▌MклNM▄клM▌▄▌MлNM▄лM▌▄▌MKлNM▄KлM▌B≥┬▄▌MKлNM▄KлM▌H▄▌MлNM▄лM▌H▄▌MLлNM▄▀лM▌H▄▌MLKлNM▄клM▌HB≥┬▄▌MLKлNM▄клM▌┬▄▌MLлNM▄▀лM▌┬▄▌ML▀лNM▄лM▌┬▄▌MLклNM▄KлM▌┬B≥┬▄▌MLклNM▄KлMN▄▌ML▀лNM▄лMN▄▌MMлNM▄LлMN▄▌MMKлNM▄LKлMNB≥┬▄▌MM▀лNM▄L▀лMMм▄▌MMKлNM▄LKлMMм▄▌MMлNM▄LлMMм▄▌LлNMM█лMMмB≥┬▄▌MMклNM▄LклM▌х▄▌MклNM▄клM▌х▄▌MNлNM▄MлM▌х▄▌MNKлNM▄MKлM▌хB≥┬▄▌MMклNM▄LклM▌▄▌M▄лNM▄M▀лM▌▄▌MлNM▄лM▌▄▌MклNM▄клM▌B≥┬▄▌M▄лNM▄M▀лM▌H▄▌M▄KлNM▄MклM▌H▄▌MLлNM▄▀лM▌H▄▌MлNM▄лM▌HB≥┬▄▌M▄KлNM▄MклMN▄▌M▄▀лNM▄NлMN▄▌ML▀лNM▄лMN▄▌MLлNM▄▀лMNB≥┬▄▌M▄▀лNM▄NлMNH▄▌M▄клNM▄NKлMNH▄▌MMлNM▄LлMNH▄▌ML▀лNM▄лMNHB≥┬▄▌M█лNM▄▄лM▌┬▄▌MMклNM▄LклM▌┬▄▌MNKлNM▄MKлM▌┬▄▌M█KлNM▄▄KлM▌┬B≥┬▄▌M█▀лNM▄▄▀лMNLH▄▌M█лNM▄▄лMNLH▄▌M█KлNM▄▄KлMNLH▄▌M█клNM▄▄клMNLHB≥┬▄▌M█лNM▄▄лM▌х▄▌M▌лNM▄█лM▌х▄▌M▄лNM▄M▀лM▌х▄▌MMклNM▄LклM▌хB≥┬▄▌M█▀лNM▄▄▀лM▌▄▌M▌KлNM▄█KлM▌▄▌M▌лNM▄█лM▌▄▌M█лNM▄▄лM▌B≥┬▄▌M▌лNM▄█лM▌H▄▌MллNM▄█▀лM▌H▄▌M▄KлNM▄MклM▌H▄▌M▄лNM▄M▀лM▌HB≥┬▄▌M▌KлNM▄█KлMNMH▄▌MлKлNM▄█клMNMH▄▌MллNM▄█▀лMNMH▄▌M▌лNM▄█лMNMHB≥┬▄▌MллNM▄█▀лMлNH▄▌Mл▀лNM▄▌лMлNH▄▌M▄▀лNM▄NлMлNH▄▌M▄KлNM▄MклMлNHB≥┬▄▌MлKлNM▄█клMNMх▄▌MлклNM▄▌KлMNMх▄▌Mл▀лNM▄▌лMNMх▄▌MллNM▄█▀лMNMхB≥┬▄▌Mл▀лNM▄▌лMNN▄▌MмлNM▄ллMNN▄▌M▄клNM▄NKлMNN▄▌M▄▀лNM▄NлMNNB≥┬▄▌MлклNM▄▌KлMNNH▄▌MмKлNM▄лKлMNNH▄▌MмлNM▄ллMNNH▄▌Mл▀лNM▄▌лMNNHB≥┬▄▌MлклNM▄▌KлMMлх▄▌Mм▀лNM▄л▀лMMлх▄▌MмклNM▄лклMMлх▄▌MмKлNM▄лKлMMлхB≥┬▄▌MмKлNM▄лKлMMл┬▄▌MмклNM▄лклMMл┬▄▌MнлNM▄млMMл┬▄▌L▄клNMMнKлMMл┬B≥┬▄▌MнKлNM▄мKлMMл┬▄▌MмклNM▄лклMMл┬▄▌Mм▀лNM▄л▀лMMл┬▄▌NлNM▄м▀лMMл┬B≥┬▄▌MнKлNM▄мKлMMл┬▄▌NлNM▄м▀лMMл┬▄▌NKлNM▄мклMMл┬▄▌N▀лNM▄нлMMл┬B≥┬▄▌NклNM▄нKлMMл┬▄▌NлNM█лMMл┬▄▌NKлNM█KлMMл┬▄▌N▀лNM█▀лMMл┬B≥┬▄▌M█клNM▄▄клMMлх▄▌NклNM█клMMлх▄▌NлNM█лMMлх▄▌NKлNM▄мклMMлхB≥┬▄▌NлNM▄м▀лMMл┬▄▌Mм▀лNM▄л▀лMMл┬▄▌M▌KлNM▄█KлMMл┬▄▌M█▀лNM▄▄▀лMMл┬B≥┬▄▌Mм▀лNM▄л▀лMMлх▄▌MлклNM▄▌KлMMлх▄▌MлKлNM▄█клMMлх▄▌M▌KлNM▄█KлMMлхB≥┬▄▌M▄клNM▄NKлMMNH▄▌LKлNMM▄KлMMNH▄▌LлNMM█лMMNH▄▌MMлNM▄LлMMNHB≥┬▄▌MмлNM▄ллMMл▄▌L▄KлNMMмклMMл▄▌LKлNMM▄KлMMл▄▌M▄клNM▄NKлMMлB≥┬▄▌MмKлNM▄лKлMMлH▄▌L▄клNMMнKлMMлH▄▌L▄KлNMMмклMMлH▄▌MмлNM▄ллMMлHB≥┬▄▌MнKлNM▄мKлMMл┬▄▌NKлNM█KлMMл┬▄▌MнлNM▄млMMл┬▄▌MмклNM▄лклMMл┬B≥┬▄▌M▀лNM▄▀лM▌L▄▌NLлNM█▀лM▌L▄▌MNлNM▄MлM▌L▄▌MклNM▄клM▌LB≥┬▄▌MNлNM▄MлM▌х▄▌NLKлNM█клM▌х▄▌NL▀лNM█лM▌х▄▌MNKлNM▄MKлM▌хB≥┬▄▌M█KлNM▄▄KлM▄H▄▌NLклNM█KлM▄H▄▌NклNM█клM▄H▄▌M█клNM▄▄клM▄HB≥┬▄▌NKлNM▄мклMMл┬▄▌NлNM█лMMл┬▄▌NKлNM█KлMMл┬▄▌N▀лNM▄нлMMл┬B≥┬▄▌MнKлNM▄мKлMMн▄▌N▀лNM▄нлMMн▄▌NMлNM█LлMMн▄▌NKлNM█KлMMнB≥┬▄▌M█▀лNM▄▄▀лMN▄▌M█клNM▄▄клMN▄▌NKлNM▄мклMN▄▌NлNM▄м▀лMNB≥┬▄▌NMKлNM█LKлM▌LH▄▌NM▀лNM█L▀лM▌LH▄▌NMклNM█LклM▌LH▄▌NNлNM█MлM▌LHB≥┬▄▌NNлNM█MлM▌L┬▄▌NMклNM█LклM▌L┬▄▌NNKлNM█MKлM▌L┬▄ллNM█M▀лM▌L┬B≥┬▄ллNM█M▀лM▌Lх▄▌NNKлNM█MKлM▌Lх▄лKлNM█MклM▌Lх▄л▀лNM█NлM▌LхB≥┬▄л▀лNM█NлM▌M▄лKлNM█MклM▌M▄лклNM█NKлM▌M▄ллNM█▄лM▌MB≥┬▄лKлNM█▄KлM▄┬▄ллNM█▄лM▄┬▄лклNM█NKлM▄┬▄л▀лNM█▄▀лM▄┬B≥┬▄лклNM█▄клM▌MH▄▌NM▀лNM█L▀лM▌MH▄ллNM██лM▌MH▄лKлNM██KлM▌MHB≥┬▄лклNM█▄клM▌M┬▄лLлNM██▀лM▌M┬▄▌NMклNM█LклM▌M┬▄▌NM▀лNM█L▀лM▌M┬B≥┬▄лLлNM██▀лM▌Mх▄лLKлNM██клM▌Mх▄▌NNKлNM█MKлM▌Mх▄▌NMклNM█LклM▌MхB≥┬▄лLKлNM██клM▄L▄лL▀лNM█▌лM▄L▄лKлNM█MклM▄L▄▌NNKлNM█MKлM▄LB≥┬▄лL▀лNM█▌лM▄LH▄лLклNM█▌KлM▄LH▄лклNM█NKлM▄LH▄лKлNM█MклM▄LHB≥┬▄лMлNM█ллM▄L┬▄лMKлNM█лKлM▄L┬▄лM▀лNM█л▀лM▄L┬▄л▀лNM█▄▀лM▄L┬B≥┬▄лMклNM█лклM▌N▄лклNM█▄клM▌N▄лKлNM██KлM▌N▄лNлNM█млM▌NB≥┬▄лNKлNM█мKлM█нH▄лMклNM█лклM█нH▄лNлNM█млM█нH▄л▄лNM█м▀лM█нHB≥┬▄лMклNM█лклM▌NH▄л▄KлNM█мклM▌NH▄лLлNM██▀лM▌NH▄лклNM█▄клM▌NHB≥┬▄лNKлNM█мKлM▄MH▄л▄▀лNM█нлM▄MH▄л▄KлNM█мклM▄MH▄лMклNM█лклM▄MHB≥┬▄л▄KлNM█мклM▄M┬▄л▄клNM█нKлM▄M┬▄лLKлNM██клM▄M┬▄лLлNM██▀лM▄M┬B≥┬▄л▄▀лNM█нлMл▄л█лNM▌лMл▄л▄клNM█нKлMл▄л▄KлNM█мклMлB≥┬▄л▄клNM█нKлMлH▄л█KлNM▌KлMлH▄лL▀лNM█▌лMлH▄лLKлNM██клMлHB≥┬▄л█лNM▌лM▄NH▄л█▀лNM▌▀лM▄NH▄л█KлNM▌KлM▄NH▄л▄клNM█нKлM▄NHB≥┬▄л█KлNM▌KлM▄▄▄л█клNM▌клM▄▄▄лLклNM█▌KлM▄▄▄лL▀лNM█▌лM▄▄B≥┬▄л█▀лNM▌▀лMл┬▄л▌лNM▌лMл┬▄л█клNM▌клMл┬▄л█KлNM▌KлMл┬B≥┬▄л▌KлNM▌KлM▄▄┬▄лллNM▌▀лM▄▄┬▄лMKлNM█лKлM▄▄┬▄лMлNM█ллM▄▄┬B≥┬▄ллKлNM▌клM▄▄х▄лл▀лNM▌лM▄▄х▄лллNM▌▀лM▄▄х▄л▌KлNM▌KлM▄▄хB≥┬▄л█▀лNM▌▀лMMл┬▄ллклNM▌KлMMл┬▄лмлNM▌LлMMл┬▄л▌лNM▌лMMл┬B≥┬▄л▌лNM▌лMMл┬▄лмлNM▌LлMMл┬▄лмKлNM▌LKлMMл┬▄ллKлNM▌клMMл┬B≥┬▄лм▀лNM▌L▀лMMн▄лмклNM▌LклMMн▄лнлNM▌MлMMн▄лнKлNM▌MKлMMнB≥┬▄ллNM▌M▀лMMн▄лмлNM▌LлMMн▄ллклNM▌KлMMн▄лKлNM▌MклMMнB≥┬▄ллNM▌M▀лMMл┬▄лKлNM▌MклMMл┬▄л▀лNM▌NлMMл┬▄лклNM▌NKлMMл┬B≥┬▄л▄лNM█м▀лMMл┬▄▌MклNMNNKлMMл┬▄▌MKлNM▄KлMMл┬▄л▀лNM▌NлMMл┬B≥┬▄лKлNM▌MклMMн▄ллклNM▌KлMMн▄л▄▀лNM█нлMMн▄лNKлNM█мKлMMнB≥┬▄ллклNM▌KлMMл┬▄л█▀лNM▌▀лMMл┬▄л█лNM▌лMMл┬▄л▄▀лNM█нлMMл┬B≥┬▄л▀лNM█▄▀лM▄█▄лM▀лNM█л▀лM▄█▄ллNMллM▄█▄лKлNM█▄KлM▄█B≥┬▄лLклNM█▌KлM▄█H▄лMлNM█ллM▄█H▄л▀лNM█▄▀лM▄█H▄лклNM█NKлM▄█HB≥┬▄л█клNM▌клM▄█┬▄л▌KлNM▌KлM▄█┬▄лMлNM█ллM▄█┬▄лLклNM█▌KлM▄█┬B≥┬▄л▌лNM▌лM▄█х▄ллKлNM▌клM▄█х▄л▌KлNM▌KлM▄█х▄л█клNM▌клM▄█хB≥┬▄лмKлNM▌LKлMMл┬▄лмклNM▌LклMMл┬▄лл▀лNM▌лMMл┬▄ллKлNM▌клMMл┬B≥┬▄ллNM▌M▀лMMн▄лKлNMлKлMMн▄лмKлNM▌LKлMMн▄лмлNM▌LлMMнB≥┬▄л▀лNMл▀лMMл┬▄лклNMлклMMл┬▄лнлNM▌MлMMл┬▄лKлNMлKлMMл┬B≥┬▄▌NMKлNM█LKлM▄▌▄ллNMллM▄▌▄ллNM██лM▄▌▄▌NM▀лNM█L▀лM▄▌B≥┬▄ллNM██лM▌MH▄▌лNMMлM▌MH▄лKлNMлKлM▌MH▄лKлNM██KлM▌MHB≥┬▄лKлNM██KлM▌N▄лKлNMлKлM▌N▄▌MлNM▄лM▌N▄лNлNM█млM▌NB≥┬▄ллNM▌M▀лMMлх▄лклNM▌NKлMMлх▄л▀лNMл▀лMMлх▄лKлNMлKлMMлхB≥┬▄лNKлNM█мKлMMл┬▄л▄лNM█м▀лMMл┬▄л▀лNM▌NлMMл┬▄лKлNM▌MклMMл┬B≥┬▄лLлNMл▀лMлх▄▌NLKлNM█клMлх▄лLKлNMлклMлх▄лL▀лNMллMлхB≥┬▄лLклNMлKлMл▄лMлNMлLлMл▄лMKлNMлLKлMл▄лM▀лNMлL▀лMлB≥┬▄лMлNMлLлMлH▄лMклNMлLклMлH▄лNлNMлMлMлH▄лMKлNMлLKлMлHB≥┬▄лMклNMлLклMл┬▄лNKлNMлMKлMл┬▄л▄лNMлM▀лMл┬▄лNлNMлMлMл┬B≥┬▄лNKлNMлMKлM▄лх▄л▄KлNMлMклM▄лх▄л▄▀лNMлNлM▄лх▄л▄лNMлM▀лM▄лхB≥┬▄л▄клNMлNKлM▄█▄л█лNMл▄лM▄█▄л▄▀лNMлNлM▄█▄л▄KлNMлMклM▄█B≥┬▄л█KлNMл▄KлMлх▄л█▀лNMл▄▀лMлх▄лLлNMл▀лMлх▄лM▀лNMлL▀лMлхB≥┬▄л█KлNMл▄KлMл▄лM▀лNMлL▀лMл▄лMKлNMлLKлMл▄л█клNMл▄клMлB≥┬▄л█клNMл▄клMлH▄лMKлNMлLKлMлH▄лNлNMлMлMлH▄л▌лNMл█лMлHB≥┬▄л▌лNMл█лM▄мх▄лNлNMлMлM▄мх▄л▄лNMлM▀лM▄мх▄л▌KлNMл█KлM▄мхB≥┬▄л▌KлNMл█KлM▄н▄л▄лNMлM▀лM▄н▄л▄▀лNMлNлM▄н▄лллNMл█▀лM▄нB≥┬▄ллKлNMл█клMлL▄лл▀лNMл▌лMлL▄л█▀лNMл▄▀лMлL▄л█KлNMл▄KлMлLB≥┬▄ллклNMл▌KлM▄H▄лмлNMлллM▄H▄лл▀лNMл▌лM▄H▄ллKлNMл█клM▄HB≥┬▄ллKлNMл█клMмх▄л█KлNMл▄KлMмх▄л█клNMл▄клMмх▄лмKлNMллKлMмхB≥┬▄ллклNMл▌KлMлL┬▄ллKлNMл█клMлL┬▄лмKлNMллKлMлL┬▄лм▀лNMлл▀лMлL┬B≥┬▄лмKлNMллKлMлLх▄л█клNMл▄клMлLх▄л▌лNMл█лMлLх▄лмклNMллклMлLхB≥┬▄лм▀лNMлл▀лM█х▄лмKлNMллKлM█х▄лмклNMллклM█х▄лнлNMлмлM█хB≥┬▄лмклNMллклM█▄л▌лNMл█лM█▄л▌KлNMл█KлM█▄лнKлNMлмKлM█B≥┬▄лнлNMлмлM█H▄лмклNMллклM█H▄лнKлNMлмKлM█H▄ллNMлм▀лM█HB≥┬▄лнKлNMлмKлM█┬▄л▌KлNMл█KлM█┬▄лллNMл█▀лM█┬▄лKлNMлмклM█┬B≥┬▄ллNMлм▀лMлM▄лнKлNMлмKлMлM▄лKлNMлмклMлM▄л▀лNMлнлMлMB≥┬▄ллNMлм▀лMMл┬▄л▀лNMлнлMMл┬▄лклNMлнKлMMл┬▄ллNMмлMMл┬B≥┬▄л▀лNMлнлMMл┬▄лKлNMмKлMMл┬▄лм▀лNM▌L▀лMMл┬▄лклNMлнKлMMл┬B≥┬▄л▀лNMм▀лMMн▄лклNMмклMMн▄ллNMмлMMн▄лклNMлнKлMMнB≥┬▄л▀лNMм▀лMMл┬▄▌N▀лNM█▀лMMл┬▄ллNMмлMMл┬▄лклNMмклMMл┬B≥┬▄лклNMмклMMн▄ллклNMл▌KлMMн▄лм▀лNMлл▀лMMн▄ллNMмлMMнB≥┬▄ллNMмлMMл┬▄лм▀лNMлл▀лMMл┬▄лнлNMлмлMMл┬▄ллNMлм▀лMMл┬B≥┬▄лллNMл█▀лM▄L┬▄л▄▀лNMлNлM▄L┬▄л█лNMл▄лM▄L┬▄лKлNMмKлM▄L┬B≥┬▄лKлNMлмклM▄▄┬▄лллNMл█▀лM▄▄┬▄лKлNMмKлM▄▄┬▄лLлNMм▀лM▄▄┬B≥┬▄л▀лNMлнлM▄▄х▄лKлNMлмклM▄▄х▄лLлNMм▀лM▄▄х▄лKлNMмKлM▄▄хB≥┬▄л▀лNMм▀лMMн▄лклNMлнKлMMн▄лм▀лNM▌L▀лMMн▄лнKлNM▌MKлMMнB≥┬▄лLклNMлKлMлх▄лM▀лNMлL▀лMлх▄лLлNMл▀лMлх▄лL▀лNMллMлхB≥┬▄▌NLклNM█KлMлL▄▌NL▀лNM█лMлL▄л█▀лNMл▄▀лMлL▄лл▀лNMл▌лMлLB≥┬▄л▀лNMм▀лMMл┬▄лнKлNM▌MKлMMл┬▄▌NклNM▄нKлMMл┬▄▌N▀лNM█▀лMMл┬B≥┬▄ллклNMл▌KлMMлх▄лклNMмклMMлх▄ллNMмлMMлх▄лмлNMлллMMлхB≥┬▄▌LмклNMNLклMMл┬▄лLKлNMмклMMл┬▄лклNMлклMMл┬▄л▀лNMл▀лMMл┬B≥┬▄▌MлNMNM▀лMMNH▄▌NлNMMMлMMNH▄▌LклNMM▄клMMNH▄▌L▀лNMM▄▀лMMNHB≥┬▄▌MKлNMNMклMMл▄▌MлNMNM▀лMMл▄▌L▀лNMM▄▀лMMл▄▌L▄▀лNMMнлMMлB≥┬▄▌L█клNMNклMMлH▄▌MKлNMNMклMMлH▄▌L▄▀лNMMнлMMлH▄▌L█лNMNлMMлHB≥┬▄▌MнлNM▄млMMл┬▄▌NKлNM█KлMMл┬▄▌LллNMN▀лMMл┬▄▌L▌KлNMNKлMMл┬B≥┬▄▌MM▀лNM▄L▀лMMм▄▌LлNMM█лMMм▄▌LклNMM▄клMMм▄▌LнKлNMNMKлMMмB≥┬▄▌L▄клNMMнKлMMл┬▄▌MнлNM▄млMMл┬▄▌L▌KлNMNKлMMл┬▄▌L█лNMNлMMл┬B≥┬▄▌NKлNM█KлMMн▄▌NMлNM█LлMMн▄▌M▀лNMNNлMMн▄▌LллNMN▀лMMнB≥┬▄лKлNMмKлM▄L┬▄л█лNMл▄лM▄L┬▄лM▀лNM█л▀лM▄L┬▄лMKлNM█лKлM▄L┬B≥┬▄лLлNMм▀лM▄▄┬▄лKлNMмKлM▄▄┬▄лMKлNM█лKлM▄▄┬▄лллNM▌▀лM▄▄┬B≥┬▄лKлNMмKлM▄▄х▄лLлNMм▀лM▄▄х▄лллNM▌▀лM▄▄х▄лл▀лNM▌лM▄▄хB≥┬▄лмKлNM▌LKлMMн▄лKлNMлKлMMн▄лнлNM▌MлMMн▄лмклNM▌LклMMнB≥┬▄л█лNMл▄лM▄█▄л▄клNMлNKлM▄█▄ллNMллM▄█▄лM▀лNM█л▀лM▄█B≥┬▄лм▀лNM▌L▀лMMл┬▄лKлNMмKлMMл┬▄лл▀лNM▌лMMл┬▄лмклNM▌LклMMл┬B≥┬▄▌NклNM▄нKлMMл┬▄лнKлNM▌MKлMMл┬▄лнлNM▌MлMMл┬▄лклNMлклMMл┬B≥┬▄▌NMлNM█LлMMл┬▄▌NлNM█лMMл┬▄лLKлNMмклMMл┬▄▌M▀лNMNNлMMл┬B≥┬▄ллNM██лM▄▌▄ллNMллM▄▌▄▌KлNMMKлM▄▌▄▌лNMMлM▄▌B≥┬▄л▀лNMл▀лMMлх▄лклNM▌NKлMMлх▄▌LнлNMNMлMMлх▄▌LмклNMNLклMMлхB≥┬▄л▄лNM█м▀лM█нH▄лNлNM█млM█нH▄▌MлNM▄лM█нH▄▌MклNMNNKлM█нHB≥┬▄лклNM▌NKлMMл┬▄л▀лNM▌NлMMл┬▄▌MKлNM▄KлMMл┬▄▌LнлNMNMлMMл┬B≥┬▄▌NMлNM█LлMMл┬▄▌N▀лNM▄нлMMл┬▄▌NKлNM█KлMMл┬▄▌NлNM█лMMл┬B≥┬▄лмлNMлллMMлх▄ллNMмлMMлх▄▌NлNM█лMMлх▄▌NклNM█клMMлхB≥┬▄лLлNMл▀лMлх▄л█▀лNMл▄▀лMлх▄▌NL▀лNM█лMлх▄▌NLKлNM█клMлхB≥┬▄лл▀лNMл▌лM▄H▄лмлNMлллM▄H▄▌NклNM█клM▄H▄▌NLклNM█KлM▄HB≥┬▄ллNMмлMMл┬▄▌N▀лNM█▀лMMл┬▄▌NKлNM█KлMMл┬▄▌NлNM█лMMл┬B≥┬▄▌LL▀лNMM▌лMMл┬▄▌LмKлNMNLKлMMл┬▄▌MKлNM▄KлMMл┬▄▌MклNMNNKлMMл┬B≥┬▄▌клNMLнKлM█л▄▌LлNMMM▀лM█л▄лKлNMлKлM█л▄▌лNMMлM█лB≥┬▄▌LлNMMM▀лM▌N▄▌LLлNMM█▀лM▌N▄▌MлNM▄лM▌N▄лKлNMлKлM▌NB≥┬▄▌MNлNM▄MлM▌L▄▌NLлNM█▀лM▌L▄лLKлNMлклM▌L▄▌NLKлNM█клM▌LB≥┬▄▌M█KлNM▄▄KлMлL▄▌MNKлNM▄MKлMлL▄▌NL▀лNM█лMлL▄▌NLклNM█KлMлLB≥┬▄▌Lм▀лNMNL▀лMMл┬▄▌M▀лNMNNлMMл┬▄лLKлNMмклMMл┬▄▌LмклNMNLклMMл┬B≥┬▄▌NклNM▄нKлMMл┬▄лклNMлклMMл┬▄лLKлNMмклMMл┬▄▌NлNM█лMMл┬B≥┬▄лL▀лNMмлMM▄лLклNMмKлMM▄лMлNMмLлMM▄лMKлNMмLKлMMB≥┬▄лM▀лNMмL▀лM██┬▄лMклNMмLклM██┬▄лNлNMмMлM██┬▄лNKлNMмMKлM██┬B≥┬▄лMклNMмLклM██х▄лLлNMмM▀лM██х▄лLKлNMмMклM██х▄лNлNMмMлM██хB≥┬▄лLлNMмM▀лM█▌▄лL▀лNMмNлM█▌▄лLклNMмNKлM█▌▄лLKлNMмMклM█▌B≥┬▄лL▀лNMмNлM█▌H▄лLлNMм▄лM█▌H▄лLKлNMм▄KлM█▌H▄лLклNMмNKлM█▌HB≥┬▄лL▀лNMм▄▀лMMLх▄лLклNMм▄клMMLх▄лLKлNMм▄KлMMLх▄лLлNMм▄лMMLхB≥┬▄лLлNMм█лM█л▄лLKлNMм█KлM█л▄лL▀лNMмлM█л▄лNKлNMмMKлM█лB≥┬▄лLлNMм█лM█лH▄лNKлNMмMKлM█лH▄лNлNMмMлM█лH▄лLLлNMм█▀лM█лHB≥┬▄лLLлNMм█▀лM█л┬▄лNлNMмMлM█л┬▄лLKлNMмMклM█л┬▄лLLKлNMм█клM█л┬B≥┬▄лLLKлNMм█клMMMх▄лLKлNMмMклMMMх▄лLклNMмNKлMMMх▄лLL▀лNMм▌лMMMхB≥┬▄лLL▀лNMм▌лMMN▄лLклNMмNKлMMN▄лLKлNMм▄KлMMN▄лLLклNMм▌KлMMNB≥┬▄лLMлNMмллMMNH▄лLMKлNMмлKлMMNH▄лLM▀лNMмл▀лMMNH▄лLMклNMмлклMMNHB≥┬▄лLNлNMммлM█лх▄лLNKлNMммKлM█лх▄лLKлNMм█KлM█лх▄лLлNMм█лM█лхB≥┬▄лL▄лNMмм▀лM█м▄лL▄KлNMммклM█м▄лLNKлNMммKлM█м▄лLNлNMммлM█мB≥┬▄лLNлNMммлM█мH▄лLлNMм█лM█мH▄лLLлNMм█▀лM█мH▄лL▄▀лNMмнлM█мHB≥┬▄лL▄лNMмм▀лMM▄х▄лLNлNMммлMM▄х▄лL▄▀лNMмнлMM▄х▄лL▄клNMмнKлMM▄хB≥┬▄лL▄▀лNMмнлMM█▄лLLлNMм█▀лMM█▄лLLKлNMм█клMM█▄лL█лNMнлMM█B≥┬▄лL▄клNMмнKлM█м┬▄лL▄▀лNMмнлM█м┬▄лL█лNMнлM█м┬▄лL█KлNMнKлM█м┬B≥┬▄лL█лNMнлMлN▄лLLKлNMм█клMлN▄лLL▀лNMм▌лMлN▄лL█▀лNMн▀лMлNB≥┬▄лL█KлNMнKлMM█х▄лL█лNMнлMM█х▄лL█▀лNMн▀лMM█х▄лL█клNMнклMM█хB≥┬▄лL█▀лNMн▀лMM▌▄лLL▀лNMм▌лMM▌▄лLLклNMм▌KлMM▌▄лL▌лNMнлMM▌B≥┬▄лL█клNMнклM█н▄лL█▀лNMн▀лM█н▄лL▌лNMнлM█н▄лL▌KлNMнKлM█нB≥┬▄лLллNMн▀лMMл▄лLлKлNMнклMMл▄лLMKлNMмлKлMMл▄лLMлNMмллMMлB≥┬▄лLл▀лNMнлMMлH▄лLлклNMнKлMMлH▄лLлKлNMнклMMлH▄лLллNMн▀лMMлHB≥┬▄лL█клNMнклMMл┬▄лL▌KлNMнKлMMл┬▄лLмлNMнLлMMл┬▄лLмKлNMнLKлMMл┬B≥┬▄лL▌KлNMнKлMMл┬▄лLм▀лNMнL▀лMMл┬▄лLмклNMнLклMMл┬▄лLмлNMнLлMMл┬B≥┬▄лLмклNMнLклMMл┬▄лLнлNMнMлMMл┬▄лLнKлNMнMKлMMл┬▄лMлNMнM▀лMMл┬B≥┬▄лMKлNMнMклMMл┬▄лM▀лNMнNлMMл┬▄лLмKлNMнLKлMMл┬▄лLмлNMнLлMMл┬B≥┬▄лMKлNMнMклMMл┬▄лMклNMнNKлMMл┬▄лMлNNлMMл┬▄лM▀лNMнNлMMл┬B≥┬▄лMKлNNKлMMлх▄лM▀лNN▀лMMлх▄лMклNNклMMлх▄лMклNMнNKлMMлхB≥┬▄лM▀лNMнNлMMл┬▄лL▄лNMмм▀лMMл┬▄лL▄клNMмнKлMMл┬▄лLмKлNMнLKлMMл┬B≥┬▄лLмKлNMнLKлMMл┬▄лL▄клNMмнKлMMл┬▄лL█KлNMнKлMMл┬▄лL█клNMнклMMл┬B≥┬▄лMлNNлMMм▄лLM▀лNMмл▀лMMм▄лLклNMм▄клMMм▄лL▀лNMм▄▀лMMмB≥┬▄лLLклNMм▌KлMMмH▄лLKлNMм▄KлMMмH▄лLклNMм▄клMMмH▄лMKлNNKлMMмHB≥┬▄лL▌лNMнлMMм┬▄лLLклNMм▌KлMMм┬▄лMKлNNKлMMм┬▄лMLлNN▀лMMм┬B≥┬▄лL▌KлNMнKлMMмх▄лL▌лNMнлMMмх▄лMLлNN▀лMMмх▄лLм▀лNMнL▀лMMмхB≥┬▄лLлклNMнKлMMл┬▄лLнлNMнMлMMл┬▄лLмклNMнLклMMл┬▄лLм▀лNMнL▀лMMл┬B≥┬▄лMKлNMнMклMMл┬▄лLмлNMнLлMMл┬▄лLмклNMнLклMMл┬▄лMлNMнM▀лMMл┬B≥┬▄лLнKлNMнMKлMMн▄лMLKлNNклMMн▄лMKлNNKлMMн▄лMлNMнM▀лMMнB≥┬▄лM▀лNMмL▀лMM▄лNKлNMмMKлMM▄лL▀лNMмлMM▄лMKлNMмLKлMMB≥┬▄лML▀лNNлM█нH▄лMLклNNKлM█нH▄лLNKлNMммKлM█нH▄лL▄KлNMммклM█нHB≥┬▄лMклNNклMMл┬▄лMMлNNLлMMл┬▄лMлNNлMMл┬▄лMклNMнNKлMMл┬B≥┬▄лMKлNMнMклMN▄лMлNMнM▀лMN▄лMKлNNKлMN▄лMклNMнNKлMNB≥┬▄лL▄лNMмм▀лMMн▄лM▀лNMнNлMMн▄лMлNNлMMн▄лL▄KлNMммклMMнB≥┬▄лMMKлNNLKлM▌▄лMM▀лNNL▀лM▌▄лMMклNNLклM▌▄лMNлNNMлM▌B≥┬▄лMNлNNMлM▌H▄лMMклNNLклM▌H▄лMNKлNNMKлM▌H▄лM▄лNNM▀лM▌HB≥┬▄лM▄лNNM▀лM▌┬▄лMNKлNNMKлM▌┬▄лM▄KлNNMклM▌┬▄лM▄▀лNNNлM▌┬B≥┬▄лM▄▀лNNNлMN▄лM▄KлNNMклMN▄лM▄клNNNKлMN▄лM█лNN▄лMNB≥┬▄лM█KлNN▄KлMMм▄лM█лNN▄лMMм▄лM▄клNNNKлMMм▄лLMклNMмлклMMмB≥┬▄лM█▀лNN▄▀лM▌х▄лMM▀лNNL▀лM▌х▄лM█клNN▄клM▌х▄лM▌лNN█лM▌хB≥┬▄лM█▀лNN▄▀лM▌▄лM▌KлNN█KлM▌▄лMMклNNLклM▌▄лMM▀лNNL▀лM▌B≥┬▄лM▌KлNN█KлM▌H▄лMллNN█▀лM▌H▄лMNKлNNMKлM▌H▄лMMклNNLклM▌HB≥┬▄лMллNN█▀лMN▄лMлKлNN█клMN▄лM▄KлNNMклMN▄лMNKлNNMKлMNB≥┬▄лMлKлNN█клMNH▄лMл▀лNN▌лMNH▄лM▄клNNNKлMNH▄лM▄KлNNMклMNHB≥┬▄лMлклNN▌KлM▌┬▄лM█▀лNN▄▀лM▌┬▄лM▌лNN█лM▌┬▄лMмлNNллM▌┬B≥┬▄лMмKлNNлKлMNLH▄лMлклNN▌KлMNLH▄лMмлNNллMNLH▄лMм▀лNNл▀лMNLHB≥┬▄лMлклNN▌KлM▌х▄лMмклNNлклM▌х▄лM▌KлNN█KлM▌х▄лM█▀лNN▄▀лM▌хB≥┬▄лMмKлNNлKлM▌▄лMнлNNмлM▌▄лMмклNNлклM▌▄лMлклNN▌KлM▌B≥┬▄лMмклNNлклM▌H▄лMнKлNNмKлM▌H▄лMллNN█▀лM▌H▄лM▌KлNN█KлM▌HB≥┬▄лMнлNNмлMNMH▄лNлNNм▀лMNMH▄лMнKлNNмKлMNMH▄лMмклNNлклMNMHB≥┬▄лMнKлNNмKлMлNH▄лNKлNNмклMлNH▄лMлKлNN█клMлNH▄лMллNN█▀лMлNHB≥┬▄лNлNNм▀лMNMх▄лN▀лNNнлMNMх▄лNKлNNмклMNMх▄лMнKлNNмKлMNMхB≥┬▄лNKлNNмклMNN▄лNклNNнKлMNN▄лMл▀лNN▌лMNN▄лMлKлNN█клMNNB≥┬▄лN▀лNNнлMNNH▄лNлNNлMNNH▄лNклNNнKлMNNH▄лNKлNNмклMNNHB≥┬▄лN▀лNNнлMMлх▄лNKлNNKлMMлх▄лN▀лNN▀лMMлх▄лNлNNлMMлхB≥┬▄лNлNNлMMл┬▄лN▀лNN▀лMMл┬▄лNклNNклMMл┬▄лLл▀лNMнлMMл┬B≥┬▄лNлNNлMMл┬▄лN▀лNN▀лMMл┬▄лNKлNNKлMMл┬▄лNKлNNKлMMл┬B≥┬▄лNлNNлMMл┬▄лNKлNNKлMMл┬▄лNLлNN▀лMMл┬▄лNLKлNNклMMл┬B≥┬▄лNL▀лNNлMMл┬▄лNLклNNKлMMл┬▄лNMлNNLлMMл┬▄лNMKлNNLKлMMл┬B≥┬▄лMм▀лNNл▀лMMлх▄лNM▀лNNL▀лMMлх▄лNMклNNLклMMлх▄лNLлNN▀лMMлхB≥┬▄лNKлNNKлMMл┬▄лNKлNNKлMMл┬▄лMнлNNмлMMл┬▄лMмKлNNлKлMMл┬B≥┬▄лNKлNNKлMMлх▄лN▀лNNнлMMлх▄лNлNNм▀лMMлх▄лMнлNNмлMMлхB≥┬▄лMл▀лNN▌лMMNH▄лLMлNMмллMMNH▄лLMклNMмлклMMNH▄лM▄клNNNKлMMNHB≥┬▄лNклNNнKлMMл▄лLллNMн▀лMMл▄лLMлNMмллMMл▄лMл▀лNN▌лMMлB≥┬▄лNлNNлMMлH▄лLл▀лNMнлMMлH▄лLллNMн▀лMMлH▄лNклNNнKлMMлHB≥┬▄лNлNNлMMл┬▄лNNлNNMлMMл┬▄лNклNNклMMл┬▄лN▀лNN▀лMMл┬B≥┬▄лMMKлNNLKлM▌L▄лNNKлNNMKлM▌L▄лM█клNN▄клM▌L▄лMM▀лNNL▀лM▌LB≥┬▄лM█клNN▄клM▌х▄л▄лNNM▀лM▌х▄л▄KлNNMклM▌х▄лM▌лNN█лM▌хB≥┬▄лMмлNNллM▄H▄л▄▀лNNNлM▄H▄лNM▀лNNL▀лM▄H▄лMм▀лNNл▀лM▄HB≥┬▄лNLлNN▀лMMл┬▄лNMклNNLклMMл┬▄лNMлNNLлMMл┬▄лNLKлNNклMMл┬B≥┬▄лNлNNлMMн▄лNLKлNNклMMн▄л▄клNNNKлMMн▄лNNлNNMлMMнB≥┬▄лMмKлNNлKлMN▄лMм▀лNNл▀лMN▄лNLлNN▀лMN▄лNKлNNKлMNB≥┬▄л▄лNN▄лM▌LH▄л▄KлNN▄KлM▌LH▄л▄▀лNN▄▀лM▌LH▄л▄клNN▄клM▌LHB≥┬▄л▄клNN▄клM▌L┬▄л▄▀лNN▄▀лM▌L┬▄л▄лNN█лM▌L┬▄л▄KлNN█KлM▌L┬B≥┬▄л▄KлNN█KлM▌Lх▄л▄лNN█лM▌Lх▄л▄LлNN█▀лM▌Lх▄л▄LKлNN█клM▌LхB≥┬▄л▄LKлNN█клM▌M▄л▄LлNN█▀лM▌M▄л▄L▀лNN▌лM▌M▄л▄LклNN▌KлM▌MB≥┬▄л▄MлNNллM▄┬▄л▄LклNN▌KлM▄┬▄л▄L▀лNN▌лM▄┬▄л▄MKлNNлKлM▄┬B≥┬▄л▄M▀лNNл▀лM▌MH▄л▄KлNN▄KлM▌MH▄л▄MклNNлклM▌MH▄л▄NлNNмлM▌MHB≥┬▄л▄M▀лNNл▀лM▌M┬▄л▄NKлNNмKлM▌M┬▄л▄▀лNN▄▀лM▌M┬▄л▄KлNN▄KлM▌M┬B≥┬▄л▄NKлNNмKлM▌Mх▄л▄▄лNNм▀лM▌Mх▄л▄лNN█лM▌Mх▄л▄▀лNN▄▀лM▌MхB≥┬▄л▄▄лNNм▀лM▄L▄л▄▄KлNNмклM▄L▄л▄LлNN█▀лM▄L▄л▄лNN█лM▄LB≥┬▄л▄▄KлNNмклM▄LH▄л▄▄▀лNNнлM▄LH▄л▄L▀лNN▌лM▄LH▄л▄LлNN█▀лM▄LHB≥┬▄л▄▄клNNнKлM▄L┬▄л▄█лNNлM▄L┬▄л▄█KлNNKлM▄L┬▄л▄MKлNNлKлM▄L┬B≥┬▄л▄█▀лNN▀лM▌N▄л▄M▀лNNл▀лM▌N▄л▄NлNNмлM▌N▄л▄█клNNклM▌NB≥┬▄л▄▌лNNлM█нH▄л▄█▀лNN▀лM█нH▄л▄█клNNклM█нH▄л▄▌KлNNKлM█нHB≥┬▄л▄█▀лNN▀лM▌NH▄л▄ллNN▀лM▌NH▄л▄NKлNNмKлM▌NH▄л▄M▀лNNл▀лM▌NHB≥┬▄л▄▌лNNлM▄MH▄л▄лKлNNклM▄MH▄л▄ллNN▀лM▄MH▄л▄█▀лNN▀лM▄MHB≥┬▄л▄ллNN▀лM▄M┬▄л▄л▀лNNлM▄M┬▄л▄▄лNNм▀лM▄M┬▄л▄NKлNNмKлM▄M┬B≥┬▄л▄лKлNNклMл▄л▄лклNNKлMл▄л▄л▀лNNлMл▄л▄ллNN▀лMлB≥┬▄л▄л▀лNNлMлH▄л▄млNNLлMлH▄л▄▄KлNNмклMлH▄л▄▄лNNм▀лMлHB≥┬▄л▄лклNNKлM▄NH▄л▄мKлNNLKлM▄NH▄л▄млNNLлM▄NH▄л▄л▀лNNлM▄NHB≥┬▄л▄млNNLлM▄▄▄л▄м▀лNNL▀лM▄▄▄л▄▄▀лNNнлM▄▄▄л▄▄KлNNмклM▄▄B≥┬▄л▄мKлNNLKлMл┬▄л▄мклNNLклMл┬▄л▄м▀лNNL▀лMл┬▄л▄млNNLлMл┬B≥┬▄л▄нлNNMлM▄▄┬▄л▄нKлNNMKлM▄▄┬▄л▄█лNNлM▄▄┬▄л▄▄клNNнKлM▄▄┬B≥┬▄л█лNNM▀лM▄▄х▄л█KлNNMклM▄▄х▄л▄нKлNNMKлM▄▄х▄л▄нлNNMлM▄▄хB≥┬▄л▄мKлNNLKлMMл┬▄л█▀лNNNлMMл┬▄л█клNNNKлMMл┬▄л▄мклNNLклMMл┬B≥┬▄л▄мклNNLклMMл┬▄л█клNNNKлMMл┬▄л█лNNLлMMл┬▄л█лNNM▀лMMл┬B≥┬▄л█KлNNLKлMMн▄л█▀лNNL▀лMMн▄л█клNNLклMMн▄л█лNNLлMMнB≥┬▄л█KлNNLKлMMн▄л█клNNNKлMMн▄л█▀лNNNлMMн▄л█LлNNL▀лMMнB≥┬▄л█KлNNLKлMMл┬▄л█LлNNL▀лMMл┬▄л█LKлNNLклMMл┬▄л█L▀лNNLлMMл┬B≥┬▄л▄▌KлNNKлMMл┬▄лML▀лNNлMMл┬▄лMMлNNLлMMл┬▄л█LKлNNLклMMл┬B≥┬▄л█LлNNL▀лMMн▄л█▀лNNNлMMн▄л▄лKлNNклMMн▄л▄▌лNNлMMнB≥┬▄л█▀лNNNлMMл┬▄л▄мKлNNLKлMMл┬▄л▄лклNNKлMMл┬▄л▄лKлNNклMMл┬B≥┬▄л▄MKлNNлKлM▄█▄л▄█KлNNKлM▄█▄л█LклNNLKлM▄█▄л▄MлNNллM▄█B≥┬▄л▄▄▀лNNнлM▄█H▄л▄▄клNNнKлM▄█H▄л▄MKлNNлKлM▄█H▄л▄L▀лNN▌лM▄█HB≥┬▄л▄м▀лNNL▀лM▄█┬▄л▄нлNNMлM▄█┬▄л▄▄клNNнKлM▄█┬▄л▄▄▀лNNнлM▄█┬B≥┬▄л▄мклNNLклM▄█х▄л█лNNM▀лM▄█х▄л▄нлNNMлM▄█х▄л▄м▀лNNL▀лM▄█хB≥┬▄л█лNNLлMMл┬▄л█▀лNNL▀лMMл┬▄л█KлNNMклMMл┬▄л█лNNM▀лMMл┬B≥┬▄л█KлNNLKлMMн▄л█MлNNLLлMMн▄л█лNNLлMMн▄л█клNNNKлMMнB≥┬▄л█MKлNNLLKлMMл┬▄л█M▀лNNLL▀лMMл┬▄л█клNNLклMMл┬▄л█MлNNLLлMMл┬B≥┬▄л▄лNN▄лM▄▌▄л█MклNNLLклM▄▌▄л▄MклNNлклM▄▌▄л▄KлNN▄KлM▄▌B≥┬▄л▄MклNNлклM▌MH▄лLклNMмKлM▌MH▄л█NлNNLMлM▌MH▄л▄NлNNмлM▌MHB≥┬▄л▄NлNNмлM▌N▄л█NлNNLMлM▌N▄лMLклNNKлM▌N▄л▄█клNNклM▌NB≥┬▄л█KлNNLKлMMлх▄л█L▀лNNLлMMлх▄л█MKлNNLLKлMMлх▄л█MлNNLLлMMлхB≥┬▄л▄▌лNNлMMл┬▄л▄▌KлNNKлMMл┬▄л█LKлNNLклMMл┬▄л█LлNNL▀лMMл┬B≥┬▄л█NKлNNLMKлMлх▄л▄лNNM▀лMлх▄л█▄лNNLM▀лMлх▄л█▄KлNNLMклMлхB≥┬▄л█▄▀лNNLNлMл▄л█▄клNNLNKлMл▄л██лNNL▄лMл▄л██KлNNL▄KлMлB≥┬▄л█▄клNNLNKлMлH▄л██▀лNNL▄▀лMлH▄л██клNNL▄клMлH▄л██лNNL▄лMлHB≥┬▄л██▀лNNL▄▀лMл┬▄л█▌лNNL█лMл┬▄л█▌KлNNL█KлMл┬▄л██клNNL▄клMл┬B≥┬▄л█▌лNNL█лM▄лх▄л█ллNNL█▀лM▄лх▄л█лKлNNL█клM▄лх▄л█▌KлNNL█KлM▄лхB≥┬▄л█л▀лNNL▌лM▄█▄л█лклNNL▌KлM▄█▄л█лKлNNL█клM▄█▄л█ллNNL█▀лM▄█B≥┬▄л█млNNLллMлх▄л█мKлNNLлKлMлх▄л█NKлNNLMKлMлх▄л██KлNNL▄KлMлхB≥┬▄л█млNNLллMл▄л██KлNNL▄KлMл▄л██лNNL▄лMл▄л█м▀лNNLл▀лMлB≥┬▄л█м▀лNNLл▀лMлH▄л██лNNL▄лMлH▄л██клNNL▄клMлH▄л█мклNNLлклMлHB≥┬▄л█мклNNLлклM▄мх▄л██клNNL▄клM▄мх▄л█▌KлNNL█KлM▄мх▄л█нлNNLмлM▄мхB≥┬▄л█нлNNLмлM▄н▄л█▌KлNNL█KлM▄н▄л█лKлNNL█клM▄н▄л█нKлNNLмKлM▄нB≥┬▄л▌лNNLм▀лMлL▄л▌KлNNLмклMлL▄л█мKлNNLлKлMлL▄л█млNNLллMлLB≥┬▄л▌▀лNNLнлM▄H▄л▌клNNLнKлM▄H▄л▌KлNNLмклM▄H▄л▌лNNLм▀лM▄HB≥┬▄л▌лNNLм▀лMмх▄л█млNNLллMмх▄л█м▀лNNLл▀лMмх▄л▌лNNMлMмхB≥┬▄л▌▀лNNLнлMлL┬▄л▌лNNLм▀лMлL┬▄л▌лNNMлMлL┬▄л▌KлNNMKлMлL┬B≥┬▄л▌лNNMлMлLх▄л█м▀лNNLл▀лMлLх▄л█мклNNLлклMлLх▄л▌▀лNNM▀лMлLхB≥┬▄л▌KлNNMKлM█х▄л▌лNNMлM█х▄л▌▀лNNM▀лM█х▄л▌клNNMклM█хB≥┬▄л▌▀лNNM▀лM█▄л█мклNNLлклM█▄л█нлNNLмлM█▄л▌лNNMлM█B≥┬▄л▌клNNMклM█H▄л▌▀лNNM▀лM█H▄л▌лNNMлM█H▄л▌KлNNMKлM█HB≥┬▄л▌лNNMлM█┬▄л█нлNNLмлM█┬▄л█нKлNNLмKлM█┬▄л▌LлNNM▀лM█┬B≥┬▄л▌KлNNMKлMлM▄л▌лNNMлMлM▄л▌LлNNM▀лMлM▄л▌LKлNNMклMлMB≥┬▄л▌KлNNMKлMMл┬▄л▌LKлNNMклMMл┬▄л▌L▀лNNMлMMл┬▄л▌LклNNMKлMMл┬B≥┬▄л▌LKлNNMклMMл┬▄л▌MлNNMLлMMл┬▄л█KлNNLKлMMл┬▄л▌L▀лNNMлMMл┬B≥┬▄л▌MKлNNMLKлMMн▄л▌M▀лNNML▀лMMн▄л▌LклNNMKлMMн▄л▌L▀лNNMлMMнB≥┬▄л▌MKлNNMLKлMMл┬▄лNMKлNNLKлMMл┬▄л▌MклNNMLклMMл┬▄л▌M▀лNNML▀лMMл┬B≥┬▄л▌M▀лNNML▀лMMн▄л▌▀лNNLнлMMн▄л▌KлNNMKлMMн▄л▌LклNNMKлMMнB≥┬▄л▌LклNNMKлMMл┬▄л▌KлNNMKлMMл┬▄л▌клNNMклMMл┬▄л▌KлNNMKлMMл┬B≥┬▄л█нKлNNLмKлM▄L┬▄л█лKлNNL█клM▄L┬▄л█лклNNL▌KлM▄L┬▄л▌NлNNMMлM▄L┬B≥┬▄л▌LлNNM▀лM▄▄┬▄л█нKлNNLмKлM▄▄┬▄л▌NлNNMMлM▄▄┬▄л▌NKлNNMMKлM▄▄┬B≥┬▄л▌LKлNNMклM▄▄х▄л▌LлNNM▀лM▄▄х▄л▌NKлNNMMKлM▄▄х▄л▌MлNNMLлM▄▄хB≥┬▄л▌MKлNNMLKлMMн▄л▌L▀лNNMлMMн▄л█KлNNLKлMMн▄л█лNNLлMMнB≥┬▄л█▄▀лNNLNлMлх▄л██KлNNL▄KлMлх▄л█NKлNNLMKлMлх▄л█▄KлNNLMклMлхB≥┬▄л▄▀лNNNлMлL▄л▄KлNNMклMлL▄л█мKлNNLлKлMлL▄л▌KлNNLмклMлLB≥┬▄л▌MKлNNMLKлMMл┬▄л█лNNLлMMл┬▄лNL▀лNNлMMл┬▄лNMKлNNLKлMMл┬B≥┬▄л▌▀лNNLнлMMлх▄л▌M▀лNNML▀лMMлх▄л▌MклNNMLклMMлх▄л▌клNNLнKлMMлхB≥┬▄лM▀лNN▀лMMл┬▄лллNNMM▀лMMл┬▄л█M▀лNNLL▀лMMл┬▄л█MKлNNLLKлMMл┬B≥┬▄лMKлNNKлMMNH▄лLклNMм▄клMMNH▄лLM▀лNMмл▀лMMNH▄лLMKлNMмлKлMMNHB≥┬▄лMLлNN▀лMMл▄лMKлNNKлMMл▄лLMKлNMмлKлMMл▄лLлKлNMнклMMлB≥┬▄лLм▀лNMнL▀лMMлH▄лMLлNN▀лMMлH▄лLлKлNMнклMMлH▄лLлклNMнKлMMлHB≥┬▄лNклNNклMMл┬▄лNNлNNMлMMл┬▄лLнKлNMнMKлMMл┬▄лLнлNMнMлMMл┬B≥┬▄лM█KлNN▄KлMMм▄лLMклNMмлклMMм▄лLM▀лNMмл▀лMMм▄лMлNNлMMмB≥┬▄лLл▀лNMнлMMл┬▄лNклNNклMMл┬▄лLнлNMнMлMMл┬▄лLлклNMнKлMMл┬B≥┬▄лNNлNNMлMMн▄л▄клNNNKлMMн▄лMLKлNNклMMн▄лLнKлNMнMKлMMнB≥┬▄л▌NлNNMMлM▄L┬▄л█лклNNL▌KлM▄L┬▄л▄█KлNNKлM▄L┬▄л▄█лNNлM▄L┬B≥┬▄л▌NKлNNMMKлM▄▄┬▄л▌NлNNMMлM▄▄┬▄л▄█лNNлM▄▄┬▄л▄нKлNNMKлM▄▄┬B≥┬▄л▌MлNNMLлM▄▄х▄л▌NKлNNMMKлM▄▄х▄л▄нKлNNMKлM▄▄х▄л█KлNNMклM▄▄хB≥┬▄л█лNNLлMMн▄л█MлNNLLлMMн▄л█клNNLклMMн▄л█▀лNNL▀лMMнB≥┬▄л█лклNNL▌KлM▄█▄л█л▀лNNL▌лM▄█▄л█LклNNLKлM▄█▄л▄█KлNNKлM▄█B≥┬▄л█KлNNLKлMMл┬▄л▌MлNNMLлMMл┬▄л█KлNNMклMMл┬▄л█▀лNNL▀лMMл┬B≥┬▄лNL▀лNNлMMл┬▄л█лNNLлMMл┬▄л█клNNLклMMл┬▄л█M▀лNNLL▀лMMл┬B≥┬▄л▄клNNNKлMMл┬▄лNLклNNKлMMл┬▄лллNNMM▀лMMл┬▄лMLKлNNклMMл┬B≥┬▄л▄MклNNлклM▄▌▄л█MклNNLLклM▄▌▄лMлNMмLлM▄▌▄лLклNMмKлM▄▌B≥┬▄л█MKлNNLLKлMMлх▄л█L▀лNNLлMMлх▄лMклNNклMMлх▄лM▀лNN▀лMMлхB≥┬▄л▄▌KлNNKлM█нH▄л▄█клNNклM█нH▄лMLклNNKлM█нH▄лML▀лNNлM█нHB≥┬▄л█L▀лNNLлMMл┬▄л█LKлNNLклMMл┬▄лMMлNNLлMMл┬▄лMклNNклMMл┬B≥┬▄л▄клNNNKлMMл┬▄лNLKлNNклMMл┬▄лNMлNNLлMMл┬▄лNLклNNKлMMл┬B≥┬▄л▌клNNLнKлMMлх▄л▌MклNNMLклMMлх▄лNMклNNLклMMлх▄лNM▀лNNL▀лMMлхB≥┬▄л█NKлNNLMKлMлх▄л█мKлNNLлKлMлх▄л▄KлNNMклMлх▄л▄лNNM▀лMлхB≥┬▄л▌KлNNLмклM▄H▄л▌клNNLнKлM▄H▄лNM▀лNNL▀лM▄H▄л▄▀лNNNлM▄HB≥┬▄л▌MклNNMLклMMл┬▄лNMKлNNLKлMMл┬▄лNMлNNLлMMл┬▄лNMклNNLклMMл┬B≥┬▄лL▄KлNMммклMMл┬▄лMлNNлMMл┬▄лMMлNNLлMMл┬▄лML▀лNNлMMл┬B≥┬▄лL▀лNMмлM█л▄лLKлNMм█KлM█л▄л█NлNNLMлM█л▄лLклNMмKлM█лB≥┬▄лLKлNMм█KлM▌N▄лLNKлNMммKлM▌N▄лMLклNNKлM▌N▄л█NлNNLMлM▌NB≥┬▄лM█клNN▄клM▌L▄лNNKлNNMKлM▌L▄л█▄лNNLM▀лM▌L▄л▄лNNM▀лM▌LB≥┬▄лMмлNNллMлL▄лM▌лNN█лMлL▄л▄KлNNMклMлL▄л▄▀лNNNлMлLB≥┬▄лMKлNNKлMMл┬▄лMLKлNNклMMл┬▄лллNNMM▀лMMл┬▄лM▀лNN▀лMMл┬B≥┬▄лNL▀лNNлMMл┬▄л█M▀лNNLL▀лMMл┬▄лллNNMM▀лMMл┬▄лNLклNNKлMMл┬B≥┬▄ллKлNNMMклMM▄лл▀лNNMNлMM▄ллклNNMNKлMM▄лллNNM▄лMMB≥┬▄ллKлNNM▄KлM██┬▄лл▀лNNM▄▀лM██┬▄ллклNNM▄клM██┬▄лллNNM█лM██┬B≥┬▄лл▀лNNM▄▀лM██х▄ллKлNNM█KлM██х▄ллLлNNM█▀лM██х▄ллклNNM▄клM██хB≥┬▄ллKлNNM█KлM█▌▄ллLKлNNM█клM█▌▄ллL▀лNNM▌лM█▌▄ллLлNNM█▀лM█▌B≥┬▄ллLKлNNM█клM█▌H▄ллLклNNM▌KлM█▌H▄ллMлNNMллM█▌H▄ллL▀лNNM▌лM█▌HB≥┬▄ллMKлNNMлKлMMLх▄ллM▀лNNMл▀лMMLх▄ллMлNNMллMMLх▄ллLклNNM▌KлMMLхB≥┬▄ллMклNNMлклM█л▄ллNлNNMмлM█л▄ллKлNNMMклM█л▄лллNNM█лM█лB≥┬▄ллMклNNMлклM█лH▄лллNNM█лM█лH▄ллклNNM▄клM█лH▄ллNKлNNMмKлM█лHB≥┬▄ллNKлNNMмKлM█л┬▄ллклNNM▄клM█л┬▄ллLлNNM█▀лM█л┬▄лл▄лNNMм▀лM█л┬B≥┬▄лл▄лNNMм▀лMMMх▄ллLлNNM█▀лMMMх▄ллL▀лNNM▌лMMMх▄лл▄KлNNMмклMMMхB≥┬▄лл▄KлNNMмклMMN▄ллL▀лNNM▌лMMN▄ллMлNNMллMMN▄лл▄▀лNNMнлMMNB≥┬▄лл▄клNNMнKлMMмH▄лл█лNNNлMMмH▄лл█KлNNNKлMMмH▄лл█▀лNNN▀лMMмHB≥┬▄лл█клNNNклM█лх▄лл▌лNNNлM█лх▄ллNлNNMмлM█лх▄ллMклNNMлклM█лхB≥┬▄лл▌KлNNNKлM█м▄ллллNNN▀лM█м▄лл▌лNNNлM█м▄лл█клNNNклM█мB≥┬▄лл█клNNNклM█мH▄ллMклNNMлклM█мH▄ллNKлNNMмKлM█мH▄лллKлNNNклM█мHB≥┬▄лл▌KлNNNKлMM▄х▄лл█клNNNклMM▄х▄лллKлNNNклMM▄х▄ллл▀лNNNлMM▄хB≥┬▄лллKлNNNклMM█▄ллNKлNNMмKлMM█▄лл▄лNNMм▀лMM█▄лллклNNNKлMM█B≥┬▄ллл▀лNNNлM█м┬▄лллKлNNNклM█м┬▄лллклNNNKлM█м┬▄ллмлNNNLлM█м┬B≥┬▄лллклNNNKлMлN▄лл▄лNNMм▀лMлN▄лл▄KлNNMмклMлN▄ллмKлNNNLKлMлNB≥┬▄ллмлNNNLлMM█х▄лллклNNNKлMM█х▄ллмKлNNNLKлMM█х▄ллм▀лNNNL▀лMM█хB≥┬▄ллмKлNNNLKлMM▌▄лл▄KлNNMмклMM▌▄лл▄▀лNNMнлMM▌▄ллмклNNNLклMM▌B≥┬▄ллм▀лNNNL▀лM█н▄ллмKлNNNLKлM█н▄ллмклNNNLклM█н▄ллнлNNNMлM█нB≥┬▄ллнKлNNNMKлMMл▄лмлNNNM▀лMMл▄лл█лNNNлMMл▄лл▄клNNMнKлMMлB≥┬▄лмKлNNNMклMMлH▄лм▀лNNNNлMMлH▄лмлNNNM▀лMMлH▄ллнKлNNNMKлMMлHB≥┬▄ллм▀лNNNL▀лMN▄ллнлNNNMлMN▄лмклNNNNKлMN▄лмл▄лMNB≥┬▄ллнлNNNMлMMн▄лмKл▄KлMMн▄лм▀л▄▀лMMн▄лмклNNNNKлMMнB≥┬▄лм▀л▄▀лMMл┬▄лмкл▄клMMл┬▄лмл▄лMMл┬▄лмKл▄KлMMл┬B≥┬▄лмLл▄▀лMMл┬▄лмLKл▄клMMл┬▄лмл▄лMMл┬▄лмклNNNNKлMMл┬B≥┬▄лмLл▄▀лMMл┬▄лмL▀л▄лMMл┬▄лмLкл▄KлMMл┬▄лмLKл▄клMMл┬B≥┬▄лмMл▄LлMMлх▄лмMKл▄LKлMMлх▄лмM▀л▄L▀лMMлх▄лмL▀л▄лMMлхB≥┬▄лмLKл▄клMMл┬▄лл▌KлNNNKлMMл┬▄ллл▀лNNNлMMл┬▄лмл▄лMMл┬B≥┬▄лмл▄лMMн▄ллл▀лNNNлMMн▄ллмлNNNLлMMн▄ллм▀лNNNL▀лMMнB≥┬▄лмMкл▄LклMMм▄лл█KлNNNKлMMм▄ллM▀лNNMл▀лMMм▄ллMKлNNMлKлMMмB≥┬▄лл▄▀лNNMнлMMмH▄ллMлNNMллMMмH▄ллM▀лNNMл▀лMMмH▄лмNл▄MлMMмHB≥┬▄ллмклNNNLклMMм┬▄лл▄▀лNNMнлMMм┬▄лмNл▄MлMMм┬▄лмNKл▄MKлMMм┬B≥┬▄ллнлNNNMлMMмх▄ллмклNNNLклMMмх▄лмNKл▄MKлMMмх▄лмKл▄KлMMмхB≥┬▄лм▀лNNNNлMMн▄лмкл▄клMMн▄лм▀л▄▀лMMн▄лмKл▄KлMMнB≥┬▄лмLл▄▀лMMл┬▄лмклNNNNKлMMл┬▄лм▀л▄▀лMMл┬▄лмKл▄KлMMл┬B≥┬▄лмл▄лMMн▄лм▄л▄M▀лMMн▄лмMл▄LлMMн▄лмKл▄KлMMнB≥┬▄ллKлNNM▄KлMM▄лллNNM█лMM▄ллKлNNMMклMM▄лллNNM▄лMMB≥┬▄лм▄Kл▄MклM█нH▄лм▄▀л▄NлM█нH▄лл▌лNNNлM█нH▄ллллNNN▀лM█нHB≥┬▄лмM▀л▄L▀лMMл┬▄лм▄кл▄NKлMMл┬▄лмLкл▄KлMMл┬▄лмL▀л▄лMMл┬B≥┬▄лмLл▄▀лMN▄лмKл▄KлMN▄лмMл▄LлMN▄лмL▀л▄лMNB≥┬▄лл▌KлNNNKлMMн▄лмLKл▄клMMн▄лмLкл▄KлMMн▄ллллNNN▀лMMнB≥┬▄лм█л▄▄лM▌▄лм█Kл▄▄KлM▌▄лм█▀л▄▄▀лM▌▄лм█кл▄▄клM▌B≥┬▄лм█кл▄▄клM▌H▄лм█▀л▄▄▀лM▌H▄лм▌л▄█лM▌H▄лм▌Kл▄█KлM▌HB≥┬▄лм▌Kл▄█KлM▌┬▄лм▌л▄█лM▌┬▄лмлл▄█▀лM▌┬▄лмлKл▄█клM▌┬B≥┬▄лмлKл▄█клMN▄лмлл▄█▀лMN▄лмл▀л▄▌лMN▄лмлкл▄▌KлMNB≥┬▄лммл▄ллMMм▄лмлкл▄▌KлMMм▄лмл▀л▄▌лMMм▄лл█▀лNNN▀лMMмB≥┬▄лммKл▄лKлM▌х▄лм█Kл▄▄KлM▌х▄лмм▀л▄л▀лM▌х▄лммкл▄лклM▌хB≥┬▄лммKл▄лKлM▌▄лмнл▄млM▌▄лм█▀л▄▄▀лM▌▄лм█Kл▄▄KлM▌B≥┬▄лмнл▄млM▌H▄лмнKл▄мKлM▌H▄лм▌л▄█лM▌H▄лм█▀л▄▄▀лM▌HB≥┬▄лмнKл▄мKлMN▄лнл▄м▀лMN▄лмлл▄█▀лMN▄лм▌л▄█лMNB≥┬▄лнл▄м▀лMNH▄лнKл▄мклMNH▄лмл▀л▄▌лMNH▄лмлл▄█▀лMNHB≥┬▄лн▀л▄нлM▌┬▄лммKл▄лKлM▌┬▄лммкл▄лклM▌┬▄лнкл▄нKлM▌┬B≥┬▄лнл▄лMNLH▄лн▀л▄нлMNLH▄лнкл▄нKлMNLH▄лнKл▄KлMNLHB≥┬▄лн▀л▄нлM▌х▄лн▀л▄▀лM▌х▄лмнл▄млM▌х▄лммKл▄лKлM▌хB≥┬▄лнл▄лM▌▄лнкл▄клM▌▄лн▀л▄▀лM▌▄лн▀л▄нлM▌B≥┬▄лн▀л▄▀лM▌H▄лнл▄лM▌H▄лмнKл▄мKлM▌H▄лмнл▄млM▌HB≥┬▄лнкл▄клMNMH▄лнKл▄KлMNMH▄лнл▄лMNMH▄лн▀л▄▀лMNMHB≥┬▄лнл▄лMлNH▄лнLл▄▀лMлNH▄лнл▄м▀лMлNH▄лмнKл▄мKлMлNHB≥┬▄лнKл▄KлMNMх▄лнLKл▄клMNMх▄лнLл▄▀лMNMх▄лнл▄лMNMхB≥┬▄лнLл▄▀лMNN▄лнL▀л▄лMNN▄лнKл▄мклMNN▄лнл▄м▀лMNNB≥┬▄лнLKл▄клMNNH▄лнLкл▄KлMNNH▄лнL▀л▄лMNNH▄лнLл▄▀лMNNHB≥┬▄лнLKл▄клMMлх▄лнMл▄LлMMлх▄лнMKл▄LKлMMлх▄лнLкл▄KлMMлхB≥┬▄лнLкл▄KлMMл┬▄лнMKл▄LKлMMл┬▄лнM▀л▄L▀лMMл┬▄лмKлNNNMклMMл┬B≥┬▄лнMкл▄LклMMл┬▄лнMKл▄LKлMMл┬▄лнMл▄LлMMл┬▄лнNл▄MлMMл┬B≥┬▄лнMкл▄LклMMл┬▄лнNл▄MлMMл┬▄лнNKл▄MKлMMл┬▄мл▄M▀лMMл┬B≥┬▄мKл▄MклMMл┬▄м▀л▄NлMMл┬▄мкл▄NKлMMл┬▄мл▄▄лMMл┬B≥┬▄лнKл▄KлMMлх▄мKл▄▄KлMMлх▄м▀л▄▄▀лMMлх▄лнNKл▄MKлMMлхB≥┬▄лнNл▄MлMMл┬▄лнMл▄LлMMл┬▄лнкл▄клMMл┬▄лнл▄лMMл┬B≥┬▄лнMл▄LлMMлх▄лнLKл▄клMMлх▄лнKл▄KлMMлх▄лнкл▄клMMлхB≥┬▄лнKл▄мклMMNH▄лл▄клNNMнKлMMNH▄лл█▀лNNN▀лMMNH▄лмл▀л▄▌лMMNHB≥┬▄лнL▀л▄лMMл▄ллнKлNNNMKлMMл▄лл▄клNNMнKлMMл▄лнKл▄мклMMлB≥┬▄лнLкл▄KлMMлH▄лмKлNNNMклMMлH▄ллнKлNNNMKлMMлH▄лнL▀л▄лMMлHB≥┬▄лнMкл▄LклMMл┬▄мкл▄▄клMMл┬▄лнM▀л▄L▀лMMл┬▄лнMKл▄LKлMMл┬B≥┬▄лм█л▄▄лM▌L▄мл▄█лM▌L▄лмм▀л▄л▀лM▌L▄лм█Kл▄▄KлM▌LB≥┬▄лмм▀л▄л▀лM▌х▄мKл▄█KлM▌х▄мLл▄█▀лM▌х▄лммкл▄лклM▌хB≥┬▄лнкл▄нKлM▄H▄мLKл▄█клM▄H▄мKл▄▄KлM▄H▄лнKл▄KлM▄HB≥┬▄лнNKл▄MKлMMл┬▄м▀л▄▄▀лMMл┬▄мкл▄NKлMMл┬▄мл▄M▀лMMл┬B≥┬▄лнMкл▄LклMMн▄мл▄M▀лMMн▄мL▀л▄▌лMMн▄мкл▄▄клMMнB≥┬▄лнл▄лMN▄лнKл▄KлMN▄лнNKл▄MKлMN▄лнNл▄MлMNB≥┬▄мLкл▄▌KлM▌LH▄мMл▄ллM▌LH▄мMKл▄лKлM▌LH▄мM▀л▄л▀лM▌LHB≥┬▄мM▀л▄л▀лM▌L┬▄мMKл▄лKлM▌L┬▄мMкл▄лклM▌L┬▄мNл▄млM▌L┬B≥┬▄мNл▄млM▌Lх▄мMкл▄лклM▌Lх▄мNKл▄мKлM▌Lх▄м▄л▄м▀лM▌LхB≥┬▄м▄л▄м▀лM▌M▄мNKл▄мKлM▌M▄м▄Kл▄мклM▌M▄м▄▀л▄нлM▌MB≥┬▄м▄кл▄нKлM▄┬▄м▄▀л▄нлM▄┬▄м▄Kл▄мклM▄┬▄м█л▄лM▄┬B≥┬▄м█Kл▄KлM▌MH▄мMл▄ллM▌MH▄м█▀л▄▀лM▌MH▄м█кл▄клM▌MHB≥┬▄м█Kл▄KлM▌M┬▄м▌л▄лM▌M┬▄мMKл▄лKлM▌M┬▄мMл▄ллM▌M┬B≥┬▄м▌л▄лM▌Mх▄м▌Kл▄KлM▌Mх▄мMкл▄лклM▌Mх▄мMKл▄лKлM▌MхB≥┬▄м▌Kл▄KлM▄L▄млл▄▀лM▄L▄мNKл▄мKлM▄L▄мMкл▄лклM▄LB≥┬▄млл▄▀лM▄LH▄млKл▄клM▄LH▄м▄Kл▄мклM▄LH▄мNKл▄мKлM▄LHB≥┬▄мл▀л▄лM▄L┬▄млкл▄KлM▄L┬▄ммл▄LлM▄L┬▄м█л▄лM▄L┬B≥┬▄ммKл▄LKлM▌N▄м█Kл▄KлM▌N▄м█кл▄клM▌N▄мм▀л▄L▀лM▌NB≥┬▄ммкл▄LклM█нH▄ммKл▄LKлM█нH▄мм▀л▄L▀лM█нH▄мнл▄MлM█нHB≥┬▄ммKл▄LKлM▌NH▄мнKл▄MKлM▌NH▄м▌л▄лM▌NH▄м█Kл▄KлM▌NHB≥┬▄ммкл▄LклM▄MH▄мл▄M▀лM▄MH▄мнKл▄MKлM▄MH▄ммKл▄LKлM▄MHB≥┬▄мнKл▄MKлM▄M┬▄мKл▄MклM▄M┬▄м▌Kл▄KлM▄M┬▄м▌л▄лM▄M┬B≥┬▄мл▄M▀лMл▄м▀л▄NлMл▄мKл▄MклMл▄мнKл▄MKлMлB≥┬▄мKл▄MклMлH▄мкл▄NKлMлH▄млл▄▀лMлH▄м▌Kл▄KлMлHB≥┬▄м▀л▄NлM▄NH▄мл▄LлM▄NH▄мкл▄NKлM▄NH▄мKл▄MклM▄NHB≥┬▄мкл▄NKлM▄▄▄мKл▄LKлM▄▄▄млKл▄клM▄▄▄млл▄▀лM▄▄B≥┬▄мл▄LлMл┬▄м▀л▄L▀лMл┬▄мKл▄LKлMл┬▄мкл▄NKлMл┬B≥┬▄мкл▄LклM▄▄┬▄мл▄LлM▄▄┬▄млкл▄KлM▄▄┬▄мл▀л▄лM▄▄┬B≥┬▄мKл▄LKлM▄▄х▄мLл▄L▀лM▄▄х▄мл▄LлM▄▄х▄мкл▄LклM▄▄хB≥┬▄мл▄LлMMн▄мLKл▄LклMMн▄мL▀л▄LлMMн▄м▀л▄L▀лMMнB≥┬▄м▀л▄L▀лMMл┬▄мL▀л▄LлMMл┬▄мLкл▄LKлMMл┬▄мKл▄LKлMMл┬B≥┬▄мMл▄LLлMMн▄мMKл▄LLKлMMн▄мM▀л▄LL▀лMMн▄мMкл▄LLклMMнB≥┬▄мNл▄LMлMMн▄мL▀л▄LлMMн▄мLKл▄LклMMн▄мNKл▄LMKлMMнB≥┬▄мNл▄LMлMMл┬▄мNKл▄LMKлMMл┬▄м▄л▄LM▀лMMл┬▄м▄Kл▄LMклMMл┬B≥┬▄мнл▄MлMMл┬▄лм▄Kл▄MклMMл┬▄лм▄кл▄NKлMMл┬▄м▄л▄LM▀лMMл┬B≥┬▄мNKл▄LMKлMMн▄мLKл▄LклMMн▄мл▄M▀лMMн▄ммкл▄LклMMнB≥┬▄мLKл▄LклMN▄мл▄LлMN▄м▀л▄NлMN▄мл▄M▀лMNB≥┬▄м█л▄лM▄█▄ммл▄LлM▄█▄м▄▀л▄LNлM▄█▄м▄кл▄нKлM▄█B≥┬▄млKл▄клM▄█H▄мл▀л▄лM▄█H▄м█л▄лM▄█H▄м▄Kл▄мклM▄█HB≥┬▄мKл▄LKлM▄█┬▄мкл▄LклM▄█┬▄мл▀л▄лM▄█┬▄млKл▄клM▄█┬B≥┬▄м▀л▄L▀лM▄█х▄мKл▄LKлM▄█х▄мкл▄LклM▄█х▄мKл▄LKлM▄█хB≥┬▄мLкл▄LKлMMл┬▄мMKл▄LLKлMMл┬▄мLл▄L▀лMMл┬▄мKл▄LKлMMл┬B≥┬▄мNл▄LMлMMн▄м▄кл▄LNKлMMн▄мLкл▄LKлMMн▄мL▀л▄LлMMнB≥┬▄м█л▄L▄лMMл┬▄м█Kл▄L▄KлMMл┬▄мM▀л▄LL▀лMMл┬▄м▄кл▄LNKлMMл┬B≥┬▄мLкл▄▌KлM▄▌▄м█▀л▄L▄▀лM▄▌▄м█▀л▄▀лM▄▌▄мMл▄ллM▄▌B≥┬▄м█▀л▄▀лM█л▄лл▀лNNMNлM█л▄м█кл▄L▄клM█л▄м█кл▄клM█лB≥┬▄м█кл▄клM█лх▄м█кл▄L▄клM█лх▄лм▄▀л▄NлM█лх▄мм▀л▄L▀лM█лхB≥┬▄мNл▄LMлMMлх▄м▄Kл▄LMклMMлх▄м█л▄L▄лMMлх▄м▄кл▄LNKлMMлхB≥┬▄ммкл▄LклMMл┬▄мнл▄MлMMл┬▄м▄л▄LM▀лMMл┬▄мNKл▄LMKлMMл┬B≥┬▄м▌л▄L█лMлх▄мKл▄█KлMлх▄м▌Kл▄L█KлMлх▄млл▄L█▀лMлхB≥┬▄млKл▄L█клMл▄мл▀л▄L▌лMл▄млкл▄L▌KлMл▄ммл▄LллMлB≥┬▄мл▀л▄L▌лMлH▄ммKл▄LлKлMлH▄мм▀л▄Lл▀лMлH▄млкл▄L▌KлMлHB≥┬▄ммKл▄LлKлMл┬▄ммкл▄LлклMл┬▄мнл▄LмлMл┬▄мм▀л▄Lл▀лMл┬B≥┬▄ммкл▄LлклM▄лх▄мнKл▄LмKлM▄лх▄мл▄Lм▀лM▄лх▄мнл▄LмлM▄лхB≥┬▄мKл▄LмклM▄█▄м▀л▄LнлM▄█▄мл▄Lм▀лM▄█▄мнKл▄LмKлM▄█B≥┬▄мкл▄LнKлMлх▄мл▄MлMлх▄м▌л▄L█лMлх▄ммл▄LллMлхB≥┬▄мкл▄LнKлMл▄ммл▄LллMл▄млкл▄L▌KлMл▄мKл▄MKлMлB≥┬▄мKл▄MKлMлH▄млкл▄L▌KлMлH▄мм▀л▄Lл▀лMлH▄м▀л▄M▀лMлHB≥┬▄м▀л▄M▀лM▄мх▄мм▀л▄Lл▀лM▄мх▄мнл▄LмлM▄мх▄мкл▄MклM▄мхB≥┬▄мкл▄MклM▄н▄мнл▄LмлM▄н▄мл▄Lм▀лM▄н▄мл▄MлM▄нB≥┬▄мKл▄MKлMлL▄мLл▄M▀лMлL▄мл▄MлMлL▄мкл▄LнKлMлLB≥┬▄мLKл▄MклM▄H▄мL▀л▄MлM▄H▄мLл▄M▀лM▄H▄мKл▄MKлM▄HB≥┬▄мKл▄MKлMмх▄мкл▄LнKлMмх▄мKл▄MKлMмх▄мLкл▄MKлMмхB≥┬▄мLKл▄MклMлL┬▄мKл▄MKлMлL┬▄мLкл▄MKлMлL┬▄мMл▄MLлMлL┬B≥┬▄мLкл▄MKлMлLх▄мKл▄MKлMлLх▄м▀л▄M▀лMлLх▄мMKл▄MLKлMлLхB≥┬▄мMл▄MLлM█х▄мLкл▄MKлM█х▄мMKл▄MLKлM█х▄мM▀л▄ML▀лM█хB≥┬▄мMKл▄MLKлM█▄м▀л▄M▀лM█▄мкл▄MклM█▄мMкл▄MLклM█B≥┬▄мM▀л▄ML▀лM█H▄мMKл▄MLKлM█H▄мMкл▄MLклM█H▄мNл▄MMлM█HB≥┬▄мMкл▄MLклM█┬▄мкл▄MклM█┬▄мл▄MлM█┬▄мNKл▄MMKлM█┬B≥┬▄мNл▄MMлMлM▄мMкл▄MLклMлM▄мNKл▄MMKлMлM▄мLл▄MM▀лMлMB≥┬▄мNл▄MMлMMл┬▄мLл▄MM▀лMMл┬▄мLKл▄MMклMMл┬▄мL▀л▄MNлMMл┬B≥┬▄мLл▄MM▀лMMл┬▄мLкл▄MNKлMMл┬▄мMл▄LLлMMл┬▄мLKл▄MMклMMл┬B≥┬▄мLл▄M▄лMMн▄мLKл▄M▄KлMMн▄мL▀л▄MNлMMн▄мLKл▄MMклMMнB≥┬▄мLл▄M▄лMMл┬▄мл▄▄лMMл┬▄мL▀л▄M▄▀лMMл┬▄мLKл▄M▄KлMMл┬B≥┬▄мLKл▄M▄KлMMн▄мLKл▄MклMMн▄мMл▄MLлMMн▄мL▀л▄MNлMMнB≥┬▄мL▀л▄MNлMMл┬▄мMл▄MLлMMл┬▄мM▀л▄ML▀лMMл┬▄мNл▄MMлMMл┬B≥┬▄мл▄MлM▄L┬▄мл▄Lм▀лM▄L┬▄м▀л▄LнлM▄L┬▄мLкл▄M▄клM▄L┬B≥┬▄мNKл▄MMKлM▄▄┬▄мл▄MлM▄▄┬▄мLкл▄M▄клM▄▄┬▄мLл▄M█лM▄▄┬B≥┬▄мLл▄MM▀лM▄▄х▄мNKл▄MMKлM▄▄х▄мLл▄M█лM▄▄х▄мLкл▄MNKлM▄▄хB≥┬▄мLл▄M▄лMMн▄мLKл▄MMклMMн▄мMл▄LLлMMн▄мMкл▄LLклMMнB≥┬▄млKл▄L█клMлх▄ммл▄LллMлх▄м▌л▄L█лMлх▄млл▄L█▀лMлхB≥┬▄мLKл▄█клMлL▄мLл▄█▀лMлL▄мл▄MлMлL▄мLл▄M▀лMлLB≥┬▄мLл▄M▄лMMл┬▄мMкл▄LLклMMл┬▄мKл▄MклMMл┬▄мл▄▄лMMл┬B≥┬▄мLKл▄MклMMлх▄мLKл▄M▄KлMMлх▄мL▀л▄M▄▀лMMлх▄мL▀л▄MлMMлхB≥┬▄лмMKл▄LKлMMл┬▄мLKл▄M█KлMMл┬▄м█Kл▄L▄KлMMл┬▄м█л▄L▄лMMл┬B≥┬▄м█▀л▄▀лMM▄м█▀л▄L▄▀лMM▄ллклNNMNKлMM▄лл▀лNNMNлMMB≥┬▄м█л▄L▄лMMлх▄м▄Kл▄LMклMMлх▄лмM▀л▄L▀лMMлх▄лмMKл▄LKлMMлхB≥┬▄мнл▄MлM█нH▄мм▀л▄L▀лM█нH▄лм▄▀л▄NлM█нH▄лм▄Kл▄MклM█нHB≥┬▄м▄Kл▄LMклMMл┬▄м▄л▄LM▀лMMл┬▄лм▄кл▄NKлMMл┬▄лмM▀л▄L▀лMMл┬B≥┬▄мL▀л▄▌лMMл┬▄мл▄M▀лMMл┬▄мкл▄NKлMMл┬▄м▀л▄NлMMл┬B≥┬▄мL▀л▄MлMMлх▄мL▀л▄M▄▀лMMлх▄м▀л▄▄▀лMMлх▄мKл▄▄KлMMлхB≥┬▄м▌л▄L█лMлх▄мл▄MлMлх▄мLл▄█▀лMлх▄мKл▄█KлMлхB≥┬▄мLл▄M▀лM▄H▄мL▀л▄MлM▄H▄мKл▄▄KлM▄H▄мLKл▄█клM▄HB≥┬▄мL▀л▄M▄▀лMMл┬▄мл▄▄лMMл┬▄мкл▄NKлMMл┬▄м▀л▄▄▀лMMл┬B≥┬▄ллллNNN▀лMMл┬▄лмLкл▄KлMMл┬▄лм▄кл▄NKлMMл┬▄лм▄Kл▄MклMMл┬B≥┬▄ллKлNNMMклM█л▄ллNлNNMмлM█л▄м█кл▄L▄клM█л▄лл▀лNNMNлM█лB≥┬▄ллNлNNMмлM▌N▄лл▌лNNNлM▌N▄лм▄▀л▄NлM▌N▄м█кл▄L▄клM▌NB≥┬▄лмм▀л▄л▀лM▌L▄мл▄█лM▌L▄м▌Kл▄L█KлM▌L▄мKл▄█KлM▌LB≥┬▄лнкл▄нKлMлL▄лммкл▄лклMлL▄мLл▄█▀лMлL▄мLKл▄█клMлLB≥┬▄лмMл▄LлMMл┬▄лм▄л▄M▀лMMл┬▄мLKл▄M█KлMMл┬▄лмMKл▄LKлMMл┬B≥┬▄лмNл▄MлMMNH▄ллM▀лNNMл▀лMMNH▄лл█KлNNNKлMMNH▄лл█лNNNлMMNHB≥┬▄лмNKл▄MKлMMл▄лмNл▄MлMMл▄лл█лNNNлMMл▄лмлNNNM▀лMMлB≥┬▄лмKл▄KлMMлH▄лмNKл▄MKлMMлH▄лмлNNNM▀лMMлH▄лм▀лNNNNлMMлHB≥┬▄лнM▀л▄L▀лMMл┬▄мкл▄▄клMMл┬▄лмл▄лMMл┬▄лмкл▄клMMл┬B≥┬▄лммл▄ллMMм▄лл█▀лNNN▀лMMм▄лл█KлNNNKлMMм▄лмMкл▄LклMMмB≥┬▄лмKлNNNMклMMл┬▄лнM▀л▄L▀лMMл┬▄лмкл▄клMMл┬▄лм▀лNNNNлMMл┬B≥┬▄мкл▄▄клMMн▄мL▀л▄▌лMMн▄лм▄л▄M▀лMMн▄лмл▄лMMнB≥┬▄мLкл▄M▄клM▄L┬▄м▀л▄LнлM▄L┬▄ммл▄LлM▄L┬▄млкл▄KлM▄L┬B≥┬▄мLл▄M█лM▄▄┬▄мLкл▄M▄клM▄▄┬▄млкл▄KлM▄▄┬▄мл▄LлM▄▄┬B≥┬▄мLкл▄MNKлM▄▄х▄мLл▄M█лM▄▄х▄мл▄LлM▄▄х▄мLл▄L▀лM▄▄хB≥┬▄мLкл▄LKлMMн▄м▄кл▄LNKлMMн▄мM▀л▄LL▀лMMн▄мMKл▄LLKлMMнB≥┬▄м▀л▄LнлM▄█▄мKл▄LмклM▄█▄м▄▀л▄LNлM▄█▄ммл▄LлM▄█B≥┬▄мMл▄LLлMMл┬▄мLкл▄MNKлMMл┬▄мLл▄L▀лMMл┬▄мMKл▄LLKлMMл┬B≥┬▄мKл▄MклMMл┬▄мMкл▄LLклMMл┬▄мM▀л▄LL▀лMMл┬▄м█Kл▄L▄KлMMл┬B≥┬▄м▀л▄NлMMл┬▄мKл▄MклMMл┬▄м█Kл▄L▄KлMMл┬▄мLKл▄M█KлMMл┬B≥┬▄мL▀л▄▌лMMл┬▄м▀л▄NлMMл┬▄мLKл▄M█KлMMл┬▄лм▄л▄M▀лMMл┬B≥┬▄LNKлMмлMKлMMNH▄LMклMм█лклMMNH▄L█▀лMм▌▀лMMNH▄L█KлMм▌KлMMNHB≥┬▄L▄лMмлM▀лMMл▄LNKлMмлMKлMMл▄L█KлMм▌KлMMл▄LKлMм▌MклMMлB≥┬▄L▀лMмл▀лMMлH▄L▄лMмлM▀лMMлH▄LKлMм▌MклMMлH▄LклMм▌NKлMMлHB≥┬▄LMклMммLклMMл┬▄LLлMмм█лMMл┬▄LKлMмлKлMMл┬▄LлMмллMMл┬B≥┬▄LмKлMмллKлMMм▄L█клMм▌клMMм▄L█▀лMм▌▀лMMм▄LNлMмлMлMMмB≥┬▄L▀лMм▌NлMMл┬▄LMклMммLклMMл┬▄LлMмллMMл┬▄LклMм▌NKлMMл┬B≥┬▄LLлMмм█лMMн▄LLLклMмм▌KлMMн▄L▄KлMмлMклMMн▄LKлMмлKлMMнB≥┬▄L▄лMн█лM▄L┬▄LNклMннKлM▄L┬▄LLмKлMмнLKлM▄L┬▄LLмлMмнLлM▄L┬B≥┬▄L▄KлMн█KлM▄▄┬▄L▄лMн█лM▄▄┬▄LLмлMмнLлM▄▄┬▄LMKлMнKлM▄▄┬B≥┬▄L▄лMн▄лM▄▄х▄L▄KлMн█KлM▄▄х▄LMKлMнKлM▄▄х▄LMLKлMнклM▄▄хB≥┬▄LMMлMнLлMMн▄LM█лMн▄лMMн▄LMMклMнLклMMн▄LMM▀лMнL▀лMMнB≥┬▄LNклMннKлM▄█▄LN▀лMннлM▄█▄LM▄клMнNKлM▄█▄LLмKлMмнLKлM▄█B≥┬▄LMMKлMнLKлMMн▄L▄лMн▄лMMн▄LMLKлMнклMMн▄LMM▀лMнL▀лMMнB≥┬▄LL▀лMммNлMMл┬▄LMNлMнMлMMл┬▄LMMклMнLклMMл┬▄LM█▀лMн▄▀лMMл┬B≥┬▄LLклMммNKлMMл┬▄LL▀лMммNлMMл┬▄LM█▀лMн▄▀лMMл┬▄L▄LлMн█▀лMMл┬B≥┬▄LLLклMмм▌KлMMл┬▄LLклMммNKлMMл┬▄L▄LлMн█▀лMMл┬▄L▄KлMмлMклMMл┬B≥┬▄мLLл▄M█▀лMM▄мLLKл▄M█клMM▄мLL▀л▄M▌лMM▄мLLкл▄M▌KлMMB≥┬▄мLMл▄MллMMH▄мLMKл▄MлKлMMH▄мLM▀л▄Mл▀лMMH▄мLMкл▄MлклMMHB≥┬▄мLMKл▄MлKлMML▄мLNл▄MмлMML▄мLNKл▄MмKлMML▄мLM▀л▄Mл▀лMMLB≥┬▄мLNл▄MмлMMLH▄мL▄л▄Mм▀лMMLH▄мL▄Kл▄MмклMMLH▄мLNKл▄MмKлMMLHB≥┬▄мL▄л▄Mм▀лM█▌H▄мL▄▀л▄MнлM█▌H▄мL▄кл▄MнKлM█▌H▄мL▄Kл▄MмклM█▌HB≥┬▄мL█л▄NлMMLх▄мL█Kл▄NKлMMLх▄мL▄кл▄MнKлMMLх▄мL▄▀л▄MнлMMLхB≥┬▄мL█▀л▄N▀лMMM▄мL█кл▄NклMMM▄мLLл▄M█▀лMMM▄мLMкл▄MлклMMMB≥┬▄мL█▀л▄N▀лMMMH▄мLMкл▄MлклMMMH▄мLM▀л▄Mл▀лMMMH▄мL▌л▄NлMMMHB≥┬▄мL▌л▄NлMMM┬▄мLM▀л▄Mл▀лMMM┬▄мLNKл▄MмKлMMM┬▄мL▌Kл▄NKлMMM┬B≥┬▄мL▌Kл▄NKлMMMх▄мLNKл▄MмKлMMMх▄мL▄Kл▄MмклMMMх▄мLлл▄N▀лMMMхB≥┬▄мLлл▄N▀лMMN▄мL▄Kл▄MмклMMN▄мL▄кл▄MнKлMMN▄мLлKл▄NклMMNB≥┬▄мLл▀л▄NлMMNH▄мLлкл▄NKлMMNH▄мLмл▄NLлMMNH▄мLмKл▄NLKлMMNHB≥┬▄мLм▀л▄NL▀лMM▄▄мLмкл▄NLклMM▄▄мL█кл▄NклMM▄▄мL█▀л▄N▀лMM▄B≥┬▄мLнл▄NMлMM▄H▄мLнKл▄NMKлMM▄H▄мLмкл▄NLклMM▄H▄мLм▀л▄NL▀лMM▄HB≥┬▄мLм▀л▄NL▀лMM▄┬▄мL█▀л▄N▀лMM▄┬▄мL▌л▄NлMM▄┬▄мMл▄NM▀лMM▄┬B≥┬▄мLнл▄NMлMM▄х▄мLм▀л▄NL▀лMM▄х▄мMл▄NM▀лMM▄х▄мMKл▄NMклMM▄хB≥┬▄мMл▄NM▀лMM█▄мL▌л▄NлMM█▄мL▌Kл▄NKлMM█▄мM▀л▄NNлMM█B≥┬▄мMKл▄NMклMM█H▄мMл▄NM▀лMM█H▄мM▀л▄NNлMM█H▄мMкл▄NNKлMM█HB≥┬▄мM▀л▄NNлMM█┬▄мL▌Kл▄NKлMM█┬▄мLлл▄N▀лMM█┬▄мMл▄▄лMM█┬B≥┬▄мMкл▄NNKлMM█х▄мM▀л▄NNлMM█х▄мMл▄▄лMM█х▄мMKл▄▄KлMM█хB≥┬▄мMл▄▄лMM▌▄мLлл▄N▀лMM▌▄мLлKл▄NклMM▌▄мM▀л▄▄▀лMM▌B≥┬▄мMKл▄▄KлMM▌H▄мMл▄▄лMM▌H▄мM▀л▄▄▀лMM▌H▄мMкл▄▄клMM▌HB≥┬▄мMл▄▄лMMл▄мMKл▄▄KлMMл▄мLлкл▄NKлMMл▄мLл▀л▄NлMMлB≥┬▄мMLл▄▄▀лMMлH▄мMLKл▄▄клMMлH▄мMKл▄▄KлMMлH▄мMл▄▄лMMлHB≥┬▄мMKл▄▄KлMMл┬▄мMкл▄▄клMMл┬▄мML▀л▄▄лMMл┬▄мMLкл▄▄KлMMл┬B≥┬▄мMкл▄▄клMMл┬▄мMMл▄▄LлMMл┬▄мMMKл▄▄LKлMMл┬▄мML▀л▄▄лMMл┬B≥┬▄мMMKл▄▄LKлMMл┬▄мMM▀л▄▄L▀лMMл┬▄мMMкл▄▄LклMMл┬▄мMNл▄▄MлMMл┬B≥┬▄мMNKл▄▄MKлMMл┬▄мM▄л▄▄M▀лMMл┬▄мMLкл▄▄KлMMл┬▄мML▀л▄▄лMMл┬B≥┬▄мMNKл▄▄MKлMMл┬▄мM▄Kл▄▄MклMMл┬▄мM▄▀л▄▄NлMMл┬▄мM▄л▄▄M▀лMMл┬B≥┬▄мM▄кл▄▄NKлMMлх▄мM█л▄▄▄лMMлх▄мM█Kл▄▄▄KлMMлх▄мM▄Kл▄▄MклMMлхB≥┬▄мM▄л▄▄M▀лMMл┬▄мLнл▄NMлMMл┬▄мMKл▄NMклMMл┬▄мMLкл▄▄KлMMл┬B≥┬▄мMLкл▄▄KлMMл┬▄мMKл▄NMклMMл┬▄мMкл▄NNKлMMл┬▄мMKл▄▄KлMMл┬B≥┬▄мM█▀л▄▄▄▀лMMм▄мLмл▄NLлMMм▄мL█Kл▄NKлMMм▄мL█л▄NлMMмB≥┬▄мLлKл▄NклMMмH▄мL▄кл▄MнKлMMмH▄мL█Kл▄NKлMMмH▄мM█кл▄▄▄клMMмHB≥┬▄мM▀л▄▄▀лMMм┬▄мLлKл▄NклMMм┬▄мM█кл▄▄▄клMMм┬▄мM▌л▄▄█лMMм┬B≥┬▄мMкл▄▄клMMмх▄мM▀л▄▄▀лMMмх▄мM▌л▄▄█лMMмх▄мMMл▄▄LлMMмхB≥┬▄мMLKл▄▄клMMл┬▄мMM▀л▄▄L▀лMMл┬▄мMMKл▄▄LKлMMл┬▄мMMл▄▄LлMMл┬B≥┬▄мMNKл▄▄MKлMMл┬▄мML▀л▄▄лMMл┬▄мMMKл▄▄LKлMMл┬▄мMNл▄▄MлMMл┬B≥┬▄мMMкл▄▄LклMMн▄мM▌Kл▄▄█KлMMн▄мM▄кл▄▄NKлMMн▄мMNл▄▄MлMMнB≥┬▄мLMл▄MллMM▄мLMкл▄MлклMM▄мLLл▄M█▀лMM▄мLLкл▄M▌KлMMB≥┬▄мMлл▄▄█▀лMMнH▄мMлKл▄▄█клMMнH▄мLмкл▄NLклMMнH▄мLнKл▄NMKлMMнHB≥┬▄мM█Kл▄▄▄KлMMл┬▄мMл▀л▄▄▌лMMл┬▄мM▄▀л▄▄NлMMл┬▄мM▄Kл▄▄MклMMл┬B≥┬▄мMNKл▄▄MKлMN▄мMNл▄▄MлMN▄мM▄кл▄▄NKлMN▄мM▄Kл▄▄MклMNB≥┬▄мLнл▄NMлMMн▄мM▄л▄▄M▀лMMн▄мM▄▀л▄▄NлMMн▄мLнKл▄NMKлMMнB≥┬▄мMлкл▄▄▌KлMNH▄мMмл▄▄ллMNH▄мMмKл▄▄лKлMNH▄мMм▀л▄▄л▀лMNHB≥┬▄мMм▀л▄▄л▀лMN┬▄мMмKл▄▄лKлMN┬▄мMмкл▄▄лклMN┬▄мMнл▄▄млMN┬B≥┬▄мMнл▄▄млMNх▄мMмкл▄▄лклMNх▄мMнKл▄▄мKлMNх▄мNл▄▄м▀лMNхB≥┬▄мNл▄▄м▀лMN▄мMнKл▄▄мKлMN▄мNKл▄▄мклMN▄мN▀л▄▄нлMNB≥┬▄мNкл▄▄нKлMMм▄мN▀л▄▄нлMMм▄мNKл▄▄мклMMм▄мLмKл▄NLKлMMмB≥┬▄мNл▄█лMNH▄мMмл▄▄ллMNH▄мNKл▄█KлMNH▄мN▀л▄█▀лMNHB≥┬▄мNл▄█лMN┬▄мNкл▄█клMN┬▄мMмKл▄▄лKлMN┬▄мMмл▄▄ллMN┬B≥┬▄мNкл▄█клMNх▄мNл▄█лMNх▄мMмкл▄▄лклMNх▄мMмKл▄▄лKлMNхB≥┬▄мNл▄█лMN▄мNKл▄█KлMN▄мMнKл▄▄мKлMN▄мMмкл▄▄лклMNB≥┬▄мNKл▄█KлMNH▄мNLл▄█▀лMNH▄мNKл▄▄мклMNH▄мMнKл▄▄мKлMNHB≥┬▄мNLKл▄█клMNL▄мNл▄█лMNL▄мN▀л▄█▀лMNL▄мNL▀л▄█лMNLB≥┬▄мNLкл▄█KлMNLH▄мNLKл▄█клMNLH▄мNL▀л▄█лMNLH▄мNMл▄█LлMNLHB≥┬▄мNLKл▄█клMNL┬▄мNMKл▄█LKлMNL┬▄мNкл▄█клMNL┬▄мNл▄█лMNL┬B≥┬▄мNLкл▄█KлMNLх▄мNM▀л▄█L▀лMNLх▄мNMKл▄█LKлMNLх▄мNLKл▄█клMNLхB≥┬▄мNMKл▄█LKлMNM▄мNMкл▄█LклMNM▄мNл▄█лMNM▄мNкл▄█клMNMB≥┬▄мNM▀л▄█L▀лMNMH▄мNNл▄█MлMNMH▄мNMкл▄█LклMNMH▄мNMKл▄█LKлMNMHB≥┬▄мNMкл▄█LклMNM┬▄мNNKл▄█MKлMNM┬▄мNKл▄█KлMNM┬▄мNл▄█лMNM┬B≥┬▄мNNл▄█MлMNMх▄м▄л▄█M▀лMNMх▄мNNKл▄█MKлMNMх▄мNMкл▄█LклMNMхB≥┬▄мNNKл▄█MKлMNN▄м▄Kл▄█MклMNN▄мNLл▄█▀лMNN▄мNKл▄█KлMNNB≥┬▄м▄л▄█M▀лMлMH▄м▄▀л▄█NлMлMH▄м▄Kл▄█MклMлMH▄мNNKл▄█MKлMлMHB≥┬▄м▄л▄█M▀лMMлх▄м▄кл▄█NKлMMлх▄м▄л▄█▄лMMлх▄м▄▀л▄█NлMMлхB≥┬▄м▄▀л▄█NлMMл┬▄м▄л▄█▄лMMл┬▄м▄Kл▄█▄KлMMл┬▄мMLл▄▄▀лMMл┬B≥┬▄м▄▀л▄█▄▀лMMл┬▄м▄л▄█▄лMMл┬▄м▄кл▄█NKлMMл┬▄м▄кл▄█▄клMMл┬B≥┬▄м▄▀л▄█▄▀лMMл┬▄м▄кл▄█▄клMMл┬▄м▄л▄██лMMл┬▄м▄Kл▄██KлMMл┬B≥┬▄м▄Lл▄██▀лMMл┬▄м▄LKл▄██клMMл┬▄м▄L▀л▄█▌лMMл┬▄м▄Lкл▄█▌KлMMл┬B≥┬▄мNMл▄█LлMMлх▄м▄Mл▄█ллMMлх▄м▄MKл▄█лKлMMлх▄м▄л▄██лMMлхB≥┬▄м▄кл▄█▄клMMл┬▄м▄кл▄█NKлMMл┬▄мNM▀л▄█L▀лMMл┬▄мNLкл▄█KлMMл┬B≥┬▄м▄кл▄█NKлMMлх▄м▄л▄█M▀лMMлх▄мNNл▄█MлMMлх▄мNM▀л▄█L▀лMMлхB≥┬▄мNLл▄█▀лMMNH▄мLл▀л▄NлMMNH▄мLмKл▄NLKлMMNH▄мNKл▄▄мклMMNHB≥┬▄м▄Kл▄█MклMMл▄мMл▄▄лMMл▄мLл▀л▄NлMMл▄мNLл▄█▀лMMлB≥┬▄м▄▀л▄█NлMMлH▄мMLл▄▄▀лMMлH▄мMл▄▄лMMлH▄м▄Kл▄█MклMMлHB≥┬▄м▄▀л▄█▄▀лMMл┬▄м▄M▀л▄█л▀лMMл┬▄м▄Kл▄█▄KлMMл┬▄м▄л▄█▄лMMл┬B≥┬▄мMлкл▄▄▌KлM▄▄м▄Mкл▄█лклM▄▄мNKл▄█KлM▄▄мMмл▄▄ллM▄B≥┬▄мNKл▄█KлMNH▄м▄Nл▄█млMNH▄м▄NKл▄█мKлMNH▄мN▀л▄█▀лMNHB≥┬▄мNL▀л▄█лM▄H▄м▄▄л▄█м▀лM▄H▄м▄Mл▄█ллM▄H▄мNMл▄█LлM▄HB≥┬▄м▄л▄██лMMл┬▄м▄MKл▄█лKлMMл┬▄м▄L▀л▄█▌лMMл┬▄м▄Kл▄██KлMMл┬B≥┬▄м▄▀л▄█▄▀лMMн▄м▄Kл▄██KлMMн▄м▄▄Kл▄█мклMMн▄м▄M▀л▄█л▀лMMнB≥┬▄мNLкл▄█KлMN▄мNMл▄█LлMN▄м▄л▄██лMN▄м▄кл▄█▄клMNB≥┬▄м▄▄▀л▄█нлM▄┬▄м▄▄кл▄█нKлM▄┬▄м▄█л▄▌лM▄┬▄м▄█Kл▄▌KлM▄┬B≥┬▄м▄█Kл▄▌KлM▄х▄м▄█л▄▌лM▄х▄м▄█▀л▄▌▀лM▄х▄м▄█кл▄▌клM▄хB≥┬▄м▄█кл▄▌клM▌Lх▄м▄█▀л▄▌▀лM▌Lх▄м▄▌л▄▌лM▌Lх▄м▄▌Kл▄▌KлM▌LхB≥┬▄м▄▌Kл▄▌KлM▌M▄м▄▌л▄▌лM▌M▄м▄лл▄▌▀лM▌M▄м▄лKл▄▌клM▌MB≥┬▄м▄л▀л▄▌лM▄┬▄м▄лKл▄▌клM▄┬▄м▄лл▄▌▀лM▄┬▄м▄лкл▄▌KлM▄┬B≥┬▄м▄мл▄▌LлM▄х▄м▄▄кл▄█нKлM▄х▄м▄мKл▄▌LKлM▄х▄м▄м▀л▄▌L▀лM▄хB≥┬▄м▄мл▄▌LлM▄▄м▄мкл▄▌LклM▄▄м▄█л▄▌лM▄▄м▄▄кл▄█нKлM▄B≥┬▄м▄мкл▄▌LклM▄H▄м▄нл▄▌MлM▄H▄м▄█▀л▄▌▀лM▄H▄м▄█л▄▌лM▄HB≥┬▄м▄нл▄▌MлM▄L▄м▄нKл▄▌MKлM▄L▄м▄▌л▄▌лM▄L▄м▄█▀л▄▌▀лM▄LB≥┬▄м▄нKл▄▌MKлM▄LH▄м█л▄▌M▀лM▄LH▄м▄лл▄▌▀лM▄LH▄м▄▌л▄▌лM▄LHB≥┬▄м█Kл▄▌MклM▄L┬▄м█▀л▄▌NлM▄L┬▄м█кл▄▌NKлM▄L┬▄м▄лкл▄▌KлM▄L┬B≥┬▄м█л▄ллM▄Lх▄м▄мл▄▌LлM▄Lх▄м▄м▀л▄▌L▀лM▄Lх▄м█Kл▄лKлM▄LхB≥┬▄м█▀л▄л▀лMMнH▄м█л▄ллMMнH▄м█Kл▄лKлMMнH▄м█кл▄лклMMнHB≥┬▄м█л▄ллMл▄▄м█л▄ллMл▄▄м▄мкл▄▌LклMл▄▄м▄мл▄▌LлMл▄B≥┬▄м█▀л▄л▀лM▄MH▄м█Kл▄лKлM▄MH▄м█л▄ллM▄MH▄м█л▄ллM▄MHB≥┬▄м█л▄ллM▄M┬▄м█Lл▄л▀лM▄M┬▄м▄нл▄▌MлM▄M┬▄м▄мкл▄▌LклM▄M┬B≥┬▄м█Kл▄лKлM▄Mх▄м█LKл▄лклM▄Mх▄м█Lл▄л▀лM▄Mх▄м█л▄ллM▄MхB≥┬▄м█Lл▄л▀лMл▄H▄м█L▀л▄ллMл▄H▄м▄нKл▄▌MKлMл▄H▄м▄нл▄▌MлMл▄HB≥┬▄м█LKл▄лклM▄NH▄м█Lкл▄лKлM▄NH▄м█L▀л▄ллM▄NH▄м█Lл▄л▀лM▄NHB≥┬▄м█L▀л▄ллM▄▄▄м█Mл▄лLлM▄▄▄м█л▄▌M▀лM▄▄▄м▄нKл▄▌MKлM▄▄B≥┬▄м█Lкл▄лKлMл┬▄м█MKл▄лLKлMл┬▄м█Mл▄лLлMл┬▄м█L▀л▄ллMл┬B≥┬▄м█M▀л▄лL▀лM▄▄┬▄м█Mкл▄лLклM▄▄┬▄м█▀л▄▌NлM▄▄┬▄м█Kл▄▌MклM▄▄┬B≥┬▄м█Nл▄лMлM▄▄х▄м█NKл▄лMKлM▄▄х▄м█Mкл▄лLклM▄▄х▄м█M▀л▄лL▀лM▄▄хB≥┬▄м█Lкл▄лKлMMл┬▄м█▄л▄лM▀лMMл┬▄м█▄Kл▄лMклMMл┬▄м█MKл▄лLKлMMл┬B≥┬▄м█MKл▄лLKлMMл┬▄м█▄Kл▄лMклMMл┬▄м█▄▀л▄лNлMMл┬▄м█Nл▄лMлMMл┬B≥┬▄м█▄кл▄лNKлMMн▄м██л▄л▄лMMн▄м██Kл▄л▄KлMMн▄м██▀л▄л▄▀лMMнB≥┬▄м██кл▄л▄клMMн▄м█▄Kл▄лMклMMн▄м█▄л▄лM▀лMMн▄м█▌л▄л█лMMнB≥┬▄м██кл▄л▄клMMл┬▄м█▌л▄л█лMMл┬▄м█▌Kл▄л█KлMMл┬▄м█лл▄л█▀лMMл┬B≥┬▄м█кл▄лклMMл┬▄мMлл▄▄█▀лMMл┬▄мMл▀л▄▄▌лMMл┬▄м█▌Kл▄л█KлMMл┬B≥┬▄м█▌л▄л█лMMн▄м█▄л▄лM▀лMMн▄м█Kл▄лKлMMн▄м█▀л▄л▀лMMнB≥┬▄м█▄л▄лM▀лMMл┬▄м█Lкл▄лKлMMл┬▄м█LKл▄лклMMл┬▄м█Kл▄лKлMMл┬B≥┬▄м▄лкл▄▌KлM▄█▄м█кл▄▌NKлM▄█▄м█лKл▄л█клM▄█▄м▄л▀л▄▌лM▄█B≥┬▄м█л▄▌M▀лM▄█H▄м█Kл▄▌MклM▄█H▄м▄лкл▄▌KлM▄█H▄м▄лл▄▌▀лM▄█HB≥┬▄м█Mл▄лLлM▄█┬▄м█M▀л▄лL▀лM▄█┬▄м█Kл▄▌MклM▄█┬▄м█л▄▌M▀лM▄█┬B≥┬▄м█MKл▄лLKлM▄█х▄м█Nл▄лMлM▄█х▄м█M▀л▄лL▀лM▄█х▄м█Mл▄лLлM▄█хB≥┬▄м█▄▀л▄лNлMMл┬▄м██л▄л▄лMMл┬▄м█NKл▄лMKлMMл┬▄м█Nл▄лMлMMл┬B≥┬▄м██кл▄л▄клMMн▄м█л▀л▄л▌лMMн▄м█▄▀л▄лNлMMн▄м█▄Kл▄лMклMMнB≥┬▄м█лкл▄л▌KлMMл┬▄м█мл▄лллMMл┬▄м██Kл▄л▄KлMMл┬▄м█л▀л▄л▌лMMл┬B≥┬▄м▄▄▀л▄█нлM▄▌▄м█мKл▄ллKлM▄▌▄м▄мKл▄▌LKлM▄▌▄м▄▄кл▄█нKлM▄▌B≥┬▄м▄мKл▄▌LKлM▄х▄мLLKл▄M█клM▄х▄м█м▀л▄лл▀лM▄х▄м▄м▀л▄▌L▀лM▄хB≥┬▄м▄м▀л▄▌L▀лM▄Lх▄м█м▀л▄лл▀лM▄Lх▄мMлKл▄▄█клM▄Lх▄м█Kл▄лKлM▄LхB≥┬▄м██кл▄л▄клMMлх▄м█лл▄л█▀лMMлх▄м█лкл▄л▌KлMMлх▄м█л▀л▄л▌лMMлхB≥┬▄м█▀л▄л▀лMMл┬▄м█кл▄лклMMл┬▄м█▌Kл▄л█KлMMл┬▄м█▌л▄л█лMMл┬B≥┬▄м█мкл▄ллклM▄▌H▄м▄Nл▄█млM▄▌H▄м█нл▄лмлM▄▌H▄м█нKл▄лмKлM▄▌HB≥┬▄м▌л▄лм▀лM▄л▄м▌Kл▄лмклM▄л▄м▌▀л▄лнлM▄л▄м▌кл▄лнKлM▄лB≥┬▄м▌Kл▄лмклM▄лH▄м▌л▄млM▄лH▄м▌Kл▄мKлM▄лH▄м▌▀л▄лнлM▄лHB≥┬▄м▌л▄млMл┬▄м▌▀л▄м▀лMл┬▄м▌кл▄мклMл┬▄м▌Kл▄мKлMл┬B≥┬▄м▌▀л▄м▀лM▄лх▄м▌л▄млM▄лх▄м▌Kл▄мKлM▄лх▄м▌кл▄мклM▄лхB≥┬▄м▌Lл▄м▀лM▄█▄м▌LKл▄мклM▄█▄м▌Kл▄мKлM▄█▄м▌л▄млM▄█B≥┬▄м▌L▀л▄млM▄м▄м▌Lкл▄мKлM▄м▄м█мкл▄ллклM▄м▄м▌кл▄лнKлM▄мB≥┬▄м▌L▀л▄млM▄мH▄м▌кл▄лнKлM▄мH▄м▌▀л▄лнлM▄мH▄м▌Mл▄мLлM▄мHB≥┬▄м▌Mл▄мLлM▄м┬▄м▌▀л▄лнлM▄м┬▄м▌Kл▄мKлM▄м┬▄м▌MKл▄мLKлM▄м┬B≥┬▄м▌MKл▄мLKлM▄мх▄м▌Kл▄мKлM▄мх▄м▌кл▄мклM▄мх▄м▌M▀л▄мL▀лM▄мхB≥┬▄м▌M▀л▄мL▀лM▄н▄м▌кл▄мклM▄н▄м▌Kл▄мKлM▄н▄м▌Mкл▄мLклM▄нB≥┬▄м▌Nл▄мMлM▄нH▄м▌NKл▄мMKлM▄нH▄м▌Lкл▄мKлM▄нH▄м▌L▀л▄млM▄нHB≥┬▄млл▄мM▀лM▄H▄млKл▄мMклM▄H▄м▌NKл▄мMKлM▄H▄м▌Nл▄мMлM▄HB≥┬▄м▌Nл▄мMлM█▄м▌L▀л▄млM█▄м▌Mл▄мLлM█▄мл▀л▄мNлM█B≥┬▄млл▄мM▀лM█H▄м▌Nл▄мMлM█H▄мл▀л▄мNлM█H▄млкл▄мNKлM█HB≥┬▄мл▀л▄мNлM█┬▄м▌Mл▄мLлM█┬▄м▌MKл▄мLKлM█┬▄млл▄м▄лM█┬B≥┬▄млкл▄мNKлM█х▄мл▀л▄мNлM█х▄млл▄м▄лM█х▄млKл▄м▄KлM█хB≥┬▄млл▄м▄лM█▄м▌MKл▄мLKлM█▄м▌M▀л▄мL▀лM█▄мл▀л▄м▄▀лM█B≥┬▄млKл▄м▄KлM█H▄млл▄м▄лM█H▄мл▀л▄м▄▀лM█H▄млкл▄м▄клM█HB≥┬▄мл▀л▄м▄▀лM█┬▄м▌M▀л▄мL▀лM█┬▄м▌Mкл▄мLклM█┬▄млл▄м█лM█┬B≥┬▄млкл▄м▄клMлM▄мл▀л▄м▄▀лMлM▄млл▄м█лMлM▄млKл▄м█KлMлMB≥┬▄млкл▄м▄клMMл┬▄млKл▄м█KлMMл┬▄млLл▄м█▀лMMл┬▄млLKл▄м█клMMл┬B≥┬▄млKл▄м█KлMMл┬▄млL▀л▄м▌лMMл┬▄м█▄кл▄лNKлMMл┬▄млLл▄м█▀лMMл┬B≥┬▄млLкл▄м▌KлMMн▄млMл▄мллMMн▄млLKл▄м█клMMн▄млLл▄м█▀лMMнB≥┬▄млLкл▄м▌KлMMл┬▄м▄Lкл▄█▌KлMMл┬▄млMKл▄млKлMMл┬▄млMл▄мллMMл┬B≥┬▄млMл▄мллMMн▄млл▄мM▀лMMн▄млкл▄мNKлMMн▄млLKл▄м█клMMнB≥┬▄млLKл▄м█клMMл┬▄млкл▄мNKлMMл┬▄млKл▄м▄KлMMл┬▄млкл▄м▄клMMл┬B≥┬▄м▌Mкл▄мLклM▄L┬▄м▌Kл▄мKлM▄L┬▄м▌LKл▄мклM▄L┬▄млM▀л▄мл▀лM▄L┬B≥┬▄млл▄м█лM▄▄┬▄м▌Mкл▄мLклM▄▄┬▄млM▀л▄мл▀лM▄▄┬▄млMкл▄млклM▄▄┬B≥┬▄млKл▄м█KлM▄▄х▄млл▄м█лM▄▄х▄млMкл▄млклM▄▄х▄млL▀л▄м▌лM▄▄хB≥┬▄млLкл▄м▌KлMMн▄млLл▄м█▀лMMн▄м█▄кл▄лNKлMMн▄м██▀л▄л▄▀лMMнB≥┬▄м▌л▄лм▀лM▄▌H▄м▌кл▄лнKлM▄▌H▄м█мкл▄ллклM▄▌H▄м█нKл▄лмKлM▄▌HB≥┬▄м▄▄л▄█м▀лM▄нH▄м▄NKл▄█мKлM▄нH▄м▌Lкл▄мKлM▄нH▄м▌NKл▄мMKлM▄нHB≥┬▄млLкл▄м▌KлMMл┬▄м██▀л▄л▄▀лMMл┬▄м▄Lл▄██▀лMMл┬▄м▄Lкл▄█▌KлMMл┬B≥┬▄млл▄мM▀лMMлх▄млMл▄мллMMлх▄млMKл▄млKлMMлх▄млKл▄мMклMMлхB≥┬▄мM█л▄▄▄лMMл┬▄млNл▄ммлMMл┬▄м█мл▄лллMMл┬▄м█лкл▄л▌KлMMл┬B≥┬▄мM█кл▄▄▄клMMNH▄мL█Kл▄NKлMMNH▄мLмл▄NLлMMNH▄мLлкл▄NKлMMNHB≥┬▄мM▌л▄▄█лMMл▄мM█кл▄▄▄клMMл▄мLлкл▄NKлMMл▄мMKл▄▄KлMMлB≥┬▄мMMл▄▄LлMMлH▄мM▌л▄▄█лMMлH▄мMKл▄▄KлMMлH▄мMLKл▄▄клMMлHB≥┬▄м▄Kл▄█▄KлMMл┬▄м▄M▀л▄█л▀лMMл┬▄мMMкл▄▄LклMMл┬▄мMM▀л▄▄L▀лMMл┬B≥┬▄мNкл▄▄нKлMMм▄мLмKл▄NLKлMMм▄мLмл▄NLлMMм▄мM█▀л▄▄▄▀лMMмB≥┬▄мMLл▄▄▀лMMл┬▄м▄Kл▄█▄KлMMл┬▄мMM▀л▄▄L▀лMMл┬▄мMLKл▄▄клMMл┬B≥┬▄м▄M▀л▄█л▀лMMн▄м▄▄Kл▄█мклMMн▄мM▌Kл▄▄█KлMMн▄мMMкл▄▄LклMMнB≥┬▄млM▀л▄мл▀лM▄L┬▄м▌LKл▄мклM▄L┬▄м█кл▄▌NKлM▄L┬▄м█▀л▄▌NлM▄L┬B≥┬▄млMкл▄млклM▄▄┬▄млM▀л▄мл▀лM▄▄┬▄м█▀л▄▌NлM▄▄┬▄м█Mкл▄лLклM▄▄┬B≥┬▄млL▀л▄м▌лM▄▄х▄млMкл▄млклM▄▄х▄м█Mкл▄лLклM▄▄х▄м█NKл▄лMKлM▄▄хB≥┬▄м█▄▀л▄лNлMMн▄м█л▀л▄л▌лMMн▄м██Kл▄л▄KлMMн▄м██л▄л▄лMMнB≥┬▄м▌LKл▄мклM▄█▄м▌Lл▄м▀лM▄█▄м█лKл▄л█клM▄█▄м█кл▄▌NKлM▄█B≥┬▄м█▄кл▄лNKлMMл┬▄млL▀л▄м▌лMMл┬▄м█NKл▄лMKлMMл┬▄м██л▄л▄лMMл┬B≥┬▄м▄Lл▄██▀лMMл┬▄м██▀л▄л▄▀лMMл┬▄м██Kл▄л▄KлMMл┬▄м█мл▄лллMMл┬B≥┬▄м▄▄Kл▄█мклMMл┬▄м▄LKл▄██клMMл┬▄млNл▄ммлMMл┬▄мM▌Kл▄▄█KлMMл┬B≥┬▄м▄мKл▄▌LKлM▄▌▄м█мKл▄ллKлM▄▌▄мLL▀л▄M▌лM▄▌▄мLLKл▄M█клM▄▌B≥┬▄м█лкл▄л▌KлMMлх▄м█лл▄л█▀лMMлх▄мM█Kл▄▄▄KлMMлх▄мM█л▄▄▄лMMлхB≥┬▄м█кл▄лклMMнH▄м█Kл▄лKлMMнH▄мMлKл▄▄█клMMнH▄мMлл▄▄█▀лMMнHB≥┬▄м█лл▄л█▀лMMл┬▄м█▌Kл▄л█KлMMл┬▄мMл▀л▄▄▌лMMл┬▄мM█Kл▄▄▄KлMMл┬B≥┬▄м▄▄Kл▄█мклMMл┬▄м▄Kл▄██KлMMл┬▄м▄L▀л▄█▌лMMл┬▄м▄LKл▄██клMMл┬B≥┬▄млKл▄мMклMMлх▄млMKл▄млKлMMлх▄м▄MKл▄█лKлMMлх▄м▄Mл▄█ллMMлхB≥┬▄м█мкл▄ллклM▄м▄м▌Lкл▄мKлM▄м▄м▄NKл▄█мKлM▄м▄м▄Nл▄█млM▄мB≥┬▄м▌NKл▄мMKлM▄H▄млKл▄мMклM▄H▄м▄Mл▄█ллM▄H▄м▄▄л▄█м▀лM▄HB≥┬▄млMKл▄млKлMMл┬▄м▄Lкл▄█▌KлMMл┬▄м▄L▀л▄█▌лMMл┬▄м▄MKл▄█лKлMMл┬B≥┬▄мLнKл▄NMKлMMл┬▄мM▄▀л▄▄NлMMл┬▄мMл▀л▄▄▌лMMл┬▄мMлл▄▄█▀лMMл┬B≥┬▄мLLл▄M█▀лMMM▄мL█кл▄NклMMM▄м█м▀л▄лл▀лMMM▄мLLKл▄M█клMMMB≥┬▄мL█кл▄NклM▄Lх▄мLмкл▄NLклM▄Lх▄мMлKл▄▄█клM▄Lх▄м█м▀л▄лл▀лM▄LхB≥┬▄мNKл▄█KлM▄▄м▄Mкл▄█лклM▄▄м█нл▄лмлM▄▄м▄Nл▄█млM▄B≥┬▄мNL▀л▄█лM▄нH▄мN▀л▄█▀лM▄нH▄м▄NKл▄█мKлM▄нH▄м▄▄л▄█м▀лM▄нHB≥┬▄мM▄кл▄▄NKлMMл┬▄мM▌Kл▄▄█KлMMл┬▄млNл▄ммлMMл┬▄мM█л▄▄▄лMMл┬B≥┬▄м▄Lл▄██▀лMMл┬▄м█мл▄лллMMл┬▄млNл▄ммлMMл┬▄м▄LKл▄██клMMл┬B≥┬▄млNKл▄ммKлMM▄мл▄л▄мм▀лMM▄мл▄Kл▄ммклMM▄мл▄▀л▄мнлMMB≥┬▄мл▄кл▄мнKлMMH▄мл█л▄нлMMH▄мл█Kл▄нKлMMH▄мл█▀л▄н▀лMMHB≥┬▄мл█л▄нлMML▄мл█кл▄нклMML▄мл▌л▄нлMML▄мл█Kл▄нKлMMLB≥┬▄мл█кл▄нклMMLH▄мл▌Kл▄нKлMMLH▄мллл▄н▀лMMLH▄мл▌л▄нлMMLHB≥┬▄мл▌Kл▄нKлM█▌H▄мллKл▄нклM█▌H▄млл▀л▄нлM█▌H▄мллл▄н▀лM█▌HB≥┬▄мллкл▄нKлMMLх▄млмл▄нLлMMLх▄млл▀л▄нлMMLх▄мллKл▄нклMMLхB≥┬▄млмKл▄нLKлMMM▄млм▀л▄нL▀лMMM▄млNKл▄ммKлMMM▄мл█▀л▄н▀лMMMB≥┬▄млмKл▄нLKлMMMH▄мл█▀л▄н▀лMMMH▄мл█Kл▄нKлMMMH▄млмкл▄нLклMMMHB≥┬▄млмкл▄нLклMMM┬▄мл█Kл▄нKлMMM┬▄мл▌л▄нлMMM┬▄млнл▄нMлMMM┬B≥┬▄млнл▄нMлMMMх▄мл▌л▄нлMMMх▄мллл▄н▀лMMMх▄млнKл▄нMKлMMMхB≥┬▄млнKл▄нMKлMMN▄мллл▄н▀лMMN▄млл▀л▄нлMMN▄ммл▄нM▀лMMNB≥┬▄ммKл▄нMклMMNH▄мм▀л▄нNлMMNH▄ммкл▄нNKлMMNH▄ммл▄лMMNHB≥┬▄ммKл▄KлMM▄▄мм▀л▄▀лMM▄▄млм▀л▄нL▀лMM▄▄млмKл▄нLKлMM▄B≥┬▄ммкл▄клMM▄H▄ммл▄лMM▄H▄мм▀л▄▀лMM▄H▄ммKл▄KлMM▄HB≥┬▄ммKл▄KлMM▄┬▄млмKл▄нLKлMM▄┬▄млмкл▄нLклMM▄┬▄ммKл▄KлMM▄┬B≥┬▄ммкл▄клMM▄х▄ммKл▄KлMM▄х▄ммKл▄KлMM▄х▄ммLл▄▀лMM▄хB≥┬▄ммKл▄KлMM█▄млмкл▄нLклMM█▄млнл▄нMлMM█▄ммLKл▄клMM█B≥┬▄ммLл▄▀лMM█H▄ммKл▄KлMM█H▄ммLKл▄клMM█H▄ммL▀л▄лMM█HB≥┬▄ммLKл▄клMM█┬▄млнл▄нMлMM█┬▄млнKл▄нMKлMM█┬▄ммLкл▄KлMM█┬B≥┬▄ммL▀л▄лMM█х▄ммLKл▄клMM█х▄ммLкл▄KлMM█х▄ммMл▄LлMM█хB≥┬▄ммLкл▄KлMM▌▄млнKл▄нMKлMM▌▄ммл▄нM▀лMM▌▄ммMKл▄LKлMM▌B≥┬▄ммMл▄LлMM▌H▄ммLкл▄KлMM▌H▄ммMKл▄LKлMM▌H▄ммM▀л▄L▀лMM▌HB≥┬▄ммMкл▄LклMMл▄ммNл▄MлMMл▄мм▀л▄нNлMMл▄ммKл▄нMклMMлB≥┬▄ммNKл▄MKлMMлH▄мм▄л▄M▀лMMлH▄ммNл▄MлMMлH▄ммMкл▄LклMMлHB≥┬▄ммMл▄LлMMл┬▄ммM▀л▄L▀лMMл┬▄мм▄Kл▄MклMMл┬▄мм▄▀л▄NлMMл┬B≥┬▄ммM▀л▄L▀лMMл┬▄мм▄кл▄NKлMMл┬▄мм█л▄▄лMMл┬▄мм▄Kл▄MклMMл┬B≥┬▄мм█л▄▄лMMл┬▄мм█Kл▄▄KлMMл┬▄мм█▀л▄▄▀лMMл┬▄мм█кл▄▄клMMл┬B≥┬▄мм▌л▄█лMMл┬▄мм▌Kл▄█KлMMл┬▄мм▄▀л▄NлMMл┬▄мм▄Kл▄MклMMл┬B≥┬▄мм▌л▄█лMMл┬▄ммлл▄█▀лMMл┬▄ммлKл▄█клMMл┬▄мм▌Kл▄█KлMMл┬B≥┬▄ммл▀л▄▌лMMлх▄ммлкл▄▌KлMMлх▄мммл▄ллMMлх▄ммлл▄█▀лMMлхB≥┬▄мм▌Kл▄█KлMMл┬▄ммкл▄клMMл┬▄ммLл▄▀лMMл┬▄мм▄▀л▄NлMMл┬B≥┬▄мм▄▀л▄NлMMл┬▄ммLл▄▀лMMл┬▄ммL▀л▄лMMл┬▄ммMл▄LлMMл┬B≥┬▄мммKл▄лKлMMм▄ммкл▄нNKлMMм▄млмл▄нLлMMм▄мллкл▄нKлMMмB≥┬▄ммл▄нM▀лMMмH▄млл▀л▄нлMMмH▄млмл▄нLлMMмH▄ммм▀л▄л▀лMMмHB≥┬▄ммMKл▄LKлMMм┬▄ммл▄нM▀лMMм┬▄ммм▀л▄л▀лMMм┬▄мммкл▄лклMMм┬B≥┬▄ммM▀л▄L▀лMMмх▄ммMKл▄LKлMMмх▄мммкл▄лклMMмх▄мм▄кл▄NKлMMмхB≥┬▄мм▄л▄M▀лMMл┬▄мм█Kл▄▄KлMMл┬▄мм█л▄▄лMMл┬▄мм▄кл▄NKлMMл┬B≥┬▄мм▌л▄█лMMл┬▄мм▄Kл▄MклMMл┬▄мм█л▄▄лMMл┬▄мм█кл▄▄клMMл┬B≥┬▄мм█▀л▄▄▀лMMн▄ммнл▄млMMн▄ммл▀л▄▌лMMн▄мм█кл▄▄клMMнB≥┬▄мл▄кл▄мнKлMM▄мл█▀л▄н▀лMM▄млNKл▄ммKлMM▄мл▄▀л▄мнлMMB≥┬▄ммнKл▄мKлMMнH▄мнл▄м▀лMMнH▄мм▀л▄▀лMMнH▄ммл▄лMMнHB≥┬▄мммл▄ллMMл┬▄мнKл▄мклMMл┬▄ммлKл▄█клMMл┬▄ммлл▄█▀лMMл┬B≥┬▄мм▌л▄█лMN▄мм█кл▄▄клMN▄ммл▀л▄▌лMN▄ммлл▄█▀лMNB≥┬▄ммкл▄клMMн▄мм▌Kл▄█KлMMн▄ммлKл▄█клMMн▄ммл▄лMMнB≥┬▄мн▀л▄нлMNH▄мнкл▄нKлMNH▄мнл▄лMNH▄мнKл▄KлMNHB≥┬▄мнKл▄KлMN┬▄мнл▄лMN┬▄мн▀л▄▀лMN┬▄мнкл▄клMN┬B≥┬▄мнкл▄клMNх▄мн▀л▄▀лMNх▄мнл▄лMNх▄мнKл▄KлMNхB≥┬▄мнKл▄KлMN▄мнл▄лMN▄мнLл▄▀лMN▄мнLKл▄клMNB≥┬▄мнL▀л▄лMMм▄мнLKл▄клMMм▄мнLл▄▀лMMм▄ммл▄лMMмB≥┬▄мнLкл▄KлMNH▄мнкл▄нKлMNH▄мнMл▄LлMNH▄мнMKл▄LKлMNHB≥┬▄мнLкл▄KлMN┬▄мнM▀л▄L▀лMN┬▄мнл▄лMN┬▄мнкл▄нKлMN┬B≥┬▄мнM▀л▄L▀лMNх▄мнMкл▄LклMNх▄мн▀л▄▀лMNх▄мнл▄лMNхB≥┬▄мнMкл▄LклMN▄мнNл▄MлMN▄мнл▄лMN▄мн▀л▄▀лMNB≥┬▄мнNл▄MлMNH▄мнNKл▄MKлMNH▄мнLл▄▀лMNH▄мнл▄лMNHB≥┬▄нл▄M▀лMNL▄мнLкл▄KлMNL▄мнMKл▄LKлMNL▄нKл▄MклMNLB≥┬▄н▀л▄NлMNLH▄нл▄M▀лMNLH▄нKл▄MклMNLH▄нкл▄NKлMNLHB≥┬▄нл▄M▀лMNL┬▄нл▄▄лMNL┬▄мнM▀л▄L▀лMNL┬▄мнLкл▄KлMNL┬B≥┬▄н▀л▄NлMNLх▄нKл▄▄KлMNLх▄нл▄▄лMNLх▄нл▄M▀лMNLхB≥┬▄нл▄▄лMNM▄н▀л▄▄▀лMNM▄мнMкл▄LклMNM▄мнM▀л▄L▀лMNMB≥┬▄нKл▄▄KлMNMH▄нкл▄▄клMNMH▄н▀л▄▄▀лMNMH▄нл▄▄лMNMHB≥┬▄н▀л▄▄▀лMNM┬▄нл▄█лMNM┬▄мнNл▄MлMNM┬▄мнMкл▄LклMNM┬B≥┬▄нкл▄▄клMNMх▄нKл▄█KлMNMх▄нл▄█лMNMх▄н▀л▄▄▀лMNMхB≥┬▄нл▄█лMNN▄нLл▄█▀лMNN▄мнNKл▄MKлMNN▄мнNл▄MлMNNB≥┬▄нKл▄█KлMлMH▄нLKл▄█клMлMH▄нLл▄█▀лMлMH▄нл▄█лMлMHB≥┬▄нKл▄█KлMMлх▄нL▀л▄▌лMMлх▄нLкл▄▌KлMMлх▄нLKл▄█клMMлхB≥┬▄нLKл▄█клMMл┬▄нLкл▄▌KлMMл┬▄нMл▄ллMMл┬▄ммNKл▄MKлMMл┬B≥┬▄нMKл▄лKлMMл┬▄нLкл▄▌KлMMл┬▄нL▀л▄▌лMMл┬▄нM▀л▄л▀лMMл┬B≥┬▄нMKл▄лKлMMл┬▄нM▀л▄л▀лMMл┬▄нMкл▄лклMMл┬▄нNл▄млMMл┬B≥┬▄нNKл▄мKлMMл┬▄н▄л▄м▀лMMл┬▄н▄Kл▄мклMMл┬▄н▄▀л▄нлMMл┬B≥┬▄нкл▄NKлMMлх▄н▄кл▄нKлMMлх▄н█л▄лMMлх▄нMкл▄лклMMлхB≥┬▄нM▀л▄л▀лMMл┬▄нL▀л▄▌лMMл┬▄нKл▄▄KлMMл┬▄н▀л▄NлMMл┬B≥┬▄нL▀л▄▌лMMлх▄нKл▄█KлMMлх▄нкл▄▄клMMлх▄нKл▄▄KлMMлхB≥┬▄мнNKл▄MKлMMNH▄ммKл▄нMклMMNH▄ммл▄лMMNH▄мнLл▄▀лMMNHB≥┬▄нLл▄█▀лMMл▄ммMкл▄LклMMл▄ммKл▄нMклMMл▄мнNKл▄MKлMMлB≥┬▄нLKл▄█клMMлH▄ммNKл▄MKлMMлH▄ммMкл▄LклMMлH▄нLл▄█▀лMMлHB≥┬▄нMKл▄лKлMMл┬▄н█Kл▄KлMMл┬▄нMл▄ллMMл┬▄нLкл▄▌KлMMл┬B≥┬▄мн▀л▄нлM▄▄н█▀л▄▀лM▄▄мнMл▄LлM▄▄мнкл▄нKлM▄B≥┬▄мнMл▄LлMNH▄н█кл▄клMNH▄н▌л▄лMNH▄мнMKл▄LKлMNHB≥┬▄нKл▄MклM▄H▄н▌Kл▄KлM▄H▄н▄кл▄нKлM▄H▄нкл▄NKлM▄HB≥┬▄нMкл▄лклMMл┬▄н█л▄лMMл┬▄н▄Kл▄мклMMл┬▄нNл▄млMMл┬B≥┬▄нMKл▄лKлMMн▄нNл▄млMMн▄нлл▄▀лMMн▄н█Kл▄KлMMнB≥┬▄н▀л▄NлMN▄нкл▄NKлMN▄нMкл▄лклMN▄нM▀л▄л▀лMNB≥┬▄нлKл▄клM▄┬▄нл▀л▄лM▄┬▄нлкл▄KлM▄┬▄нмл▄LлM▄┬B≥┬▄нмл▄LлM▄х▄нлкл▄KлM▄х▄нмKл▄LKлM▄х▄нм▀л▄L▀лM▄хB≥┬▄нм▀л▄L▀лM▌Lх▄нмKл▄LKлM▌Lх▄нмкл▄LклM▌Lх▄ннл▄MлM▌LхB≥┬▄ннл▄MлM▌M▄нмкл▄LклM▌M▄ннKл▄MKлM▌M▄нл▄M▀лM▌MB≥┬▄нKл▄MклM▄┬▄нл▄M▀лM▄┬▄ннKл▄MKлM▄┬▄н▀л▄NлM▄┬B≥┬▄нкл▄NKлM▄х▄нл▀л▄лM▄х▄нл▄LлM▄х▄нKл▄LKлM▄хB≥┬▄нкл▄NKлM▄▄н▀л▄L▀лM▄▄нлкл▄KлM▄▄нл▀л▄лM▄B≥┬▄н▀л▄L▀лM▄H▄нкл▄LклM▄H▄нмKл▄LKлM▄H▄нлкл▄KлM▄HB≥┬▄нкл▄LклM▄L▄нл▄LлM▄L▄нмкл▄LклM▄L▄нмKл▄LKлM▄LB≥┬▄нл▄LлM▄LH▄нKл▄LKлM▄LH▄ннKл▄MKлM▄LH▄нмкл▄LклM▄LHB≥┬▄нLл▄L▀лM▄L┬▄нLKл▄LклM▄L┬▄нL▀л▄LлM▄L┬▄н▀л▄NлM▄L┬B≥┬▄нLкл▄LKлM▄Lх▄нкл▄NKлM▄Lх▄нKл▄LKлM▄Lх▄нMл▄LLлM▄LхB≥┬▄нMKл▄LLKлMMнH▄нLкл▄LKлMMнH▄нMл▄LLлMMнH▄нM▀л▄LL▀лMMнHB≥┬▄нLкл▄LKлMл▄▄нMкл▄LLклMл▄▄н▀л▄L▀лMл▄▄нкл▄NKлMл▄B≥┬▄нMKл▄LLKлM▄MH▄нNл▄LMлM▄MH▄нMкл▄LLклM▄MH▄нLкл▄LKлM▄MHB≥┬▄нMкл▄LLклM▄M┬▄нNKл▄LMKлM▄M┬▄нкл▄LклM▄M┬▄н▀л▄L▀лM▄M┬B≥┬▄нNл▄LMлM▄Mх▄н▄л▄LM▀лM▄Mх▄нNKл▄LMKлM▄Mх▄нMкл▄LLклM▄MхB≥┬▄нNKл▄LMKлMл▄H▄н▄Kл▄LMклMл▄H▄нл▄LлMл▄H▄нкл▄LклMл▄HB≥┬▄н▄л▄LM▀лM▄NH▄н▄▀л▄LNлM▄NH▄н▄Kл▄LMклM▄NH▄нNKл▄LMKлM▄NHB≥┬▄н▄Kл▄LMклM▄▄▄н▄кл▄LNKлM▄▄▄нKл▄LKлM▄▄▄нл▄LлM▄▄B≥┬▄н▄▀л▄LNлMл┬▄н█л▄L▄лMл┬▄н▄кл▄LNKлMл┬▄н▄Kл▄LMклMл┬B≥┬▄н█Kл▄L▄KлM▄▄┬▄н█▀л▄L▄▀лM▄▄┬▄нLKл▄LклM▄▄┬▄нLл▄L▀лM▄▄┬B≥┬▄н█кл▄L▄клM▄▄х▄н▌л▄L█лM▄▄х▄н█▀л▄L▄▀лM▄▄х▄н█Kл▄L▄KлM▄▄хB≥┬▄н▄▀л▄LNлMMл┬▄н▌Kл▄L█KлMMл┬▄нлл▄L█▀лMMл┬▄н█л▄L▄лMMл┬B≥┬▄н█л▄L▄лMMл┬▄нлл▄L█▀лMMл┬▄нлKл▄L█клMMл┬▄н█кл▄L▄клMMл┬B≥┬▄нл▀л▄L▌лMMн▄нлкл▄L▌KлMMн▄нмл▄LллMMн▄нмKл▄LлKлMMнB≥┬▄нм▀л▄Lл▀лMMн▄нлл▄L█▀лMMн▄н▌Kл▄L█KлMMн▄нмкл▄LлклMMнB≥┬▄нм▀л▄Lл▀лMMл┬▄нмкл▄LлклMMл┬▄ннл▄LмлMMл┬▄ннKл▄LмKлMMл┬B≥┬▄нM▀л▄LL▀лMMл┬▄ммнKл▄мKлMMл┬▄мнKл▄мклMMл┬▄ннл▄LмлMMл┬B≥┬▄нмкл▄LлклMMн▄н▌Kл▄L█KлMMн▄нNл▄LMлMMн▄нMKл▄LLKлMMнB≥┬▄н▌Kл▄L█KлMMл┬▄н▄▀л▄LNлMMл┬▄н▄л▄LM▀лMMл┬▄нNл▄LMлMMл┬B≥┬▄н▀л▄NлM▄█▄нL▀л▄LлM▄█▄нл▄Lм▀лM▄█▄нKл▄MклM▄█B≥┬▄нKл▄LKлM▄█H▄нLл▄L▀лM▄█H▄н▀л▄NлM▄█H▄ннKл▄MKлM▄█HB≥┬▄н▄кл▄LNKлM▄█┬▄н█Kл▄L▄KлM▄█┬▄нLл▄L▀лM▄█┬▄нKл▄LKлM▄█┬B≥┬▄н█л▄L▄лM▄█х▄н█кл▄L▄клM▄█х▄н█Kл▄L▄KлM▄█х▄н▄кл▄LNKлM▄█хB≥┬▄нлKл▄L█клMMл┬▄нлкл▄L▌KлMMл┬▄н▌л▄L█лMMл┬▄н█кл▄L▄клMMл┬B≥┬▄нм▀л▄Lл▀лMMн▄нKл▄LмклMMн▄нлKл▄L█клMMн▄нлл▄L█▀лMMнB≥┬▄н▀л▄LнлMMл┬▄нкл▄LнKлMMл┬▄нмл▄LллMMл┬▄нKл▄LмклMMл┬B≥┬▄нлKл▄клM▄▌▄нл▄MлM▄▌▄нл▄LлM▄▌▄нл▀л▄лM▄▌B≥┬▄нл▄LлM▄х▄мл▄л▄мм▀лM▄х▄нKл▄MKлM▄х▄нKл▄LKлM▄хB≥┬▄нKл▄LKлM▄Lх▄нKл▄MKлM▄Lх▄мнл▄м▀лM▄Lх▄нMл▄LLлM▄LхB≥┬▄нм▀л▄Lл▀лMMлх▄ннKл▄LмKлMMлх▄н▀л▄LнлMMлх▄нKл▄LмклMMлхB≥┬▄нMKл▄LLKлMMл┬▄нM▀л▄LL▀лMMл┬▄ннл▄LмлMMл┬▄нмкл▄LлклMMл┬B≥┬▄н▀л▄M▀лM▄▌H▄н█кл▄клM▄▌H▄нкл▄MклM▄▌H▄нл▄MлM▄▌HB≥┬▄нKл▄MKлM▄л▄нLл▄M▀лM▄л▄нLKл▄MклM▄л▄нL▀л▄MлM▄лB≥┬▄нLл▄M▀лM▄лH▄нLкл▄MKлM▄лH▄нMл▄MLлM▄лH▄нLKл▄MклM▄лHB≥┬▄нLкл▄MKлMл┬▄нMKл▄MLKлMл┬▄нM▀л▄ML▀лMл┬▄нMл▄MLлMл┬B≥┬▄нMKл▄MLKлM▄лх▄нMкл▄MLклM▄лх▄нNл▄MMлM▄лх▄нM▀л▄ML▀лM▄лхB≥┬▄нNKл▄MMKлM▄█▄нLл▄MM▀лM▄█▄нNл▄MMлM▄█▄нMкл▄MLклM▄█B≥┬▄нLKл▄MMклM▄м▄нL▀л▄MNлM▄м▄н▀л▄M▀лM▄м▄нL▀л▄MлM▄мB≥┬▄нLKл▄MMклM▄мH▄нL▀л▄MлM▄мH▄нLKл▄MклM▄мH▄нLкл▄MNKлM▄мHB≥┬▄нLкл▄MNKлM▄м┬▄нLKл▄MклM▄м┬▄нMл▄MLлM▄м┬▄нLл▄M▄лM▄м┬B≥┬▄нLл▄M▄лM▄мх▄нMл▄MLлM▄мх▄нM▀л▄ML▀лM▄мх▄нLKл▄M▄KлM▄мхB≥┬▄нLKл▄M▄KлM▄н▄нM▀л▄ML▀лM▄н▄нNл▄MMлM▄н▄нL▀л▄M▄▀лM▄нB≥┬▄нLкл▄M▄клM▄нH▄нLл▄M█лM▄нH▄нL▀л▄MNлM▄нH▄нLKл▄MMклM▄нHB≥┬▄нLKл▄M█KлM▄H▄нLLл▄M█▀лM▄H▄нLл▄M█лM▄H▄нLкл▄M▄клM▄HB≥┬▄нLкл▄M▄клM█▄нLKл▄MMклM█▄нLкл▄MNKлM█▄нLLKл▄M█клM█B≥┬▄нLKл▄M█KлM█H▄нLкл▄M▄клM█H▄нLLKл▄M█клM█H▄нLL▀л▄M▌лM█HB≥┬▄нLLKл▄M█клM█┬▄нLкл▄MNKлM█┬▄нLл▄M▄лM█┬▄нLLкл▄M▌KлM█┬B≥┬▄нLL▀л▄M▌лM█х▄нLLKл▄M█клM█х▄нLLкл▄M▌KлM█х▄нLMл▄MллM█хB≥┬▄нLLкл▄M▌KлM█▄нLл▄M▄лM█▄нLKл▄M▄KлM█▄нLMKл▄MлKлM█B≥┬▄нLMл▄MллM█H▄нLLкл▄M▌KлM█H▄нLMKл▄MлKлM█H▄нLM▀л▄Mл▀лM█HB≥┬▄нLMKл▄MлKлM█┬▄нLKл▄M▄KлM█┬▄нL▀л▄M▄▀лM█┬▄нLMкл▄MлклM█┬B≥┬▄нLM▀л▄Mл▀лMлM▄нLMKл▄MлKлMлM▄нLMкл▄MлклMлM▄нLNл▄MмлMлMB≥┬▄нLM▀л▄Mл▀лMMл┬▄нLNл▄MмлMMл┬▄нLNKл▄MмKлMMл┬▄нL▄л▄Mм▀лMMл┬B≥┬▄нLNл▄MмлMMл┬▄нL▄Kл▄MмклMMл┬▄нл▀л▄L▌лMMл┬▄нLNKл▄MмKлMMл┬B≥┬▄нL▄▀л▄MнлMMн▄нL▄кл▄MнKлMMн▄нL▄л▄Mм▀лMMн▄нLNKл▄MмKлMMнB≥┬▄нL▄▀л▄MнлMMл┬▄н▄▀л▄нлMMл┬▄нL█л▄NлMMл┬▄нL▄кл▄MнKлMMл┬B≥┬▄нL▄кл▄MнKлMMн▄нLKл▄M█KлMMн▄нLL▀л▄M▌лMMн▄нL▄л▄Mм▀лMMнB≥┬▄нL▄л▄Mм▀лMMл┬▄нLL▀л▄M▌лMMл┬▄нLMл▄MллMMл┬▄нLM▀л▄Mл▀лMMл┬B≥┬▄нL▀л▄M▄▀лM▄L┬▄нNл▄MMлM▄L┬▄нLл▄MM▀лM▄L┬▄нL█Kл▄NKлM▄L┬B≥┬▄нLMкл▄MлклM▄▄┬▄нL▀л▄M▄▀лM▄▄┬▄нL█Kл▄NKлM▄▄┬▄нL█▀л▄N▀лM▄▄┬B≥┬▄нLNл▄MмлM▄▄х▄нLMкл▄MлклM▄▄х▄нL█▀л▄N▀лM▄▄х▄нL▄Kл▄MмклM▄▄хB≥┬▄нL▄▀л▄MнлMMн▄нLNKл▄MмKлMMн▄нл▀л▄L▌лMMн▄нмKл▄LлKлMMнB≥┬▄нKл▄MKлM▄▌H▄нL▀л▄MлM▄▌H▄н▀л▄M▀лM▄▌H▄нл▄MлM▄▌HB≥┬▄н▌Kл▄KлM▄нH▄н▌л▄лM▄нH▄нL▀л▄MNлM▄нH▄нLл▄M█лM▄нHB≥┬▄нL▄▀л▄MнлMMл┬▄нмKл▄LлKлMMл┬▄нNKл▄мKлMMл┬▄н▄▀л▄нлMMл┬B≥┬▄нLKл▄M█KлMMлх▄нL▄кл▄MнKлMMлх▄нL█л▄NлMMлх▄нLLл▄M█▀лMMлхB≥┬▄ммлкл▄▌KлMMл┬▄нL█кл▄NклMMл┬▄нкл▄LнKлMMл┬▄н▀л▄LнлMMл┬B≥┬▄ммм▀л▄л▀лMMNH▄млмл▄нLлMMNH▄ммкл▄нNKлMMNH▄мм▀л▄нNлMMNHB≥┬▄мммкл▄лклMMл▄ммм▀л▄л▀лMMл▄мм▀л▄нNлMMл▄ммNл▄MлMMлB≥┬▄мм▄кл▄NKлMMлH▄мммкл▄лклMMлH▄ммNл▄MлMMлH▄мм▄л▄M▀лMMлHB≥┬▄нMл▄ллMMл┬▄н█Kл▄KлMMл┬▄мм█▀л▄▄▀лMMл┬▄мм█Kл▄▄KлMMл┬B≥┬▄мнL▀л▄лMMм▄ммл▄лMMм▄ммкл▄нNKлMMм▄мммKл▄лKлMMмB≥┬▄ммNKл▄MKлMMл┬▄нMл▄ллMMл┬▄мм█Kл▄▄KлMMл┬▄мм▄л▄M▀лMMл┬B≥┬▄н█Kл▄KлMMн▄нлл▄▀лMMн▄ммнл▄млMMн▄мм█▀л▄▄▀лMMнB≥┬▄нL█Kл▄NKлM▄L┬▄нLл▄MM▀лM▄L┬▄нL▀л▄LлM▄L┬▄нLKл▄LклM▄L┬B≥┬▄нL█▀л▄N▀лM▄▄┬▄нL█Kл▄NKлM▄▄┬▄нLKл▄LклM▄▄┬▄н█▀л▄L▄▀лM▄▄┬B≥┬▄нL▄Kл▄MмклM▄▄х▄нL█▀л▄N▀лM▄▄х▄н█▀л▄L▄▀лM▄▄х▄н▌л▄L█лM▄▄хB≥┬▄нлKл▄L█клMMн▄нKл▄LмклMMн▄нмл▄LллMMн▄нлкл▄L▌KлMMнB≥┬▄нLл▄MM▀лM▄█▄нNKл▄MMKлM▄█▄нл▄Lм▀лM▄█▄нL▀л▄LлM▄█B≥┬▄нл▀л▄L▌лMMл┬▄нL▄Kл▄MмклMMл┬▄н▌л▄L█лMMл┬▄нлкл▄L▌KлMMл┬B≥┬▄нNKл▄мKлMMл┬▄нмKл▄LлKлMMл┬▄нмл▄LллMMл┬▄нкл▄LнKлMMл┬B≥┬▄нлл▄▀лMMл┬▄н▄л▄м▀лMMл┬▄нL█кл▄NклMMл┬▄ммнл▄млMMл┬B≥┬▄нл▄LлM▄▌▄нл▄MлM▄▌▄мл▄Kл▄ммклM▄▌▄мл▄л▄мм▀лM▄▌B≥┬▄н▀л▄LнлMMлх▄ннKл▄LмKлMMлх▄мммл▄ллMMлх▄ммлкл▄▌KлMMлхB≥┬▄нM▀л▄LL▀лMMнH▄нMл▄LLлMMнH▄мнл▄м▀лMMнH▄ммнKл▄мKлMMнHB≥┬▄ннKл▄LмKлMMл┬▄ннл▄LмлMMл┬▄мнKл▄мклMMл┬▄мммл▄ллMMл┬B≥┬▄нлл▄▀лMMл┬▄нNл▄млMMл┬▄н▄Kл▄мклMMл┬▄н▄л▄м▀лMMл┬B≥┬▄нLLл▄M█▀лMMлх▄нL█л▄NлMMлх▄н█л▄лMMлх▄н▄кл▄нKлMMлхB≥┬▄н▀л▄M▀лM▄м▄нL▀л▄MNлM▄м▄н▌л▄лM▄м▄н█кл▄клM▄мB≥┬▄нLл▄M█лM▄H▄нLLл▄M█▀лM▄H▄н▄кл▄нKлM▄H▄н▌Kл▄KлM▄HB≥┬▄нL█л▄NлMMл┬▄н▄▀л▄нлMMл┬▄н▄Kл▄мклMMл┬▄н█л▄лMMл┬B≥┬▄ммл▄лMMл┬▄ммлKл▄█клMMл┬▄мнKл▄мклMMл┬▄ммнKл▄мKлMMл┬B≥┬▄млNKл▄ммKлMMM▄млм▀л▄нL▀лMMM▄нKл▄MKлMMM▄мл▄л▄мм▀лMMMB≥┬▄млм▀л▄нL▀лM▄Lх▄мм▀л▄▀лM▄Lх▄мнл▄м▀лM▄Lх▄нKл▄MKлM▄LхB≥┬▄мнMл▄LлM▄▄н█▀л▄▀лM▄▄нкл▄MклM▄▄н█кл▄клM▄B≥┬▄нKл▄MклM▄нH▄мнMKл▄LKлM▄нH▄н▌л▄лM▄нH▄н▌Kл▄KлM▄нHB≥┬▄ммл▀л▄▌лMMл┬▄ммнл▄млMMл┬▄нL█кл▄NклMMл┬▄ммлкл▄▌KлMMл┬B≥┬▄нNKл▄мKлMMл┬▄нкл▄LнKлMMл┬▄нL█кл▄NклMMл┬▄н▄л▄м▀лMMл┬B≥┬▄нL▌л▄NлMM▄нL▌Kл▄NKлMM▄нLлл▄N▀лMM▄нLлKл▄NклMMB≥┬▄нLл▀л▄NлMл▄┬▄нLлкл▄NKлMл▄┬▄нLмл▄NLлMл▄┬▄нLмKл▄NLKлMл▄┬B≥┬▄нLлкл▄NKлMл▄х▄нLм▀л▄NL▀лMл▄х▄нLмкл▄NLклMл▄х▄нLмл▄NLлMл▄хB≥┬▄нLм▀л▄NL▀лM█▌▄нLнл▄NMлM█▌▄нLнKл▄NMKлM█▌▄нLмкл▄NLклM█▌B≥┬▄нLнл▄NMлM█▌H▄нMл▄NM▀лM█▌H▄нMKл▄NMклM█▌H▄нLнKл▄NMKлM█▌HB≥┬▄нM▀л▄NNлMMLх▄нMкл▄NNKлMMLх▄нMKл▄NMклMMLх▄нMл▄NM▀лMMLхB≥┬▄нMл▄▄лM█л▄нMKл▄▄KлM█л▄нL▌л▄NлM█л▄нLмKл▄NLKлM█лB≥┬▄нMл▄▄лM█лH▄нLмKл▄NLKлM█лH▄нLмл▄NLлM█лH▄нM▀л▄▄▀лM█лHB≥┬▄нM▀л▄▄▀лMл█▄нLмл▄NLлMл█▄нLмкл▄NLклMл█▄нMкл▄▄клMл█B≥┬▄нMкл▄▄клMл█H▄нLмкл▄NLклMл█H▄нLнKл▄NMKлMл█H▄нMл▄▄лMл█HB≥┬▄нMл▄▄лMMN▄нLнKл▄NMKлMMN▄нMKл▄NMклMMN▄нMKл▄▄KлMMNB≥┬▄нMLл▄▄▀лMMNH▄нMLKл▄▄клMMNH▄нML▀л▄▄лMMNH▄нMLкл▄▄KлMMNHB≥┬▄нMMл▄▄LлM█лх▄нMMKл▄▄LKлM█лх▄нMKл▄▄KлM█лх▄нMл▄▄лM█лхB≥┬▄нMM▀л▄▄L▀лM█м▄нMMкл▄▄LклM█м▄нMMKл▄▄LKлM█м▄нMMл▄▄LлM█мB≥┬▄нMMл▄▄LлM█мH▄нMл▄▄лM█мH▄нM▀л▄▄▀лM█мH▄нMNл▄▄MлM█мHB≥┬▄нMM▀л▄▄L▀лMM▄х▄нMMл▄▄LлMM▄х▄нMNл▄▄MлMM▄х▄нMNKл▄▄MKлMM▄хB≥┬▄нMNл▄▄MлM█MH▄нM▀л▄▄▀лM█MH▄нMкл▄▄клM█MH▄нM▄л▄▄M▀лM█MHB≥┬▄нMNKл▄▄MKлM█м┬▄нMNл▄▄MлM█м┬▄нM▄л▄▄M▀лM█м┬▄нM▄Kл▄▄MклM█м┬B≥┬▄нM▄л▄▄M▀лMл█┬▄нMкл▄▄клMл█┬▄нMл▄▄лMл█┬▄нM▄▀л▄▄NлMл█┬B≥┬▄нM▄Kл▄▄MклMM█х▄нM▄л▄▄M▀лMM█х▄нM▄▀л▄▄NлMM█х▄нM▄кл▄▄NKлMM█хB≥┬▄нM▄▀л▄▄NлMM▌▄нMл▄▄лMM▌▄нMKл▄▄KлMM▌▄нM█л▄▄▄лMM▌B≥┬▄нM▄кл▄▄NKлM█н▄нM▄▀л▄▄NлM█н▄нM█л▄▄▄лM█н▄нM█Kл▄▄▄KлM█нB≥┬▄нM█▀л▄▄▄▀лMMл▄нM█кл▄▄▄клMMл▄нMLKл▄▄клMMл▄нMLл▄▄▀лMMлB≥┬▄нM▌л▄▄█лMMлH▄нM▌Kл▄▄█KлMMлH▄нM█кл▄▄▄клMMлH▄нM█▀л▄▄▄▀лMMлHB≥┬▄нM▄кл▄▄NKлMMл┬▄нM█Kл▄▄▄KлMMл┬▄нMлл▄▄█▀лMMл┬▄нMлKл▄▄█клMMл┬B≥┬▄нM█Kл▄▄▄KлMMл┬▄нMл▀л▄▄▌лMMл┬▄нMлкл▄▄▌KлMMл┬▄нMлл▄▄█▀лMMл┬B≥┬▄нMлкл▄▄▌KлMMл┬▄нMмл▄▄ллMMл┬▄нMмKл▄▄лKлMMл┬▄нMм▀л▄▄л▀лMMл┬B≥┬▄нMмкл▄▄лклMMл┬▄нMнл▄▄млMMл┬▄нMлKл▄▄█клMMл┬▄нMлл▄▄█▀лMMл┬B≥┬▄нMмкл▄▄лклMMл┬▄нMнKл▄▄мKлMMл┬▄нNл▄▄м▀лMMл┬▄нMнл▄▄млMMл┬B≥┬▄нNKл▄▄мклMMлх▄нN▀л▄▄нлMMлх▄нNкл▄▄нKлMMлх▄нMнKл▄▄мKлMMлхB≥┬▄нMнл▄▄млMMл┬▄нMM▀л▄▄L▀лMMл┬▄нMNKл▄▄MKлMMл┬▄нMлKл▄▄█клMMл┬B≥┬▄нMлKл▄▄█клMMл┬▄нMNKл▄▄MKлMMл┬▄нM▄Kл▄▄MклMMл┬▄нM▄кл▄▄NKлMMл┬B≥┬▄нNл▄█лMMм▄нML▀л▄▄лMMм▄нMкл▄NNKлMMм▄нM▀л▄NNлMMмB≥┬▄нMKл▄▄KлMMмH▄нMKл▄NMклMMмH▄нMкл▄NNKлMMмH▄нNKл▄█KлMMмHB≥┬▄нM█л▄▄▄лMMм┬▄нMKл▄▄KлMMм┬▄нNKл▄█KлMMм┬▄нN▀л▄█▀лMMм┬B≥┬▄нM█Kл▄▄▄KлMMмх▄нM█л▄▄▄лMMмх▄нN▀л▄█▀лMMмх▄нMл▀л▄▄▌лMMмхB≥┬▄нM▌Kл▄▄█KлMMл┬▄нMмл▄▄ллMMл┬▄нMлкл▄▄▌KлMMл┬▄нMл▀л▄▄▌лMMл┬B≥┬▄нMмкл▄▄лклMMл┬▄нMлл▄▄█▀лMMл┬▄нMлкл▄▄▌KлMMл┬▄нMм▀л▄▄л▀лMMл┬B≥┬▄нMмKл▄▄лKлMMн▄нNкл▄█клMMн▄нNKл▄▄мклMMн▄нMм▀л▄▄л▀лMMнB≥┬▄нLл▀л▄NлMM▄нLмKл▄NLKлMM▄нL▌л▄NлMM▄нLлKл▄NклMMB≥┬▄нNл▄█лM█нH▄нNKл▄█KлM█нH▄нMMKл▄▄LKлM█нH▄нMMкл▄▄LклM█нHB≥┬▄нNкл▄▄нKлMMл┬▄нNLл▄█▀лMMл┬▄нNл▄▄м▀лMMл┬▄нMнKл▄▄мKлMMл┬B≥┬▄нMмкл▄▄лклMN▄нMм▀л▄▄л▀лMN▄нNKл▄▄мклMN▄нMнKл▄▄мKлMNB≥┬▄нMM▀л▄▄L▀лMMн▄нMнл▄▄млMMн▄нNл▄▄м▀лMMн▄нMMкл▄▄LклMMнB≥┬▄нNLKл▄█клMNH▄нNL▀л▄█лMNH▄нNLкл▄█KлMNH▄нNMл▄█LлMNHB≥┬▄нNMл▄█LлMN┬▄нNLкл▄█KлMN┬▄нNMKл▄█LKлMN┬▄нNM▀л▄█L▀лMN┬B≥┬▄нNM▀л▄█L▀лMNх▄нNMKл▄█LKлMNх▄нNMкл▄█LклMNх▄нNNл▄█MлMNхB≥┬▄нNNл▄█MлMN▄нNMкл▄█LклMN▄нNNKл▄█MKлMN█л▄█M▀лMNB≥┬█Kл▄█MклMMм█л▄█M▀лMMм▄нNNKл▄█MKлMMм▄нMLкл▄▄KлMMмB≥┬█▀л▄█NлMNH▄нNL▀л▄█лMNH█кл▄█NKлMNH█л▄█▄лMNHB≥┬█▀л▄█NлMN┬█Kл▄█▄KлMN┬▄нNLкл▄█KлMN┬▄нNL▀л▄█лMN┬B≥┬█Kл▄█▄KлMNх█▀л▄█▄▀лMNх▄нNMKл▄█LKлMNх▄нNLкл▄█KлMNхB≥┬█▀л▄█▄▀лMN█кл▄█▄клMN▄нNMкл▄█LклMN▄нNMKл▄█LKлMNB≥┬█кл▄█▄клMNH█л▄██лMNH▄нNNKл▄█MKлMNH▄нNMкл▄█LклMNHB≥┬█Kл▄██KлMNL█▀л▄█NлMNL█л▄█▄лMNL█Lл▄██▀лMNLB≥┬█LKл▄██клMNLH█Kл▄██KлMNLH█Lл▄██▀лMNLH█L▀л▄█▌лMNLHB≥┬█Kл▄██KлMNL┬█Lкл▄█▌KлMNL┬█Kл▄█▄KлMNL┬█▀л▄█NлMNL┬B≥┬█LKл▄██клMNLх█Mл▄█ллMNLх█Lкл▄█▌KлMNLх█Kл▄██KлMNLхB≥┬█Lкл▄█▌KлMNM█MKл▄█лKлMNM█▀л▄█▄▀лMNM█Kл▄█▄KлMNMB≥┬█Mл▄█ллMNMH█M▀л▄█л▀лMNMH█MKл▄█лKлMNMH█Lкл▄█▌KлMNMHB≥┬█MKл▄█лKлMNM┬█Mкл▄█лклMNM┬█кл▄█▄клMNM┬█▀л▄█▄▀лMNM┬B≥┬█M▀л▄█л▀лMNMх█Nл▄█млMNMх█Mкл▄█лклMNMх█MKл▄█лKлMNMхB≥┬█Mкл▄█лклMNN█NKл▄█мKлMNN█л▄██лMNN█кл▄█▄клMNNB≥┬█Nл▄█млMлMH█▄л▄█м▀лMлMH█NKл▄█мKлMлMH█Mкл▄█лклMлMHB≥┬█Nл▄█млMMлх█▄Kл▄█мклMMлх█▄▀л▄█нлMMлх█▄л▄█м▀лMMлхB≥┬█▄л▄█м▀лMMл┬█▄▀л▄█нлMMл┬█▄кл▄█нKлMMл┬▄нM▌л▄▄█лMMл┬B≥┬██л▄▌лMMл┬█▄▀л▄█нлMMл┬█▄Kл▄█мклMMл┬██Kл▄▌KлMMл┬B≥┬██л▄▌лMMл┬██Kл▄▌KлMMл┬██▀л▄▌▀лMMл┬██кл▄▌клMMл┬B≥┬█▌л▄▌лMMл┬█▌Kл▄▌KлMMл┬█лл▄▌▀лMMл┬█лKл▄▌клMMл┬B≥┬█L▀л▄█▌лMMлх█л▀л▄▌лMMлх█лкл▄▌KлMMлх██▀л▄▌▀лMMлхB≥┬██Kл▄▌KлMMл┬█▄Kл▄█мклMMл┬█Mл▄█ллMMл┬█LKл▄██клMMл┬B≥┬█▄Kл▄█мклMMлх█Nл▄█млMMлх█M▀л▄█л▀лMMлх█Mл▄█ллMMлхB≥┬█л▄██лMMNH▄нMLл▄▄▀лMMNH▄нMLкл▄▄KлMMNH▄нNNKл▄█MKлMMNHB≥┬█NKл▄█мKлMMл▄нM█▀л▄▄▄▀лMMл▄нMLл▄▄▀лMMл█л▄██лMMлB≥┬█▄л▄█м▀лMMлH▄нM▌л▄▄█лMMлH▄нM█▀л▄▄▄▀лMMлH█NKл▄█мKлMMлHB≥┬██л▄▌лMMл┬█мл▄▌LлMMл┬█▄кл▄█нKлMMл┬█▄▀л▄█нлMMл┬B≥┬▄нNLKл▄█клM▄█мKл▄▌LKлM▄█кл▄█NKлM▄▄нNL▀л▄█лM▄B≥┬█кл▄█NKлMNH█м▀л▄▌L▀лMNH█мкл▄▌LклMNH█л▄█▄лMNHB≥┬█Lл▄██▀лM▄H█нл▄▌MлM▄H█л▀л▄▌лM▄H█L▀л▄█▌лM▄HB≥┬██▀л▄▌▀лMMл┬█лкл▄▌KлMMл┬█лл▄▌▀лMMл┬██кл▄▌клMMл┬B≥┬██л▄▌лMMн██кл▄▌клMMн█нKл▄▌MKлMMн█мл▄▌LлMMнB≥┬█LKл▄██клMN█L▀л▄█▌лMN██▀л▄▌▀лMN██Kл▄▌KлMNB≥┬█л▄▌M▀лMл█х█Kл▄▌MклMл█х█▀л▄▌NлMл█х█кл▄▌NKлMл█хB≥┬█кл▄▌NKлMл▌█▀л▄▌NлMл▌█л▄ллMл▌█Kл▄лKлMл▌B≥┬█Kл▄лKлM▌Lх█л▄ллM▌Lх█▀л▄л▀лM▌Lх█кл▄лклM▌LхB≥┬█кл▄лклM▌M█▀л▄л▀лM▌M█л▄ллM▌M█Kл▄лKлM▌MB≥┬█Lл▄л▀лM▄┬█Kл▄лKлM▄┬█л▄ллM▄┬█LKл▄лклM▄┬B≥┬█L▀л▄ллM▌MH█Kл▄▌MклM▌MH█Lкл▄лKлM▌MH█Mл▄лLлM▌MHB≥┬█L▀л▄ллM▌M┬█MKл▄лLKлM▌M┬█▀л▄▌NлM▌M┬█Kл▄▌MклM▌M┬B≥┬█MKл▄лLKлMл▌H█M▀л▄лL▀лMл▌H█л▄ллMл▌H█▀л▄▌NлMл▌HB≥┬█M▀л▄лL▀лMлл█Mкл▄лLклMлл█▀л▄л▀лMлл█л▄ллMллB≥┬█Mкл▄лLклM▄LH█Nл▄лMлM▄LH█л▄ллM▄LH█▀л▄л▀лM▄LHB≥┬█NKл▄лMKлM▄L┬█▄л▄лM▀лM▄L┬█▄Kл▄лMклM▄L┬█LKл▄лклM▄L┬B≥┬█▄▀л▄лNлM▌N█L▀л▄ллM▌N█Mл▄лLлM▌N█▄кл▄лNKлM▌NB≥┬██л▄л▄лM█нH█▄▀л▄лNлM█нH█▄кл▄лNKлM█нH██Kл▄л▄KлM█нHB≥┬█▄▀л▄лNлM▌NH██▀л▄л▄▀лM▌NH█MKл▄лLKлM▌NH█L▀л▄ллM▌NHB≥┬██л▄л▄лM▄MH██кл▄л▄клM▄MH██▀л▄л▄▀лM▄MH█▄▀л▄лNлM▄MHB≥┬██▀л▄л▄▀лM███▌л▄л█лM███M▀л▄лL▀лM███MKл▄лLKлM██B≥┬██кл▄л▄клMл█▌Kл▄л█KлMл█▌л▄л█лMл██▀л▄л▄▀лMлB≥┬█▌л▄л█лMллH█лл▄л█▀лMллH█Mкл▄лLклMллH█M▀л▄лL▀лMллHB≥┬█▌Kл▄л█KлM▄NH█лKл▄л█клM▄NH█лл▄л█▀лM▄NH█▌л▄л█лM▄NHB≥┬█лл▄л█▀лM▄▄█л▀л▄л▌лM▄▄█Nл▄лMлM▄▄█Mкл▄лLклM▄▄B≥┬█лKл▄л█клMл┬█лкл▄л▌KлMл┬█л▀л▄л▌лMл┬█лл▄л█▀лMл┬B≥┬█мл▄лллM▄▄┬█мKл▄ллKлM▄▄┬█▄л▄лM▀лM▄▄┬█NKл▄лMKлM▄▄┬B≥┬█м▀л▄лл▀лM▄▄х█мкл▄ллклM▄▄х█мKл▄ллKлM▄▄х█мл▄лллM▄▄хB≥┬█лKл▄л█клMMл┬█нл▄лмлMMл┬█нKл▄лмKлMMл┬█лкл▄л▌KлMMл┬B≥┬█лкл▄л▌KлMMл┬█нKл▄лмKлMMл┬█л▄лм▀лMMл┬█м▀л▄лл▀лMMл┬B≥┬█Kл▄лмклMMн█▀л▄лнлMMн█кл▄лнKлMMн█л▄млMMнB≥┬█Kл▄мKлMMн█нKл▄лмKлMMн█нл▄лмлMMн█▀л▄м▀лMMнB≥┬█Kл▄мKлMMл┬█▀л▄м▀лMMл┬█кл▄мклMMл┬█л▄млMMл┬B≥┬██Kл▄л▄KлMMл┬▄нNл▄█лMMл┬▄нNLл▄█▀лMMл┬█кл▄мклMMл┬B≥┬█▀л▄м▀лMMн█нл▄лмлMMн██кл▄л▄клMMн██л▄л▄лMMнB≥┬█нл▄лмлMMл┬█лKл▄л█клMMл┬█▌Kл▄л█KлMMл┬██кл▄л▄клMMл┬B≥┬█LKл▄лклM▄██▄Kл▄лMклM▄██Kл▄мKлM▄██Lл▄л▀лM▄█B≥┬█Nл▄лMлM▄█H█NKл▄лMKлM▄█H█LKл▄лклM▄█H█л▄ллM▄█HB≥┬█л▀л▄л▌лM▄█┬█мл▄лллM▄█┬█NKл▄лMKлM▄█┬█Nл▄лMлM▄█┬B≥┬█лкл▄л▌KлM▄█х█м▀л▄лл▀лM▄█х█мл▄лллM▄█х█л▀л▄л▌лM▄█хB≥┬█л▄лм▀лMMл┬█▀л▄лнлMMл┬█мкл▄ллклMMл┬█м▀л▄лл▀лMMл┬B≥┬█Kл▄мKлMMн█Lл▄м▀лMMн█л▄лм▀лMMн█нKл▄лмKлMMнB≥┬█LKл▄мклMMл┬█L▀л▄млMMл┬█кл▄лнKлMMл┬█Lл▄м▀лMMл┬B≥┬█л▄▌M▀лM▄▌█Lкл▄мKлM▄▌█Lкл▄лKлM▄▌█Kл▄▌MклM▄▌B≥┬█Lкл▄лKлM▌MH▄нL▌Kл▄NKлM▌MH█Mл▄мLлM▌MH█Mл▄лLлM▌MHB≥┬█Mл▄лLлM▌N█Mл▄мLлM▌N▄нNKл▄█KлM▌N█▄кл▄лNKлM▌NB≥┬█Kл▄мKлMMлх█л▄млMMлх█LKл▄мклMMлх█Lл▄м▀лMMлхB≥┬██л▄л▄лMMл┬██Kл▄л▄KлMMл┬█кл▄мклMMл┬█▀л▄м▀лMMл┬B≥┬█MKл▄мLKлM▄▌H█м▀л▄▌L▀лM▄▌H█M▀л▄мL▀лM▄▌H█Mкл▄мLклM▄▌HB≥┬█Nл▄мMлM▄л█NKл▄мMKлM▄л█Lл▄мM▀лM▄л█LKл▄мMклM▄лB≥┬█NKл▄мMKлM▄лH█L▀л▄мNлM▄лH█Lкл▄мNKлM▄лH█Lл▄мM▀лM▄лHB≥┬█L▀л▄мNлMл┬█Lл▄м▄лMл┬█LKл▄м▄KлMл┬█Lкл▄мNKлMл┬B≥┬█Lл▄м▄лM▄лх█L▀л▄м▄▀лM▄лх█Lкл▄м▄клM▄лх█LKл▄м▄KлM▄лхB≥┬█Lл▄м█лM▄██LKл▄м█KлM▄██Lкл▄м▄клM▄██L▀л▄м▄▀лM▄█B≥┬█LLл▄м█▀лM▄м█LLKл▄м█клM▄м█MKл▄мLKлM▄м█LKл▄мMклM▄мB≥┬█LLл▄м█▀лM▄мH█LKл▄мMклM▄мH█Lл▄мM▀лM▄мH█LL▀л▄м▌лM▄мHB≥┬█LL▀л▄м▌лM▄м┬█Lл▄мM▀лM▄м┬█Lкл▄мNKлM▄м┬█LLкл▄м▌KлM▄м┬B≥┬█LLкл▄м▌KлM▄мх█Lкл▄мNKлM▄мх█LKл▄м▄KлM▄мх█LMл▄мллM▄мхB≥┬█LMл▄мллM▄н█LKл▄м▄KлM▄н█Lкл▄м▄клM▄н█LMKл▄млKлM▄нB≥┬█LM▀л▄мл▀лM▄нH█LMкл▄млклM▄нH█LLKл▄м█клM▄нH█LLл▄м█▀лM▄нHB≥┬█LNл▄ммлM▄H█LNKл▄ммKлM▄H█LMкл▄млклM▄H█LM▀л▄мл▀лM▄HB≥┬█LM▀л▄мл▀лM██LLл▄м█▀лM██LL▀л▄м▌лM██L▄л▄мм▀лM█B≥┬█LNл▄ммлM█H█LM▀л▄мл▀лM█H█L▄л▄мм▀лM█H█L▄Kл▄ммклM█HB≥┬█L▄л▄мм▀лM█┬█LL▀л▄м▌лM█┬█LLкл▄м▌KлM█┬█L▄▀л▄мнлM█┬B≥┬█L▄Kл▄ммклM█х█L▄л▄мм▀лM█х█L▄▀л▄мнлM█х█L▄кл▄мнKлM█хB≥┬█L▄▀л▄мнлM██LLкл▄м▌KлM██LMл▄мллM██L█л▄нлM█B≥┬█L▄кл▄мнKлM█H█L▄▀л▄мнлM█H█L█л▄нлM█H█L█Kл▄нKлM█HB≥┬█L█л▄нлM█┬█LMл▄мллM█┬█LMKл▄млKлM█┬█L█▀л▄н▀лM█┬B≥┬█L█Kл▄нKлMлM█L█л▄нлMлM█L█▀л▄н▀лMлM█L█кл▄нклMлMB≥┬█L█Kл▄нKлMMл┬█L█кл▄нклMMл┬█L▌л▄нлMMл┬█L▌Kл▄нKлMMл┬B≥┬█L█кл▄нклMMл┬█Lлл▄н▀лMMл┬█Kл▄лмклMMл┬█L▌л▄нлMMл┬B≥┬█LлKл▄нклMMн█Lл▀л▄нлMMн█L▌Kл▄нKлMMн█L▌л▄нлMMнB≥┬█LлKл▄нклMMл┬█лKл▄▌клMMл┬█Lлкл▄нKлMMл┬█Lл▀л▄нлMMл┬B≥┬█Lл▀л▄нлMMн█LNл▄ммлMMн█L▄Kл▄ммклMMн█L▌Kл▄нKлMMнB≥┬█L▌Kл▄нKлMMл┬█L▄Kл▄ммклMMл┬█L▄кл▄мнKлMMл┬█L█Kл▄нKлMMл┬B≥┬█LMKл▄млKлM▄L┬█Lкл▄м▄клM▄L┬█LKл▄м█KлM▄L┬█Lмл▄нLлM▄L┬B≥┬█L█▀л▄н▀лM▄▄┬█LMKл▄млKлM▄▄┬█Lмл▄нLлM▄▄┬█LмKл▄нLKлM▄▄┬B≥┬█L█кл▄нклM▄▄х█L█▀л▄н▀лM▄▄х█LмKл▄нLKлM▄▄х█Lлл▄н▀лM▄▄хB≥┬█LлKл▄нклMMн█L▌л▄нлMMн█Kл▄лмклMMн█л▄млMMнB≥┬█Nл▄мMлM▄▌H█LKл▄мMклM▄▌H█MKл▄мLKлM▄▌H█Mкл▄мLклM▄▌HB≥┬█нл▄▌MлM▄нH█мкл▄▌LклM▄нH█LLKл▄м█клM▄нH█LMкл▄млклM▄нHB≥┬█LлKл▄нклMMл┬█л▄млMMл┬█▌л▄▌лMMл┬█лKл▄▌клMMл┬B≥┬█LNл▄ммлMMлх█Lл▀л▄нлMMлх█Lлкл▄нKлMMлх█LNKл▄ммKлMMлхB≥┬▄нN▀л▄▄нлMMл┬█Lм▀л▄нL▀лMMл┬█L▀л▄млMMл┬█LKл▄мклMMл┬B≥┬█Lкл▄лKлM▄▌█Lкл▄мKлM▄▌▄нLлл▄N▀лM▄▌▄нL▌Kл▄NKлM▄▌B≥┬█LKл▄мклMMлх█л▄млMMлх▄нNкл▄▄нKлMMлх▄нN▀л▄▄нлMMлхB≥┬██Kл▄л▄KлM█нH█▄кл▄лNKлM█нH▄нNKл▄█KлM█нH▄нNл▄█лM█нHB≥┬█л▄млMMл┬█кл▄мклMMл┬▄нNLл▄█▀лMMл┬▄нNкл▄▄нKлMMл┬B≥┬█нKл▄▌MKлMMл┬██кл▄▌клMMл┬█лл▄▌▀лMMл┬█▌Kл▄▌KлMMл┬B≥┬█LNKл▄ммKлMMлх█Lлкл▄нKлMMлх█лкл▄▌KлMMлх█л▀л▄▌лMMлхB≥┬█MKл▄мLKлM▄м█LLKл▄м█клM▄м█мкл▄▌LклM▄м█м▀л▄▌L▀лM▄мB≥┬█LMкл▄млклM▄H█LNKл▄ммKлM▄H█л▀л▄▌лM▄H█нл▄▌MлM▄HB≥┬█Lлкл▄нKлMMл┬█лKл▄▌клMMл┬█лл▄▌▀лMMл┬█лкл▄▌KлMMл┬B≥┬▄нMMкл▄▄LклMMл┬▄нNл▄▄м▀лMMл┬▄нNLл▄█▀лMMл┬▄нNл▄█лMMл┬B≥┬▄нL▌л▄NлM█л▄нMKл▄▄KлM█л█Mл▄мLлM█л▄нL▌Kл▄NKлM█лB≥┬▄нMKл▄▄KлM▌N▄нMMKл▄▄LKлM▌N▄нNKл▄█KлM▌N█Mл▄мLлM▌NB≥┬█кл▄█NKлM▄█мKл▄▌LKлM▄█M▀л▄мL▀лM▄█м▀л▄▌L▀лM▄B≥┬█Lл▄██▀лM▄нH█л▄█▄лM▄нH█мкл▄▌LклM▄нH█нл▄▌MлM▄нHB≥┬▄нNKл▄▄мклMMл┬▄нNкл▄█клMMл┬█Lм▀л▄нL▀лMMл┬▄нN▀л▄▄нлMMл┬B≥┬█Lмкл▄нLклMM█Lнл▄нMлMM█LнKл▄нMKлMM█Mл▄нM▀лMMB≥┬█MKл▄нMклMMH█M▀л▄нNлMMH█Mкл▄нNKлMMH█Mл▄лMMHB≥┬█M▀л▄нNлMML█MKл▄KлMML█M▀л▄▀лMML█Mкл▄нNKлMMLB≥┬█MKл▄KлM██Mкл▄клM██Mл▄лM██M▀л▄▀лM█B≥┬█Mкл▄клM█H█MKл▄KлM█H█MLл▄▀лM█H█Mл▄лM█HB≥┬█MLKл▄клMMLх█ML▀л▄лMMLх█MLл▄▀лMMLх█MKл▄KлMMLхB≥┬█MLкл▄KлM█L█MMл▄LлM█L█Lмкл▄нLклM█L█Mл▄лM█LB≥┬█MLкл▄KлM█LH█Mл▄лM█LH█Mкл▄нNKлM█LH█MMKл▄LKлM█LHB≥┬█MMKл▄LKлMMM┬█Mкл▄нNKлMMM┬█M▀л▄▀лMMM┬█MM▀л▄L▀лMMM┬B≥┬█MM▀л▄L▀лMMMх█M▀л▄▀лMMMх█Mл▄лMMMх█MMкл▄LклMMMхB≥┬█MMкл▄LклMMN█Mл▄лMMN█MLл▄▀лMMN█MNл▄MлMMNB≥┬█MNKл▄MKлMMNH█M▄л▄M▀лMMNH█M▄Kл▄MклMMNH█M▄▀л▄NлMMNHB≥┬█M▄кл▄NKлM█L┬█M█л▄▄лM█L┬█MMл▄LлM█L┬█MLкл▄KлM█L┬B≥┬█M█Kл▄▄KлMM▄H█M█▀л▄▄▀лMM▄H█M█л▄▄лMM▄H█M▄кл▄NKлMM▄HB≥┬█M▄кл▄NKлM█Lх█MLкл▄KлM█Lх█MMKл▄LKлM█Lх█M█кл▄▄клM█LхB≥┬█M█Kл▄▄KлM█M█M▄кл▄NKлM█M█M█кл▄▄клM█M█M▌л▄█лM█MB≥┬█M█кл▄▄клM█MH█MMKл▄LKлM█MH█MM▀л▄L▀лM█MH█M▌Kл▄█KлM█MHB≥┬█M▌л▄█лMM█H█M█кл▄▄клMM█H█M▌Kл▄█KлMM█H█Mлл▄█▀лMM█HB≥┬█M▌Kл▄█KлM█M┬█MM▀л▄L▀лM█M┬█MMкл▄LклM█M┬█MлKл▄█клM█M┬B≥┬█Mлл▄█▀лMM█х█M▌Kл▄█KлMM█х█MлKл▄█клMM█х█Mл▀л▄▌лMM█хB≥┬█MлKл▄█клMM▌█MMкл▄LклMM▌█MNл▄MлMM▌█Mлкл▄▌KлMM▌B≥┬█Mл▀л▄▌лMM▌H█MлKл▄█клMM▌H█Mлкл▄▌KлMM▌H█Mмл▄ллMM▌HB≥┬█MмKл▄лKлMMл█Mм▀л▄л▀лMMл█M▄л▄M▀лMMл█MNKл▄MKлMMлB≥┬█Mмкл▄лклMMлH█Mнл▄млMMлH█Mм▀л▄л▀лMMлH█MмKл▄лKлMMлHB≥┬█Mл▀л▄▌лMMл┬█Mмл▄ллMMл┬█MнKл▄мKлMMл┬█Nл▄м▀лMMл┬B≥┬█Mмл▄ллMMл┬█NKл▄мклMMл┬█N▀л▄нлMMл┬█MнKл▄мKлMMл┬B≥┬█N▀л▄нлMMл┬█Nкл▄нKлMMл┬█Nл▄лMMл┬█NKл▄KлMMл┬B≥┬█N▀л▄▀лMMл┬█Nкл▄клMMл┬█Nл▄м▀лMMл┬█MнKл▄мKлMMл┬B≥┬█N▀л▄▀лMMл┬█Nл▄лMMл┬█NKл▄KлMMл┬█Nкл▄клMMл┬B≥┬█NLл▄▀лMMлх█NLKл▄клMMлх█NL▀л▄лMMлх█Nл▄лMMлхB≥┬█Nкл▄клMMл┬█M█Kл▄▄KлMMл┬█M▌л▄█лMMл┬█Nл▄м▀лMMл┬B≥┬█Nл▄м▀лMMл┬█M▌л▄█лMMл┬█Mлл▄█▀лMMл┬█Mл▀л▄▌лMMл┬B≥┬█NLкл▄KлMMм█M▄Kл▄MклMMм█ML▀л▄лMMм█MLKл▄клMMмB≥┬█MNл▄MлMMмH█MLл▄▀лMMмH█ML▀л▄лMMмH█NMл▄LлMMмHB≥┬█Mлкл▄▌KлMMм┬█MNл▄MлMMм┬█NMл▄LлMMм┬█NMKл▄LKлMMм┬B≥┬█Mмл▄ллMMмх█Mлкл▄▌KлMMмх█NMKл▄LKлMMмх█NKл▄мклMMмхB≥┬█Mнл▄млMMл┬█Nкл▄нKлMMл┬█N▀л▄нлMMл┬█NKл▄мклMMл┬B≥┬█N▀л▄▀лMMл┬█MнKл▄мKлMMл┬█N▀л▄нлMMл┬█NKл▄KлMMл┬B≥┬█Nл▄лMMн█NM▀л▄L▀лMMн█NLл▄▀лMMн█NKл▄KлMMнB≥┬█MKл▄нMклMM█Mл▄лMM█Lмкл▄нLклMM█Mл▄нM▀лMMB≥┬█NMкл▄LклMMнH█NNл▄MлMMнH█M█л▄▄лMMнH█M█▀л▄▄▀лMMнHB≥┬█NL▀л▄лMMл┬█NNKл▄MKлMMл┬█NKл▄KлMMл┬█Nл▄лMMл┬B≥┬█N▀л▄▀лMN█NKл▄KлMN█NLл▄▀лMN█Nл▄лMNB≥┬█M█Kл▄▄KлMMн█Nкл▄клMMн█NKл▄KлMMн█M█▀л▄▄▀лMMнB≥┬█▄л▄M▀лMлл┬█▄Kл▄MклMлл┬█▄▀л▄NлMлл┬█▄кл▄NKлMлл┬B≥┬█▄кл▄NKлMN┬█▄▀л▄NлMN┬█▄л▄▄лMN┬█▄Kл▄▄KлMN┬B≥┬█▄Kл▄▄KлMлM┬█▄л▄▄лMлM┬█▄▀л▄▄▀лMлM┬█▄кл▄▄клMлM┬B≥┬█▄кл▄▄клMN█▄▀л▄▄▀лMN█▄л▄█лMN█▄Kл▄█KлMNB≥┬█▄Lл▄█▀лMMм█▄Kл▄█KлMMм█▄л▄█лMMм█M▄▀л▄NлMMмB≥┬█▄LKл▄█клMллх█▄Kл▄MклMллх█▄L▀л▄▌лMллх█▄Lкл▄▌KлMллхB≥┬█▄LKл▄█клMлм█▄Mл▄ллMлм█▄▀л▄NлMлм█▄Kл▄MклMлмB≥┬█▄Mл▄ллMNх█▄MKл▄лKлMNх█▄л▄▄лMNх█▄▀л▄NлMNхB≥┬█▄MKл▄лKлMN█▄M▀л▄л▀лMN█▄▀л▄▄▀лMN█▄л▄▄лMNB≥┬█▄M▀л▄л▀лMNH█▄Mкл▄лклMNH█▄л▄█лMNH█▄▀л▄▄▀лMNHB≥┬█▄Nл▄млMлмH█▄LKл▄█клMлмH█▄Lкл▄▌KлMлмH█▄NKл▄мKлMлмHB≥┬█▄▄л▄м▀лMNLH█▄Nл▄млMNLH█▄NKл▄мKлMNLH█▄▄Kл▄мклMNLHB≥┬█▄Nл▄млMлм┬█▄▄▀л▄нлMлм┬█▄Mл▄ллMлм┬█▄LKл▄█клMлм┬B≥┬█▄▄л▄м▀лMNLх█▄▄кл▄нKлMNLх█▄▄▀л▄нлMNLх█▄Nл▄млMNLхB≥┬█▄▄▀л▄нлMNM█▄█л▄лMNM█▄MKл▄лKлMNM█▄Mл▄ллMNMB≥┬█▄▄кл▄нKлMNMH█▄█Kл▄KлMNMH█▄█л▄лMNMH█▄▄▀л▄нлMNMHB≥┬█▄█л▄лMNM┬█▄█▀л▄▀лMNM┬█▄M▀л▄л▀лMNM┬█▄MKл▄лKлMNM┬B≥┬█▄█Kл▄KлMNMх█▄█кл▄клMNMх█▄█▀л▄▀лMNMх█▄█л▄лMNMхB≥┬█▄█▀л▄▀лMNN█▄▌л▄лMNN█▄Mкл▄лклMNN█▄M▀л▄л▀лMNNB≥┬█▄█кл▄клMлMH█▄▌Kл▄KлMлMH█▄▌л▄лMлMH█▄█▀л▄▀лMлMHB≥┬█▄█кл▄клMMлх█▄лл▄▀лMMлх█▄лKл▄клMMлх█▄▌Kл▄KлMMлхB≥┬█▄▌Kл▄KлMMл┬█▄лKл▄клMMл┬█▄л▀л▄лMMл┬█Mмкл▄лклMMл┬B≥┬█▄лкл▄KлMMл┬█▄лKл▄клMMл┬█▄лл▄▀лMMл┬█▄мл▄LлMMл┬B≥┬█▄лкл▄KлMMл┬█▄мл▄LлMMл┬█▄мKл▄LKлMMл┬█▄м▀л▄L▀лMMл┬B≥┬█▄мкл▄LклMMл┬█▄нл▄MлMMл┬█▄нKл▄MKлMMл┬██л▄M▀лMMл┬B≥┬█▄▄Kл▄мклMMлх██Kл▄MклMMлх██▀л▄NлMMлх█▄мKл▄LKлMMлхB≥┬█▄мл▄LлMMл┬█▄лл▄▀лMMл┬█▄▄кл▄нKлMMл┬█▄▄л▄м▀лMMл┬B≥┬█▄лл▄▀лMMлх█▄█кл▄клMMлх█▄█Kл▄KлMMлх█▄▄кл▄нKлMMлхB≥┬█▄Mкл▄лклMMNH█MNKл▄MKлMMNH█M▄▀л▄NлMMNH█▄л▄█лMMNHB≥┬█▄▌л▄лMMл█MмKл▄лKлMMл█MNKл▄MKлMMл█▄Mкл▄лклMMлB≥┬█▄▌Kл▄KлMMлH█Mмкл▄лклMMлH█MмKл▄лKлMMлH█▄▌л▄лMMлHB≥┬█▄лкл▄KлMMл┬██кл▄NKлMMл┬█▄л▀л▄лMMл┬█▄лKл▄клMMл┬B≥┬█▄л▄M▀лM▄██л▄LлM▄█▄L▀л▄▌лM▄█▄Kл▄MклM▄B≥┬█▄L▀л▄▌лMллх██Kл▄LKлMллх██▀л▄L▀лMллх█▄Lкл▄▌KлMллхB≥┬█▄NKл▄мKлM▄H██кл▄LклM▄H██Kл▄MклM▄H█▄▄Kл▄мклM▄HB≥┬█▄мKл▄LKлMMл┬██▀л▄NлMMл┬█▄нKл▄MKлMMл┬█▄м▀л▄L▀лMMл┬B≥┬█▄лкл▄KлMMн█▄м▀л▄L▀лMMн██л▄LлMMн██кл▄NKлMMнB≥┬█▄▄л▄м▀лMN█▄▄Kл▄мклMN█▄мKл▄LKлMN█▄мл▄LлMNB≥┬██Kл▄LKлM▄┬██Lл▄L▀лM▄┬██LKл▄LклM▄┬██L▀л▄LлM▄┬B≥┬██L▀л▄LлM▄х██LKл▄LклM▄х██Lкл▄LKлM▄х██Mл▄LLлM▄хB≥┬██Mл▄LLлM█Mх██Lкл▄LKлM█Mх██MKл▄LLKлM█Mх██M▀л▄LL▀лM█MхB≥┬██M▀л▄LL▀лM█N██MKл▄LLKлM█N██Mкл▄LLклM█N██Nл▄LMлM█NB≥┬██NKл▄LMKлM▄┬██Nл▄LMлM▄┬██Mкл▄LLклM▄┬██▄л▄LM▀лM▄┬B≥┬██▄Kл▄LMклM█NH██Lл▄L▀лM█NH██▄▀л▄LNлM█NH██▄кл▄LNKлM█NHB≥┬██▄Kл▄LMклM█▄███л▄L▄лM█▄██LKл▄LклM█▄██Lл▄L▀лM█▄B≥┬███л▄L▄лM▄H███Kл▄L▄KлM▄H██Lкл▄LKлM▄H██LKл▄LклM▄HB≥┬███Kл▄L▄KлMлмх███▀л▄L▄▀лMлмх██MKл▄LLKлMлмх██Lкл▄LKлMлмхB≥┬███▀л▄L▄▀лM▄LH███кл▄L▄клM▄LH██Mкл▄LLклM▄LH██MKл▄LLKлM▄LHB≥┬██▌л▄L█лM▄L┬██▌Kл▄L█KлM▄L┬██лл▄L█▀лM▄L┬██▄л▄LM▀лM▄L┬B≥┬██лKл▄L█клM█▄H██▄Kл▄LMклM█▄H██▄кл▄LNKлM█▄H██л▀л▄L▌лM█▄HB≥┬██лкл▄L▌KлMMнH██лKл▄L█клMMнH██л▀л▄L▌лMMнH██мл▄LллMMнHB≥┬██лKл▄L█клM█▄┬██мKл▄LлKлM█▄┬███л▄L▄лM█▄┬██▄Kл▄LMклM█▄┬B≥┬██лкл▄L▌KлM█▄х██м▀л▄Lл▀лM█▄х██мKл▄LлKлM█▄х██лKл▄L█клM█▄хB≥┬██мKл▄LлKлM████мкл▄LлклM█████Kл▄L▄KлM█████л▄L▄лM██B≥┬██м▀л▄Lл▀лM▄Mх██нл▄LмлM▄Mх██мкл▄LлклM▄Mх██мKл▄LлKлM▄MхB≥┬██мкл▄LлклM██H██нKл▄LмKлM██H███▀л▄L▄▀лM██H███Kл▄L▄KлM██HB≥┬██нл▄LмлM▄NH█▌л▄Lм▀лM▄NH██нKл▄LмKлM▄NH██мкл▄LлклM▄NHB≥┬██нKл▄LмKлM▄▄█▌Kл▄LмклM▄▄███кл▄L▄клM▄▄███▀л▄L▄▀лM▄▄B≥┬█▌л▄Lм▀лM▄▄H█▌▀л▄LнлM▄▄H█▌Kл▄LмклM▄▄H██нKл▄LмKлM▄▄HB≥┬█▌кл▄LнKлM▄▄┬█▌л▄MлM▄▄┬██▌Kл▄L█KлM▄▄┬██▌л▄L█лM▄▄┬B≥┬█▌Kл▄MKлM▄▄х█▌▀л▄M▀лM▄▄х█▌л▄MлM▄▄х█▌кл▄LнKлM▄▄хB≥┬█▌л▄Lм▀лMMл┬█▌кл▄MклMMл┬█▌л▄MлMMл┬█▌▀л▄LнлMMл┬B≥┬█▌▀л▄LнлMMл┬█▌л▄MлMMл┬█▌Kл▄MKлMMл┬█▌Kл▄MKлMMл┬B≥┬█▌Lл▄M▀лMMн█▌LKл▄MклMMн█▌L▀л▄MлMMн█▌Lкл▄MKлMMнB≥┬█▌Mл▄MLлMMн█▌л▄MлMMн█▌кл▄MклMMн█▌MKл▄MLKлMMнB≥┬█▌Mл▄MLлMMл┬█▌MKл▄MLKлMMл┬█▌M▀л▄ML▀лMMл┬█▌Mкл▄MLклMMл┬B≥┬██мл▄LллMMл┬█NMкл▄LклMMл┬█NNKл▄MKлMMл┬█▌M▀л▄ML▀лMMл┬B≥┬█▌MKл▄MLKлMMн█▌кл▄MклMMн██м▀л▄Lл▀лMMн██лкл▄L▌KлMMнB≥┬█▌кл▄MклMMл┬█▌л▄Lм▀лMMл┬██нл▄LмлMMл┬██м▀л▄Lл▀лMMл┬B≥┬██▄л▄LM▀лM▄███лл▄L█▀лM▄██▌Nл▄MMлM▄███NKл▄LMKлM▄█B≥┬███кл▄L▄клM▄█H██▌л▄L█лM▄█H██▄л▄LM▀лM▄█H██Mкл▄LLклM▄█HB≥┬█▌Kл▄LмклM▄█┬█▌кл▄LнKлM▄█┬██▌л▄L█лM▄█┬███кл▄L▄клM▄█┬B≥┬█▌▀л▄LнлM▄█х█▌Kл▄MKлM▄█х█▌кл▄LнKлM▄█х█▌Kл▄LмклM▄█хB≥┬█▌Kл▄MKлMMл┬█▌LKл▄MклMMл┬█▌▀л▄M▀лMMл┬█▌Kл▄MKлMMл┬B≥┬█▌Mл▄MLлMMн█▌NKл▄MMKлMMн█▌Kл▄MKлMMн█▌л▄MлMMнB≥┬█лл▄MM▀лMMл┬█лKл▄MMклMMл┬█▌L▀л▄MлMMл┬█▌NKл▄MMKлMMл┬B≥┬██Kл▄LKлM▄▌█л▀л▄MNлM▄▌██▄▀л▄LNлM▄▌██Lл▄L▀лM▄▌B≥┬██▄▀л▄LNлM█NH█Lнл▄нMлM█NH█лкл▄MNKлM█NH██▄кл▄LNKлM█NHB≥┬██▄кл▄LNKлM█▄H█лкл▄MNKлM█▄H█NNл▄MлM█▄H██л▀л▄L▌лM█▄HB≥┬█▌Mл▄MLлMMлх█▌Mкл▄MLклMMлх█лл▄MM▀лMMлх█▌NKл▄MMKлMMлхB≥┬██лкл▄L▌KлMMл┬██мл▄LллMMл┬█▌M▀л▄ML▀лMMл┬█▌MKл▄MLKлMMл┬B≥┬█лл▄M▄лM▄▌H██Kл▄LKлM▄▌H█лKл▄M▄KлM▄▌H█л▀л▄M▄▀лM▄▌HB≥┬█лкл▄M▄клMлн█лл▄M█лMлн█лKл▄M█KлMлн█лLл▄M█▀лMлнB≥┬█лл▄M█лM▄лH█лLKл▄M█клM▄лH█лL▀л▄M▌лM▄лH█лKл▄M█KлM▄лHB≥┬█лLKл▄M█клMлMх█лLкл▄M▌KлMлMх█лMл▄MллMлMх█лL▀л▄M▌лMлMхB≥┬█лLкл▄M▌KлM▄лх█лMKл▄MлKлM▄лх█лM▀л▄Mл▀лM▄лх█лMл▄MллM▄лхB≥┬█лMкл▄MлклM▄██лNл▄MмлM▄██лM▀л▄Mл▀лM▄██лMKл▄MлKлM▄█B≥┬█лNKл▄MмKлMлнH█л▄л▄Mм▀лMлнH█лл▄M▄лMлнH█лLл▄M█▀лMлнHB≥┬█лNKл▄MмKлMм█лLл▄M█▀лMм█лKл▄M█KлMм█л▄Kл▄MмклMмB≥┬█л▄Kл▄MмклM▄м┬█лKл▄M█KлM▄м┬█лL▀л▄M▌лM▄м┬█л▄▀л▄MнлM▄м┬B≥┬█л▄▀л▄MнлM▄мх█лL▀л▄M▌лM▄мх█лMл▄MллM▄мх█л▄кл▄MнKлM▄мхB≥┬█л▄кл▄MнKлM▄н█лMл▄MллM▄н█лM▀л▄Mл▀лM▄н█л█л▄NлM▄нB≥┬█л█Kл▄NKлMмH█л█▀л▄N▀лMмH█л▄л▄Mм▀лMмH█лNKл▄MмKлMмHB≥┬█л█кл▄NклM▄H█л▌л▄NлM▄H█л█▀л▄N▀лM▄H█л█Kл▄NKлM▄HB≥┬█л█Kл▄NKлMм┬█лNKл▄MмKлMм┬█л▄Kл▄MмклMм┬█л▌Kл▄NKлMм┬B≥┬█л█кл▄NклM█H█л█Kл▄NKлM█H█л▌Kл▄NKлM█H█ллл▄N▀лM█HB≥┬█л▌Kл▄NKлM█┬█л▄Kл▄MмклM█┬█л▄▀л▄MнлM█┬█ллKл▄NклM█┬B≥┬█ллл▄N▀лM█х█л▌Kл▄NKлM█х█ллKл▄NклM█х█лл▀л▄NлM█хB≥┬█ллKл▄NклM██л▄▀л▄MнлM██л▄кл▄MнKлM██ллкл▄NKлM█B≥┬█лл▀л▄NлM█H█ллKл▄NклM█H█ллкл▄NKлM█H█лмл▄NLлM█HB≥┬█ллкл▄NKлM█┬█л▄кл▄MнKлM█┬█л█л▄NлM█┬█лмKл▄NLKлM█┬B≥┬█лмл▄NLлMлM█ллкл▄NKлMлM█лмKл▄NLKлMлM█лм▀л▄NL▀лMлMB≥┬█лмл▄NLлMMл┬█лм▀л▄NL▀лMMл┬█лмкл▄NLклMMл┬█лнл▄NMлMMл┬B≥┬█лм▀л▄NL▀лMMл┬█лнKл▄NMKлMMл┬█▌Lл▄M▀лMMл┬█лмкл▄NLклMMл┬B≥┬█мл▄NM▀лMMн█мKл▄NMклMMн█лнл▄NMлMMн█лмкл▄NLклMMнB≥┬█мл▄NM▀лMMл┬██л▄M▀лMMл┬█м▀л▄NNлMMл┬█мKл▄NMклMMл┬B≥┬█мKл▄NMклMMн█л█кл▄NклMMн█ллл▄N▀лMMн█лнл▄NMлMMнB≥┬█лнл▄NMлMMл┬█ллл▄N▀лMMл┬█лл▀л▄NлMMл┬█лмл▄NLлMMл┬B≥┬█л█л▄NлM▄L┬█лM▀л▄Mл▀лM▄L┬█лNл▄MмлM▄L┬█мкл▄NNKлM▄L┬B≥┬█лмKл▄NLKлM▄▄┬█л█л▄NлM▄▄┬█мкл▄NNKлM▄▄┬█мл▄LлM▄▄┬B≥┬█лм▀л▄NL▀лM▄▄х█лмKл▄NLKлM▄▄х█мл▄LлM▄▄х█лнKл▄NMKлM▄▄хB≥┬█мл▄NM▀лMMн█лмкл▄NLклMMн█▌Lл▄M▀лMMн█▌Lкл▄MKлMMнB≥┬█лкл▄M▄клM▄▌H█лLл▄M█▀лM▄▌H█лл▄M▄лM▄▌H█л▀л▄M▄▀лM▄▌HB≥┬██кл▄LклMмH██▀л▄L▀лMмH█л▄л▄Mм▀лMмH█л█▀л▄N▀лMмHB≥┬█мл▄NM▀лMMл┬█▌Lкл▄MKлMMл┬█▄мкл▄LклMMл┬██л▄M▀лMMл┬B≥┬█л█кл▄NклMMлх█мKл▄NMклMMлх█м▀л▄NNлMMлх█л▌л▄NлMMлхB≥┬█NLKл▄клMMл┬█мKл▄LKлMMл┬█лKл▄MMклMMл┬█лл▄MM▀лMMл┬B≥┬██▄▀л▄LNлM▄▌█л▀л▄MNлM▄▌█LнKл▄нMKлM▄▌█Lнл▄нMлM▄▌B≥┬█лл▄MM▀лMMлх█▌Mкл▄MLклMMлх█NL▀л▄лMMлх█NLKл▄клMMлхB≥┬██мл▄LллMMнH██л▀л▄L▌лMMнH█NNл▄MлMMнH█NMкл▄LклMMнHB≥┬█▌Mкл▄MLклMMл┬█▌M▀л▄ML▀лMMл┬█NNKл▄MKлMMл┬█NL▀л▄лMMл┬B≥┬██л▄LлMMл┬█▄м▀л▄L▀лMMл┬█▄нKл▄MKлMMл┬█▄нл▄MлMMл┬B≥┬█л▌л▄NлMMлх█м▀л▄NNлMMлх██▀л▄NлMMлх██Kл▄MклMMлхB≥┬█лл▄M▄лMлнH█л▄л▄Mм▀лMлнH██▀л▄L▀лMлнH██Kл▄LKлMлнHB≥┬█л█▀л▄N▀лM▄H█л▌л▄NлM▄H██Kл▄MклM▄H██кл▄LклM▄HB≥┬█м▀л▄NNлMMл┬██л▄M▀лMMл┬█▄нKл▄MKлMMл┬██▀л▄NлMMл┬B≥┬█M█▀л▄▄▀лMMл┬█NKл▄KлMMл┬█NNKл▄MKлMMл┬█NMкл▄LклMMл┬B≥┬█Lмкл▄нLклM█L█MMл▄LлM█L█лкл▄MNKлM█L█Lнл▄нMлM█LB≥┬█MMл▄LлM█▄H█M█л▄▄лM█▄H█NNл▄MлM█▄H█лкл▄MNKлM█▄HB≥┬█▄L▀л▄▌лM▄██л▄LлM▄█лKл▄M▄KлM▄██Kл▄LKлM▄B≥┬█▄NKл▄мKлMмH█▄Lкл▄▌KлMмH██▀л▄L▀лMмH██кл▄LклMмHB≥┬█NLл▄▀лMMл┬█NM▀л▄L▀лMMл┬█мKл▄LKлMMл┬█NLKл▄клMMл┬B≥┬█м▀л▄L▀лMM█мкл▄LклMM█мл▄LлMM█мKл▄LKлMMB≥┬█мLл▄L▀лM██┬█мLKл▄LклM██┬█мL▀л▄LлM██┬█мLкл▄LKлM██┬B≥┬█мLKл▄LклM██х█мMл▄LLлM██х█мMKл▄LLKлM██х█мL▀л▄LлM██хB≥┬█мMл▄LLлM█▌█мM▀л▄LL▀лM█▌█мMкл▄LLклM█▌█мMKл▄LLKлM█▌B≥┬█мM▀л▄LL▀лM█▌H█мNл▄LMлM█▌H█мNKл▄LMKлM█▌H█мMкл▄LLклM█▌HB≥┬█м▄л▄LM▀лMMLх█м▄Kл▄LMклMMLх█мNKл▄LMKлMMLх█мNл▄LMлMMLхB≥┬█м▄▀л▄LNлM█л█м▄кл▄LNKлM█л█м▀л▄L▀лM█л█мLкл▄LKлM█лB≥┬█м▄▀л▄LNлM█лH█мLкл▄LKлM█лH█мL▀л▄LлM█лH█м█л▄L▄лM█лHB≥┬█м█л▄L▄лM█л┬█мL▀л▄LлM█л┬█мMKл▄LLKлM█л┬█м█Kл▄L▄KлM█л┬B≥┬█м█Kл▄L▄KлMMMх█мMKл▄LLKлMMMх█мMкл▄LLклMMMх█м█▀л▄L▄▀лMMMхB≥┬█м█▀л▄L▄▀лMMN█мMкл▄LLклMMN█мNKл▄LMKлMMN█м█кл▄L▄клMMNB≥┬█м▌л▄L█лMMNH█м▌Kл▄L█KлMMNH█млл▄L█▀лMMNH█млKл▄L█клMMNHB≥┬█мл▀л▄L▌лM█лх█млкл▄L▌KлM█лх█м▄кл▄LNKлM█лх█м▄▀л▄LNлM█лхB≥┬█ммл▄LллM█м█ммKл▄LлKлM█м█млкл▄L▌KлM█м█мл▀л▄L▌лM█мB≥┬█мл▀л▄L▌лM█мH█м▄▀л▄LNлM█мH█м█л▄L▄лM█мH█мм▀л▄Lл▀лM█мHB≥┬█ммл▄LллMM▄х█мл▀л▄L▌лMM▄х█мм▀л▄Lл▀лMM▄х█ммкл▄LлклMM▄хB≥┬█мм▀л▄Lл▀лMM██м█л▄L▄лMM██м█Kл▄L▄KлMM██мнл▄LмлMM█B≥┬█ммкл▄LлклM█м┬█мм▀л▄Lл▀лM█м┬█мнл▄LмлM█м┬█мнKл▄LмKлM█м┬B≥┬█мнл▄LмлMлN█м█Kл▄L▄KлMлN█м█▀л▄L▄▀лMлN█нл▄Lм▀лMлNB≥┬█мнKл▄LмKлMM█х█мнл▄LмлMM█х█нл▄Lм▀лMM█х█нKл▄LмклMM█хB≥┬█нл▄Lм▀лMM▌█м█▀л▄L▄▀лMM▌█м█кл▄L▄клMM▌█н▀л▄LнлMM▌B≥┬█нKл▄LмклM█н█нл▄Lм▀лM█н█н▀л▄LнлM█н█нкл▄LнKлM█нB≥┬█нл▄LлMMл█нKл▄LKлMMл█м▌Kл▄L█KлMMл█м▌л▄L█лMMлB≥┬█н▀л▄L▀лMMлH█нкл▄LклMMлH█нKл▄LKлMMлH█нл▄LлMMлHB≥┬█нKл▄LмклMMл┬█нкл▄LнKлMMл┬█нл▄LлMMл┬█нKл▄LKлMMл┬B≥┬█нкл▄LнKлMMл┬█нLл▄L▀лMMл┬█нLKл▄LклMMл┬█нл▄LлMMл┬B≥┬█нLKл▄LклMMл┬█нL▀л▄LлMMл┬█нLкл▄LKлMMл┬█нMл▄LLлMMл┬B≥┬█нMKл▄LLKлMMл┬█нM▀л▄LL▀лMMл┬█нKл▄LKлMMл┬█нл▄LлMMл┬B≥┬█нMKл▄LLKлMMл┬█нMкл▄LLклMMл┬█нNл▄LMлMMл┬█нM▀л▄LL▀лMMл┬B≥┬█нNKл▄LMKлMMлх█л▄LM▀лMMлх█Kл▄LMклMMлх█нMкл▄LLклMMлхB≥┬█нM▀л▄LL▀лMMл┬█ммл▄LллMMл┬█ммкл▄LлклMMл┬█нKл▄LKлMMл┬B≥┬█нKл▄LKлMMл┬█ммкл▄LлклMMл┬█мнKл▄LмKлMMл┬█нKл▄LмклMMл┬B≥┬█▀л▄LNлMMм█млл▄L█▀лMMм█м▄Kл▄LMклMMм█м▄л▄LM▀лMMмB≥┬█м█кл▄L▄клMMмH█мNKл▄LMKлMMмH█м▄Kл▄LMклMMмH█кл▄LNKлMMмHB≥┬█н▀л▄LнлMMм┬█м█кл▄L▄клMMм┬█кл▄LNKлMMм┬█л▄L▄лMMм┬B≥┬█нкл▄LнKлMMмх█н▀л▄LнлMMмх█л▄L▄лMMмх█нLл▄L▀лMMмхB≥┬█нкл▄LклMMл┬█нL▀л▄LлMMл┬█нLKл▄LклMMл┬█нLл▄L▀лMMл┬B≥┬█нMKл▄LLKлMMл┬█нл▄LлMMл┬█нLKл▄LклMMл┬█нMл▄LLлMMл┬B≥┬█нLкл▄LKлMMн█Kл▄L▄KлMMн█нNKл▄LMKлMMн█нMл▄LLлMMнB≥┬█мLл▄L▀лMM█мLкл▄LKлMM█м▀л▄L▀лMM█мKл▄LKлMMB≥┬█▀л▄L▄▀лM█нH█кл▄L▄клM█нH█млкл▄L▌KлM█нH█ммKл▄LлKлM█нHB≥┬█Kл▄LMклMMл┬█л▄L█лMMл┬█нNл▄LMлMMл┬█нMкл▄LLклMMл┬B≥┬█нMKл▄LLKлMN█нMл▄LLлMN█нNKл▄LMKлMN█нMкл▄LLклMNB≥┬█ммл▄LллMMн█нM▀л▄LL▀лMMн█нNл▄LMлMMн█ммKл▄LлKлMMнB≥┬█Kл▄L█KлM▌█Lл▄L█▀лM▌█LKл▄L█клM▌█L▀л▄L▌лM▌B≥┬█L▀л▄L▌лM▌H█LKл▄L█клM▌H█Lкл▄L▌KлM▌H█Mл▄LллM▌HB≥┬█Mл▄LллM▌┬█Lкл▄L▌KлM▌┬█MKл▄LлKлM▌┬█M▀л▄Lл▀лM▌┬B≥┬█M▀л▄Lл▀лMN█MKл▄LлKлMN█Mкл▄LлклMN█Nл▄LмлMNB≥┬█NKл▄LмKлMMм█Nл▄LмлMMм█Mкл▄LлклMMм█млKл▄L█клMMмB≥┬█▄л▄Lм▀лM▌х█Lл▄L█▀лM▌х█▄Kл▄LмклM▌х█▄▀л▄LнлM▌хB≥┬█▄л▄Lм▀лM▌█▄кл▄LнKлM▌█LKл▄L█клM▌█Lл▄L█▀лM▌B≥┬█▄кл▄LнKлM▌H██л▄LлM▌H█Lкл▄L▌KлM▌H█LKл▄L█клM▌HB≥┬██л▄LлMN██Kл▄LKлMN█MKл▄LлKлMN█Lкл▄L▌KлMNB≥┬██Kл▄LKлMNH██▀л▄L▀лMNH█Mкл▄LлклMNH█MKл▄LлKлMNHB≥┬██кл▄LклM▌┬█▄л▄Lм▀лM▌┬█▄▀л▄LнлM▌┬█▌л▄LлM▌┬B≥┬█▌Kл▄LKлMNLH██кл▄LклMNLH█▌л▄LлMNLH█лл▄L▀лMNLHB≥┬██кл▄LклM▌х█лKл▄LклM▌х█▄кл▄LнKлM▌х█▄л▄Lм▀лM▌хB≥┬█▌Kл▄LKлM▌█л▀л▄LлM▌█лKл▄LклM▌██кл▄LклM▌B≥┬█лKл▄LклM▌H█лкл▄LKлM▌H██л▄LлM▌H█▄кл▄LнKлM▌HB≥┬█л▀л▄LлMNMH█мл▄LLлMNMH█лкл▄LKлMNMH█лKл▄LклMNMHB≥┬█лкл▄LKлMлNH█мKл▄LLKлMлNH██Kл▄LKлMлNH██л▄LлMлNHB≥┬█мл▄LLлMNMх█м▀л▄LL▀лMNMх█мKл▄LLKлMNMх█лкл▄LKлMNMхB≥┬█мKл▄LLKлMNN█мкл▄LLклMNN██▀л▄L▀лMNN██Kл▄LKлMNNB≥┬█м▀л▄LL▀лMNNH█нл▄LMлMNNH█мкл▄LLклMNNH█мKл▄LLKлMNNHB≥┬█м▀л▄LL▀лMMлх█нKл▄LMKлMMлх█л▄LM▀лMMлх█нл▄LMлMMлхB≥┬█нл▄LMлMMл┬█л▄LM▀лMMл┬█Kл▄LMклMMл┬█н▀л▄L▀лMMл┬B≥┬█▀л▄LNлMMл┬█л▄LM▀лMMл┬█нKл▄LMKлMMл┬█кл▄LNKлMMл┬B≥┬█▀л▄LNлMMл┬█кл▄LNKлMMл┬█л▄LLлMMл┬█Kл▄LLKлMMл┬B≥┬█▀л▄LL▀лMMл┬█кл▄LLклMMл┬█л▄LLлMMл┬█Kл▄LLKлMMл┬B≥┬█лл▄L▀лMMлх█Lл▄LL▀лMMлх█LKл▄LLклMMлх█л▄LLлMMлхB≥┬█кл▄LNKлMMл┬█нKл▄LMKлMMл┬█л▀л▄LлMMл┬█▌Kл▄LKлMMл┬B≥┬█нKл▄LMKлMMлх█м▀л▄LL▀лMMлх█мл▄LLлMMлх█л▀л▄LлMMлхB≥┬██▀л▄L▀лMMNH█м▌л▄L█лMMNH█млKл▄L█клMMNH█Mкл▄LлклMMNHB≥┬█мкл▄LLклMMл█нл▄LлMMл█м▌л▄L█лMMл██▀л▄L▀лMMлB≥┬█нл▄LMлMMлH█н▀л▄L▀лMMлH█нл▄LлMMлH█мкл▄LLклMMлHB≥┬█▀л▄LNлMMл┬█L▀л▄LLлMMл┬█Kл▄LMклMMл┬█л▄LM▀лMMл┬B≥┬█Kл▄L█KлM▌L█Lкл▄LLKлM▌L█▄Kл▄LмклM▌L█Lл▄L█▀лM▌LB≥┬█▄Kл▄LмклM▌х█Mл▄LLLлM▌х█MKл▄LLLKлM▌х█▄▀л▄LнлM▌хB≥┬█▌л▄LлM▄H█M▀л▄LLL▀лM▄H█Lл▄LL▀лM▄H█лл▄L▀лM▄HB≥┬█л▄LLлMMл┬█LKл▄LLклMMл┬█л▄LLлMMл┬█Kл▄LLKлMMл┬B≥┬█▀л▄LNлMMн█Kл▄LLKлMMн█Mкл▄LLLклMMн█L▀л▄LLлMMнB≥┬█▌Kл▄LKлMN█лл▄L▀лMN█л▄LLлMN█кл▄LNKлMNB≥┬█Nл▄LLMлM▌LH█NKл▄LLMKлM▌LH█▄л▄LLM▀лM▌LH█▄Kл▄LLMклM▌LHB≥┬█▄Kл▄LLMклM▌L┬█▄л▄LLM▀лM▌L┬█▄▀л▄LLNлM▌L┬█▄кл▄LLNKлM▌L┬B≥┬█▄кл▄LLNKлM▌Lх█▄▀л▄LLNлM▌Lх██л▄LL▄лM▌Lх██Kл▄LL▄KлM▌LхB≥┬██Kл▄LL▄KлM▌M██л▄LL▄лM▌M██▀л▄LL▄▀лM▌M██кл▄LL▄клM▌MB≥┬█▌л▄LL█лM▄┬██кл▄LL▄клM▄┬██▀л▄LL▄▀лM▄┬█▌Kл▄LL█KлM▄┬B≥┬█лл▄LL█▀лM▌MH█NKл▄LLMKлM▌MH█лKл▄LL█клM▌MH█л▀л▄LL▌лM▌MHB≥┬█лл▄LL█▀лM▌M┬█лкл▄LL▌KлM▌M┬█▄л▄LLM▀лM▌M┬█NKл▄LLMKлM▌M┬B≥┬█лкл▄LL▌KлM▌Mх█мл▄LLллM▌Mх█▄▀л▄LLNлM▌Mх█▄л▄LLM▀лM▌MхB≥┬█мл▄LLллM▄L█мKл▄LLлKлM▄L██л▄LL▄лM▄L█▄▀л▄LLNлM▄LB≥┬█мKл▄LLлKлM▄LH█м▀л▄LLл▀лM▄LH██▀л▄LL▄▀лM▄LH██л▄LL▄лM▄LHB≥┬█мкл▄LLлклM▄L┬█нл▄LLмлM▄L┬█нKл▄LLмKлM▄L┬█▌Kл▄LL█KлM▄L┬B≥┬█л▄LLм▀лM▌N█лл▄LL█▀лM▌N█л▀л▄LL▌лM▌N█Kл▄LLмклM▌NB≥┬█▀л▄LLнлM█нH█л▄LLм▀лM█нH█Kл▄LLмклM█нH█кл▄LLнKлM█нHB≥┬█л▄LLм▀лM▌NH█л▄LMлM▌NH█лкл▄LL▌KлM▌NH█лл▄LL█▀лM▌NHB≥┬█▀л▄LLнлM▄MH█Kл▄LMKлM▄MH█л▄LMлM▄MH█л▄LLм▀лM▄MHB≥┬█л▄LMлM▄M┬█▀л▄LM▀лM▄M┬█мл▄LLллM▄M┬█лкл▄LL▌KлM▄M┬B≥┬█Kл▄LMKлMл█кл▄LMклMл█▀л▄LM▀лMл█л▄LMлMлB≥┬█▀л▄LM▀лMлH█л▄LMлMлH█мKл▄LLлKлMлH█мл▄LLллMлHB≥┬█кл▄LMклM▄NH█Kл▄LMKлM▄NH█л▄LMлM▄NH█▀л▄LM▀лM▄NHB≥┬█л▄LMлM▄▄█Lл▄LM▀лM▄▄█м▀л▄LLл▀лM▄▄█мKл▄LLлKлM▄▄B≥┬█Kл▄LMKлMл┬█LKл▄LMклMл┬█Lл▄LM▀лMл┬█л▄LMлMл┬B≥┬█L▀л▄LMлM▄▄┬█Lкл▄LMKлM▄▄┬█нл▄LLмлM▄▄┬█мкл▄LLлклM▄▄┬B≥┬█Mл▄LMLлM▄▄х█MKл▄LMLKлM▄▄х█Lкл▄LMKлM▄▄х█L▀л▄LMлM▄▄хB≥┬█Kл▄LMKлMMл┬█M▀л▄LML▀лMMл┬█Mкл▄LMLклMMл┬█LKл▄LMклMMл┬B≥┬█LKл▄LMклMMл┬█Mкл▄LMLклMMл┬█Nл▄LMMлMMл┬█Mл▄LMLлMMл┬B≥┬█NKл▄LMMKлMMн█Lл▄LMM▀лMMн█LKл▄LMMклMMн█L▀л▄LMNлMMнB≥┬█Lкл▄LMNKлMMн█Mкл▄LMLклMMн█M▀л▄LML▀лMMн█Lл▄LM▄лMMнB≥┬█Lкл▄LMNKлMMл┬█Lл▄LM▄лMMл┬█LKл▄LM▄KлMMл┬█L▀л▄LM▄▀лMMл┬B≥┬█кл▄LLнKлMMл┬█▀л▄L▄▀лMMл┬█л▄L█лMMл┬█LKл▄LM▄KлMMл┬B≥┬█Lл▄LM▄лMMн█M▀л▄LML▀лMMн█Kл▄LMKлMMн█▀л▄LLнлMMнB≥┬█M▀л▄LML▀лMMл┬█Kл▄LMKлMMл┬█кл▄LMклMMл┬█Kл▄LMKлMMл┬B≥┬█▌Kл▄LL█KлM▄██нKл▄LLмKлM▄██Lкл▄LM▄клM▄██▌л▄LL█лM▄█B≥┬█м▀л▄LLл▀лM▄█H█мкл▄LLлклM▄█H█▌Kл▄LL█KлM▄█H██▀л▄LL▄▀лM▄█HB≥┬█Lл▄LM▀лM▄█┬█L▀л▄LMлM▄█┬█мкл▄LLлклM▄█┬█м▀л▄LLл▀лM▄█┬B≥┬█LKл▄LMклM▄█х█Mл▄LMLлM▄█х█L▀л▄LMлM▄█х█Lл▄LM▀лM▄█хB≥┬█Nл▄LMMлMMл┬█Lл▄LMM▀лMMл┬█MKл▄LMLKлMMл┬█Mл▄LMLлMMл┬B≥┬█Lкл▄LMNKлMMн█Lл▄LM█лMMн█Nл▄LMMлMMн█Mкл▄LMLклMMнB≥┬█LKл▄LM█KлMMл┬█LLл▄LM█▀лMMл┬█LKл▄LMMклMMл┬█Lл▄LM█лMMл┬B≥┬█Nл▄LLMлM▄▌█LLKл▄LM█клM▄▌█лKл▄LL█клM▄▌█NKл▄LLMKлM▄▌B≥┬█лKл▄LL█клM▌MH█мкл▄LклM▌MH█LL▀л▄LM▌лM▌MH█л▀л▄LL▌лM▌MHB≥┬█л▀л▄LL▌лM▌N█LL▀л▄LM▌лM▌N█кл▄L▄клM▌N█Kл▄LLмклM▌NB≥┬█Lкл▄LMNKлMMлх█L▀л▄LM▄▀лMMлх█LKл▄LM█KлMMлх█Lл▄LM█лMMлхB≥┬█▀л▄LLнлMMл┬█кл▄LLнKлMMл┬█LKл▄LM▄KлMMл┬█Lл▄LM▄лMMл┬B≥┬█LLкл▄LM▌KлMлх█Mл▄LLLлMлх█LMл▄LMллMлх█LMKл▄LMлKлMлхB≥┬█LM▀л▄LMл▀лMл█LMкл▄LMлклMл█LNл▄LMмлMл█LNKл▄LMмKлMлB≥┬█LMкл▄LMлклMлH█L▄л▄LMм▀лMлH█L▄Kл▄LMмклMлH█LNл▄LMмлMлHB≥┬█L▄л▄LMм▀лMл┬█L▄▀л▄LMнлMл┬█L▄кл▄LMнKлMл┬█L▄Kл▄LMмклMл┬B≥┬█L▄▀л▄LMнлM▄лх█L█л▄LNлM▄лх█L█Kл▄LNKлM▄лх█L▄кл▄LMнKлM▄лхB≥┬█L█▀л▄LN▀лM▄██L█кл▄LNклM▄██L█Kл▄LNKлM▄██L█л▄LNлM▄█B≥┬█L▌л▄LNлMлх█L▌Kл▄LNKлMлх█LLкл▄LM▌KлMлх█LNKл▄LMмKлMлхB≥┬█L▌л▄LNлMл█LNKл▄LMмKлMл█LNл▄LMмлMл█Lлл▄LN▀лMлB≥┬█Lлл▄LN▀лMлH█LNл▄LMмлMлH█L▄Kл▄LMмклMлH█LлKл▄LNклMлHB≥┬█LлKл▄LNклM▄мх█L▄Kл▄LMмклM▄мх█L▄кл▄LMнKлM▄мх█Lл▀л▄LNлM▄мхB≥┬█Lл▀л▄LNлM▄н█L▄кл▄LMнKлM▄н█L█Kл▄LNKлM▄н█Lлкл▄LNKлM▄нB≥┬█Lмл▄LNLлMлL█LмKл▄LNLKлMлL█L▌Kл▄LNKлMлL█L▌л▄LNлMлLB≥┬█Lм▀л▄LNL▀лM▄H█Lмкл▄LNLклM▄H█LмKл▄LNLKлM▄H█Lмл▄LNLлM▄HB≥┬█Lмл▄LNLлMмх█L▌л▄LNлMмх█Lлл▄LN▀лMмх█Lнл▄LNMлMмхB≥┬█Lм▀л▄LNL▀лMлL┬█Lмл▄LNLлMлL┬█Lнл▄LNMлMлL┬█LнKл▄LNMKлMлL┬B≥┬█Lнл▄LNMлMлLх█Lлл▄LN▀лMлLх█LлKл▄LNклMлLх█Mл▄LNM▀лMлLхB≥┬█LнKл▄LNMKлM█х█Lнл▄LNMлM█х█Mл▄LNM▀лM█х█MKл▄LNMклM█хB≥┬█Mл▄LNM▀лM██LлKл▄LNклM██Lл▀л▄LNлM██M▀л▄LNNлM█B≥┬█MKл▄LNMклM█H█Mл▄LNM▀лM█H█M▀л▄LNNлM█H█Mкл▄LNNKлM█HB≥┬█M▀л▄LNNлM█┬█Lл▀л▄LNлM█┬█Lлкл▄LNKлM█┬█Mл▄L▄лM█┬B≥┬█Mкл▄LNNKлMлM█M▀л▄LNNлMлM█Mл▄L▄лMлM█MKл▄L▄KлMлMB≥┬█Mкл▄LNNKлMMл┬█MKл▄L▄KлMMл┬█M▀л▄L▄▀лMMл┬█Mкл▄L▄клMMл┬B≥┬█MKл▄L▄KлMMл┬█Mл▄L▄лMMл┬█NKл▄LMMKлMMл┬█M▀л▄L▄▀лMMл┬B≥┬█MKл▄L▄KлMMн█MLл▄L▄▀лMMн█Mкл▄L▄клMMн█M▀л▄L▄▀лMMнB≥┬█MKл▄L▄KлMMл┬█Kл▄LLKлMMл┬█MLKл▄L▄клMMл┬█MLл▄L▄▀лMMл┬B≥┬█MLл▄L▄▀лMMн█Lм▀л▄LNL▀лMMн█LнKл▄LNMKлMMн█Mкл▄L▄клMMнB≥┬█Mкл▄L▄клMMл┬█LнKл▄LNMKлMMл┬█MKл▄LNMклMMл┬█Mкл▄LNNKлMMл┬B≥┬█Lлкл▄LNKлM▄L┬█L█Kл▄LNKлM▄L┬█L█кл▄LNклM▄L┬█ML▀л▄L▄лM▄L┬B≥┬█Mл▄L▄лM▄▄┬█Lлкл▄LNKлM▄▄┬█ML▀л▄L▄лM▄▄┬█MLкл▄L▄KлM▄▄┬B≥┬█MKл▄L▄KлM▄▄х█Mл▄L▄лM▄▄х█MLкл▄L▄KлM▄▄х█Mл▄L▄лM▄▄хB≥┬█MKл▄L▄KлMMн█M▀л▄L▄▀лMMн█NKл▄LMMKлMMн█L▀л▄LMNлMMнB≥┬█LM▀л▄LMл▀лMлх█LNKл▄LMмKлMлх█LLкл▄LM▌KлMлх█LMKл▄LMлKлMлхB≥┬█M▀л▄LLL▀лMлL█MKл▄LLLKлMлL█L▌Kл▄LNKлMлL█LмKл▄LNLKлMлLB≥┬█MKл▄L▄KлMMл┬█L▀л▄LMNлMMл┬█▀л▄LL▀лMMл┬█Kл▄LLKлMMл┬B≥┬█Lм▀л▄LNL▀лMMлх█MLл▄L▄▀лMMлх█MLKл▄L▄клMMлх█Lмкл▄LNLклMMлхB≥┬█л▄LM▀лMMл┬█MMл▄L▄LлMMл┬█LLл▄LM█▀лMMл┬█LKл▄LM█KлMMл┬B≥┬█лKл▄LL█клM▄▌█LLKл▄LM█клM▄▌█мл▄LлM▄▌█мкл▄LклM▄▌B≥┬█LKл▄LM█KлMMлх█L▀л▄LM▄▀лMMлх█Kл▄LMклMMлх█л▄LM▀лMMлхB≥┬█кл▄LLнKлM█нH█Kл▄LLмклM█нH█кл▄L▄клM█нH█▀л▄L▄▀лM█нHB≥┬█L▀л▄LM▄▀лMMл┬█LKл▄LM▄KлMMл┬█л▄L█лMMл┬█Kл▄LMклMMл┬B≥┬█Mкл▄LLLклMMл┬█Kл▄LLKлMMл┬█л▄LLлMMл┬█кл▄LLклMMл┬B≥┬█Lмкл▄LNLклMMлх█MLKл▄L▄клMMлх█LKл▄LLклMMлх█Lл▄LL▀лMMлхB≥┬█LLкл▄LM▌KлMлх█L▌Kл▄LNKлMлх█MKл▄LLLKлMлх█Mл▄LLLлMлхB≥┬█LмKл▄LNLKлM▄H█Lмкл▄LNLклM▄H█Lл▄LL▀лM▄H█M▀л▄LLL▀лM▄HB≥┬█MLKл▄L▄клMMл┬█Kл▄LLKлMMл┬█л▄LLлMMл┬█LKл▄LLклMMл┬B≥┬█ммKл▄LлKлMMл┬█нNл▄LMлMMл┬█л▄L█лMMл┬█▀л▄L▄▀лMMл┬B≥┬█м▀л▄L▀лM█л█м▄кл▄LNKлM█л█LL▀л▄LM▌лM█л█мкл▄LклM█лB≥┬█м▄кл▄LNKлM▌N█млкл▄L▌KлM▌N█кл▄L▄клM▌N█LL▀л▄LM▌лM▌NB≥┬█▄Kл▄LмклM▌L█Lкл▄LLKлM▌L█LMл▄LMллM▌L█Mл▄LLLлM▌LB≥┬█▌л▄LлMлL█▄▀л▄LнлMлL█MKл▄LLLKлMлL█M▀л▄LLL▀лMлLB≥┬█нNKл▄LMKлMMл┬█Kл▄L▄KлMMл┬█MMл▄L▄LлMMл┬█л▄LM▀лMMл┬B≥┬█MMKл▄L▄LKлMM█MM▀л▄L▄L▀лMM█MMкл▄L▄LклMM█MNл▄L▄MлMMB≥┬█MNKл▄L▄MKлMMH█M▄л▄L▄M▀лMMH█M▄Kл▄L▄MклMMH█M▄▀л▄L▄NлMMHB≥┬█M▄л▄L▄M▀лMML█M▄кл▄L▄NKлMML█M█л▄L▄▄лMML█M▄Kл▄L▄MклMMLB≥┬█M▄кл▄L▄NKлMMLH█M█Kл▄L▄▄KлMMLH█M█▀л▄L▄▄▀лMMLH█M█л▄L▄▄лMMLHB≥┬█M█Kл▄L▄▄KлM█▌H█M█кл▄L▄▄клM█▌H█M▌л▄L▄█лM█▌H█M█▀л▄L▄▄▀лM█▌HB≥┬█M▌Kл▄L▄█KлMMLх█Mлл▄L▄█▀лMMLх█M▌л▄L▄█лMMLх█M█кл▄L▄▄клMMLхB≥┬█MлKл▄L▄█клMMM█Mл▀л▄L▄▌лMMM█MMKл▄L▄LKлMMM█M▄▀л▄L▄NлMMMB≥┬█MлKл▄L▄█клMMMH█M▄▀л▄L▄NлMMMH█M▄Kл▄L▄MклMMMH█Mлкл▄L▄▌KлMMMHB≥┬█Mлкл▄L▄▌KлMMM┬█M▄Kл▄L▄MклMMM┬█M█л▄L▄▄лMMM┬█Mмл▄L▄ллMMM┬B≥┬█Mмл▄L▄ллMMMх█M█л▄L▄▄лMMMх█M█▀л▄L▄▄▀лMMMх█MмKл▄L▄лKлMMMхB≥┬█MмKл▄L▄лKлMMN█M█▀л▄L▄▄▀лMMN█M▌л▄L▄█лMMN█Mм▀л▄L▄л▀лMMNB≥┬█Mмкл▄L▄лклMMNH█Mнл▄L▄млMMNH█MнKл▄L▄мKлMMNH█Nл▄L▄м▀лMMNHB≥┬█NKл▄L▄мклMM▄█N▀л▄L▄нлMM▄█Mл▀л▄L▄▌лMM▄█MлKл▄L▄█клMM▄B≥┬█Nкл▄L▄нKлMM▄H█Nл▄L█лMM▄H█N▀л▄L▄нлMM▄H█NKл▄L▄мклMM▄HB≥┬█NKл▄L▄мклMM▄┬█MлKл▄L▄█клMM▄┬█Mлкл▄L▄▌KлMM▄┬█NKл▄L█KлMM▄┬B≥┬█Nкл▄L▄нKлMM▄х█NKл▄L▄мклMM▄х█NKл▄L█KлMM▄х█N▀л▄L█▀лMM▄хB≥┬█NKл▄L█KлMM██Mлкл▄L▄▌KлMM██Mмл▄L▄ллMM██Nкл▄L█клMM█B≥┬█N▀л▄L█▀лMM█H█NKл▄L█KлMM█H█Nкл▄L█клMM█H█Nл▄L█лMM█HB≥┬█Nкл▄L█клMM█┬█Mмл▄L▄ллMM█┬█MмKл▄L▄лKлMM█┬█NKл▄L█KлMM█┬B≥┬█Nл▄L█лMM█х█Nкл▄L█клMM█х█NKл▄L█KлMM█х█NLл▄L█▀лMM█хB≥┬█NKл▄L█KлMM▌█MмKл▄L▄лKлMM▌█Mм▀л▄L▄л▀лMM▌█NLKл▄L█клMM▌B≥┬█NLл▄L█▀лMM▌H█NKл▄L█KлMM▌H█NLKл▄L█клMM▌H█NL▀л▄L█лMM▌HB≥┬█NLкл▄L█KлMMл█NMл▄L█LлMMл█Mнл▄L▄млMMл█Mмкл▄L▄лклMMлB≥┬█NMKл▄L█LKлMMлH█NM▀л▄L█L▀лMMлH█NMл▄L█LлMMлH█NLкл▄L█KлMMлHB≥┬█NLл▄L█▀лMMл┬█NL▀л▄L█лMMл┬█NMкл▄L█LклMMл┬█NNл▄L█MлMMл┬B≥┬█NL▀л▄L█лMMл┬█NNKл▄L█MKлMMл┬█▄л▄L█M▀лMMл┬█NMкл▄L█LклMMл┬B≥┬█▄л▄L█M▀лMMл┬█▄Kл▄L█MклMMл┬█▄▀л▄L█NлMMл┬█▄кл▄L█NKлMMл┬B≥┬█▄л▄L█▄лMMл┬█▄Kл▄L█▄KлMMл┬█NNл▄L█MлMMл┬█NMкл▄L█LклMMл┬B≥┬█▄л▄L█▄лMMл┬█▄▀л▄L█▄▀лMMл┬█▄кл▄L█▄клMMл┬█▄Kл▄L█▄KлMMл┬B≥┬█▄л▄L██лMMлх█▄Kл▄L██KлMMлх█▄Lл▄L██▀лMMлх█▄▀л▄L█▄▀лMMлхB≥┬█▄Kл▄L█▄KлMMл┬█Nкл▄L▄нKлMMл┬█N▀л▄L█▀лMMл┬█NNл▄L█MлMMл┬B≥┬█NNл▄L█MлMMлх█N▀л▄L█▀лMMлх█Nл▄L█лMMлх█NLл▄L█▀лMMлхB≥┬█▄LKл▄L██клMMм█MнKл▄L▄мKлMMм█Mлл▄L▄█▀лMMм█M▌Kл▄L▄█KлMMмB≥┬█Mм▀л▄L▄л▀лMMмH█M▌л▄L▄█лMMмH█Mлл▄L▄█▀лMMмH█▄L▀л▄L█▌лMMмHB≥┬█NLKл▄L█клMMм┬█Mм▀л▄L▄л▀лMMм┬█▄L▀л▄L█▌лMMм┬█▄Lкл▄L█▌KлMMм┬B≥┬█NL▀л▄L█лMMмх█NLKл▄L█клMMмх█▄Lкл▄L█▌KлMMмх█NNKл▄L█MKлMMмхB≥┬█NM▀л▄L█L▀лMMл┬█▄Kл▄L█MклMMл┬█▄л▄L█M▀лMMл┬█NNKл▄L█MKлMMл┬B≥┬█▄л▄L█▄лMMл┬█NMкл▄L█LклMMл┬█▄л▄L█M▀лMMл┬█▄кл▄L█NKлMMл┬B≥┬█▄▀л▄L█NлMMн█▄Mл▄L█ллMMн█▄л▄L██лMMн█▄кл▄L█NKлMMнB≥┬█MNKл▄L▄MKлMM█M▄▀л▄L▄NлMM█MMKл▄L▄LKлMM█MNл▄L▄MлMMB≥┬█▄MKл▄L█лKлMMнH█▄M▀л▄L█л▀лMMнH█N▀л▄L▄нлMMнH█Nл▄L█лMMнHB≥┬█▄Lл▄L██▀лMMл┬█▄Mкл▄L█лклMMл┬█▄кл▄L█▄клMMл┬█▄▀л▄L█▄▀лMMл┬B≥┬█▄л▄L█▄лMN█▄кл▄L█NKлMN█▄л▄L██лMN█▄▀л▄L█▄▀лMNB≥┬█Nкл▄L▄нKлMMн█▄Kл▄L█▄KлMMн█▄кл▄L█▄клMMн█Nл▄L█лMMнB≥┬█▄Nл▄L█млMNH█▄NKл▄L█мKлMNH█▄▄л▄L█м▀лMNH█▄▄Kл▄L█мклMNHB≥┬█▄▄Kл▄L█мклMN┬█▄▄л▄L█м▀лMN┬█▄▄▀л▄L█нлMN┬█▄▄кл▄L█нKлMN┬B≥┬█▄▄кл▄L█нKлMNх█▄▄▀л▄L█нлMNх█▄█л▄L▌лMNх█▄█Kл▄L▌KлMNхB≥┬█▄█Kл▄L▌KлMN█▄█л▄L▌лMN█▄█▀л▄L▌▀лMN█▄█кл▄L▌клMNB≥┬█▄▌л▄L▌лMMм█▄█кл▄L▌клMMм█▄█▀л▄L▌▀лMMм█Nл▄L▄м▀лMMмB≥┬█▄▌Kл▄L▌KлMNH█▄NKл▄L█мKлMNH█▄лл▄L▌▀лMNH█▄лKл▄L▌клMNHB≥┬█▄▌Kл▄L▌KлMN┬█▄л▀л▄L▌лMN┬█▄▄л▄L█м▀лMN┬█▄NKл▄L█мKлMN┬B≥┬█▄л▀л▄L▌лMNх█▄лкл▄L▌KлMNх█▄▄▀л▄L█нлMNх█▄▄л▄L█м▀лMNхB≥┬█▄лкл▄L▌KлMN█▄мл▄L▌LлMN█▄█л▄L▌лMN█▄▄▀л▄L█нлMNB≥┬█▄мл▄L▌LлMNH█▄мKл▄L▌LKлMNH█▄█▀л▄L▌▀лMNH█▄█л▄L▌лMNHB≥┬█▄м▀л▄L▌L▀лMNL█▄▌Kл▄L▌KлMNL█▄лKл▄L▌клMNL█▄мкл▄L▌LклMNLB≥┬█▄нл▄L▌MлMNLH█▄м▀л▄L▌L▀лMNLH█▄мкл▄L▌LклMNLH█▄нKл▄L▌MKлMNLHB≥┬█▄м▀л▄L▌L▀лMNL┬██л▄L▌M▀лMNL┬█▄л▀л▄L▌лMNL┬█▄▌Kл▄L▌KлMNL┬B≥┬█▄нл▄L▌MлMNLх██Kл▄L▌MклMNLх██л▄L▌M▀лMNLх█▄м▀л▄L▌L▀лMNLхB≥┬██л▄L▌M▀лMNM██▀л▄L▌NлMNM█▄лкл▄L▌KлMNM█▄л▀л▄L▌лMNMB≥┬██Kл▄L▌MклMNMH██кл▄L▌NKлMNMH██▀л▄L▌NлMNMH██л▄L▌M▀лMNMHB≥┬██▀л▄L▌NлMNM┬██л▄LллMNM┬█▄мл▄L▌LлMNM┬█▄лкл▄L▌KлMNM┬B≥┬██кл▄L▌NKлMNMх██Kл▄LлKлMNMх██л▄LллMNMх██▀л▄L▌NлMNMхB≥┬██л▄LллMNN██▀л▄Lл▀лMNN█▄мKл▄L▌LKлMNN█▄мл▄L▌LлMNNB≥┬██Kл▄LлKлMлMH██кл▄LлклMлMH██▀л▄Lл▀лMлMH██л▄LллMлMHB≥┬██Kл▄LлKлMMлх██л▄LллMMлх██Kл▄LлKлMMлх██кл▄LлклMMлхB≥┬██кл▄LлклMMл┬██Kл▄LлKлMMл┬██Lл▄Lл▀лMMл┬█NMKл▄L█LKлMMл┬B≥┬██LKл▄LлклMMл┬██Kл▄LлKлMMл┬██л▄LллMMл┬██L▀л▄LллMMл┬B≥┬██LKл▄LлклMMл┬██L▀л▄LллMMл┬██Lкл▄LлKлMMл┬██Mл▄LлLлMMл┬B≥┬██MKл▄LлLKлMMл┬██M▀л▄LлL▀лMMл┬██Mкл▄LлLклMMл┬██Nл▄LлMлMMл┬B≥┬█▄нKл▄L▌MKлMMлх██NKл▄LлMKлMMлх██▄л▄LлM▀лMMлх██Lкл▄LлKлMMлхB≥┬██L▀л▄LллMMл┬██л▄LллMMл┬██Kл▄L▌MклMMл┬█▄нл▄L▌MлMMл┬B≥┬██л▄LллMMл┬██Kл▄LлKлMMл┬██кл▄L▌NKлMMл┬██Kл▄L▌MклMMл┬B≥┬█▄мKл▄L▌LKлMMNH█Mмкл▄L▄лклMMNH█Nл▄L▄м▀лMMNH█▄█▀л▄L▌▀лMMNHB≥┬██▀л▄Lл▀лMMл█NLкл▄L█KлMMл█Mмкл▄L▄лклMMл█▄мKл▄L▌LKлMMлB≥┬██кл▄LлклMMлH█NMKл▄L█LKлMMлH█NLкл▄L█KлMMлH██▀л▄Lл▀лMMлHB≥┬██LKл▄LлклMMл┬██▄Kл▄LлMклMMл┬██Lл▄Lл▀лMMл┬██Kл▄LлKлMMл┬B≥┬█▄Nл▄L█млM▄██▄▀л▄LлNлM▄█▄лл▄L▌▀лM▄█▄NKл▄L█мKлM▄B≥┬█▄лл▄L▌▀лMNH██▄кл▄LлNKлMNH███л▄Lл▄лMNH█▄лKл▄L▌клMNHB≥┬█▄мкл▄L▌LклM▄H███Kл▄Lл▄KлM▄H██NKл▄LлMKлM▄H█▄нKл▄L▌MKлM▄HB≥┬██Lкл▄LлKлMMл┬██▄л▄LлM▀лMMл┬██Mкл▄LлLклMMл┬██Mл▄LлLлMMл┬B≥┬██LKл▄LлклMMн██Mл▄LлLлMMн███▀л▄Lл▄▀лMMн██▄Kл▄LлMклMMнB≥┬█▄нл▄L▌MлMN█▄нKл▄L▌MKлMN██Lкл▄LлKлMN██L▀л▄LллMNB≥┬███кл▄Lл▄клM▄┬██▌л▄Lл█лM▄┬██▌Kл▄Lл█KлM▄┬██лл▄Lл█▀лM▄┬B≥┬██лл▄Lл█▀лM▄х██▌Kл▄Lл█KлM▄х██лKл▄Lл█клM▄х██л▀л▄Lл▌лM▄хB≥┬██л▀л▄Lл▌лM▌Lх██лKл▄Lл█клM▌Lх██лкл▄Lл▌KлM▌Lх██мл▄LлллM▌LхB≥┬██мл▄LлллM▌M██лкл▄Lл▌KлM▌M██мKл▄LллKлM▌M██м▀л▄Lлл▀лM▌MB≥┬██мкл▄LллклM▄┬██м▀л▄Lлл▀лM▄┬██мKл▄LллKлM▄┬██нл▄LлмлM▄┬B≥┬██нKл▄LлмKлM▄х██▌л▄Lл█лM▄х█▌л▄Lлм▀лM▄х█▌Kл▄LлмклM▄хB≥┬██нKл▄LлмKлM▄█▌▀л▄LлнлM▄██▌Kл▄Lл█KлM▄██▌л▄Lл█лM▄B≥┬█▌▀л▄LлнлM▄H█▌кл▄LлнKлM▄H██лKл▄Lл█клM▄H██▌Kл▄Lл█KлM▄HB≥┬█▌кл▄LлнKлM▄L█▌л▄LмлM▄L██лкл▄Lл▌KлM▄L██лKл▄Lл█клM▄LB≥┬█▌л▄LмлM▄LH█▌Kл▄LмKлM▄LH██мKл▄LллKлM▄LH██лкл▄Lл▌KлM▄LHB≥┬█▌▀л▄Lм▀лM▄L┬█▌кл▄LмклM▄L┬█▌л▄LмлM▄L┬██нл▄LлмлM▄L┬B≥┬█▌Kл▄LмKлM▄Lх██нKл▄LлмKлM▄Lх█▌Kл▄LлмклM▄Lх█▌Lл▄Lм▀лM▄LхB≥┬█▌LKл▄LмклMMнH█▌Kл▄LмKлMMнH█▌Lл▄Lм▀лMMнH█▌L▀л▄LмлMMнHB≥┬█▌Kл▄LмKлMл▄█▌Lкл▄LмKлMл▄█▌▀л▄LлнлMл▄██нKл▄LлмKлMл▄B≥┬█▌LKл▄LмклM▄MH█▌Mл▄LмLлM▄MH█▌Lкл▄LмKлM▄MH█▌Kл▄LмKлM▄MHB≥┬█▌Lкл▄LмKлM▄M┬█▌MKл▄LмLKлM▄M┬█▌кл▄LлнKлM▄M┬█▌▀л▄LлнлM▄M┬B≥┬█▌Mл▄LмLлM▄Mх█▌M▀л▄LмL▀лM▄Mх█▌MKл▄LмLKлM▄Mх█▌Lкл▄LмKлM▄MхB≥┬█▌MKл▄LмLKлMл▄H█▌Mкл▄LмLклMл▄H█▌л▄LмлMл▄H█▌кл▄LлнKлMл▄HB≥┬█▌M▀л▄LмL▀лM▄NH█▌Nл▄LмMлM▄NH█▌Mкл▄LмLклM▄NH█▌MKл▄LмLKлM▄NHB≥┬█▌Mкл▄LмLклM▄▄█▌NKл▄LмMKлM▄▄█▌Kл▄LмKлM▄▄█▌л▄LмлM▄▄B≥┬█▌Nл▄LмMлMл┬█лл▄LмM▀лMл┬█▌NKл▄LмMKлMл┬█▌Mкл▄LмLклMл┬B≥┬█лKл▄LмMклM▄▄┬█л▀л▄LмNлM▄▄┬█▌кл▄LмклM▄▄┬█▌▀л▄Lм▀лM▄▄┬B≥┬█лкл▄LмNKлM▄▄х█лл▄Lм▄лM▄▄х█л▀л▄LмNлM▄▄х█лKл▄LмMклM▄▄хB≥┬█▌Nл▄LмMлMMл┬█лKл▄Lм▄KлMMл┬█л▀л▄Lм▄▀лMMл┬█лл▄LмM▀лMMл┬B≥┬█лл▄LмM▀лMMл┬█л▀л▄Lм▄▀лMMл┬█лкл▄Lм▄клMMл┬█лкл▄LмNKлMMл┬B≥┬█лл▄Lм█лMMн█лKл▄Lм█KлMMн█лLл▄Lм█▀лMMн█лLKл▄Lм█клMMнB≥┬█лL▀л▄Lм▌лMMн█л▀л▄Lм▄▀лMMн█лKл▄Lм▄KлMMн█лLкл▄Lм▌KлMMнB≥┬█лL▀л▄Lм▌лMMл┬█лLкл▄Lм▌KлMMл┬█лMл▄LмллMMл┬█лMKл▄LмлKлMMл┬B≥┬█▌L▀л▄LмлMMл┬█▄MKл▄L█лKлMMл┬█▄Mкл▄L█лклMMл┬█лMл▄LмллMMл┬B≥┬█лLкл▄Lм▌KлMMн█лKл▄Lм▄KлMMн█▌Mл▄LмLлMMн█▌LKл▄LмклMMнB≥┬█лKл▄Lм▄KлMMлх█▌Nл▄LмMлMMлх█▌M▀л▄LмL▀лMMлх█▌Mл▄LмLлMMлхB≥┬██нл▄LлмлM▄██▌л▄LмлM▄██лM▀л▄Lмл▀лM▄███мкл▄LллклM▄█B≥┬█▌Kл▄LмKлM▄█H█▌▀л▄Lм▀лM▄█H██нл▄LлмлM▄█H██мKл▄LллKлM▄█HB≥┬█▌NKл▄LмMKлM▄█┬█лKл▄LмMклM▄█┬█▌▀л▄Lм▀лM▄█┬█▌Kл▄LмKлM▄█┬B≥┬█лл▄LмM▀лM▄█х█лкл▄LмNKлM▄█х█лKл▄LмMклM▄█х█▌NKл▄LмMKлM▄█хB≥┬█лкл▄Lм▄клMMл┬█лKл▄Lм█KлMMл┬█лл▄Lм▄лMMл┬█лкл▄LмNKлMMл┬B≥┬█лL▀л▄Lм▌лMMн█лMкл▄LмлклMMн█лкл▄Lм▄клMMн█л▀л▄Lм▄▀лMMнB≥┬█лNл▄LммлMMл┬█лNKл▄LммKлMMл┬█лLл▄Lм█▀лMMл┬█лMкл▄LмлклMMл┬B≥┬███кл▄Lл▄клM▄▌█л▄л▄Lмм▀лM▄▌█▌л▄Lлм▀лM▄▌██▌л▄Lл█лM▄▌B≥┬█▌л▄Lлм▀лM▄х█MM▀л▄L▄L▀лM▄х█л▄Kл▄LммклM▄х█▌Kл▄LлмклM▄хB≥┬█▌Kл▄LлмклM▄Lх█л▄Kл▄LммклM▄Lх█▄M▀л▄L█л▀лM▄Lх█▌Lл▄Lм▀лM▄LхB≥┬█лL▀л▄Lм▌лMMлх█лMKл▄LмлKлMMлх█лNл▄LммлMMлх█лMкл▄LмлклMMлхB≥┬█▌LKл▄LмклMMл┬█▌L▀л▄LмлMMл┬█лMл▄LмллMMл┬█лLкл▄Lм▌KлMMл┬B≥┬█л▄▀л▄LмнлM▄▌H██▄кл▄LлNKлM▄▌H█л▄кл▄LмнKлM▄▌H█л█л▄LнлM▄▌HB≥┬█л█Kл▄LнKлM▄л█л█▀л▄Lн▀лM▄л█л█кл▄LнклM▄л█л▌л▄LнлM▄лB≥┬█л█▀л▄Lн▀лM▄лH█л▌Kл▄LнKлM▄лH█ллл▄Lн▀лM▄лH█л█кл▄LнклM▄лHB≥┬█л▌Kл▄LнKлMл┬█ллKл▄LнклMл┬█лл▀л▄LнлMл┬█ллл▄Lн▀лMл┬B≥┬█ллKл▄LнклM▄лх█ллкл▄LнKлM▄лх█лмл▄LнLлM▄лх█лл▀л▄LнлM▄лхB≥┬█лмKл▄LнLKлM▄██лм▀л▄LнL▀лM▄██лмл▄LнLлM▄██ллкл▄LнKлM▄█B≥┬█лмкл▄LнLклM▄м█лнл▄LнMлM▄м█л▄▀л▄LмнлM▄м█л▌л▄LнлM▄мB≥┬█лмкл▄LнLклM▄мH█л▌л▄LнлM▄мH█л█кл▄LнклM▄мH█лнKл▄LнMKлM▄мHB≥┬█лнKл▄LнMKлM▄м┬█л█кл▄LнклM▄м┬█ллл▄Lн▀лM▄м┬█мл▄LнM▀лM▄м┬B≥┬█мл▄LнM▀лM▄мх█ллл▄Lн▀лM▄мх█лл▀л▄LнлM▄мх█мKл▄LнMклM▄мхB≥┬█мKл▄LнMклM▄н█лл▀л▄LнлM▄н█лмл▄LнLлM▄н█м▀л▄LнNлM▄нB≥┬█мкл▄LнNKлM▄нH█мл▄MлM▄нH█лнл▄LнMлM▄нH█лмкл▄LнLклM▄нHB≥┬█мKл▄MKлM▄H█м▀л▄M▀лM▄H█мл▄MлM▄H█мкл▄LнNKлM▄HB≥┬█мкл▄LнNKлM██лмкл▄LнLклM██лнKл▄LнMKлM██мкл▄MклM█B≥┬█мKл▄MKлM█H█мкл▄LнNKлM█H█мкл▄MклM█H█мл▄MлM█HB≥┬█мкл▄MклM█┬█лнKл▄LнMKлM█┬█мл▄LнM▀лM█┬█мKл▄MKлM█┬B≥┬█мл▄MлM█х█мкл▄MклM█х█мKл▄MKлM█х█мLл▄M▀лM█хB≥┬█мKл▄MKлM██мл▄LнM▀лM██мKл▄LнMклM██мLKл▄MклM█B≥┬█мLл▄M▀лM█H█мKл▄MKлM█H█мLKл▄MклM█H█мL▀л▄MлM█HB≥┬█мLKл▄MклM█┬█мKл▄LнMклM█┬█м▀л▄LнNлM█┬█мLкл▄MKлM█┬B≥┬█мL▀л▄MлMлM█мLKл▄MклMлM█мLкл▄MKлMлM█мMл▄MLлMлMB≥┬█мL▀л▄MлMMл┬█мMл▄MLлMMл┬█мMKл▄MLKлMMл┬█мM▀л▄ML▀лMMл┬B≥┬█мMл▄MLлMMл┬█мMкл▄MLклMMл┬█лл▄Lм█лMMл┬█мMKл▄MLKлMMл┬B≥┬█мNл▄MMлMMн█мNKл▄MMKлMMн█мM▀л▄ML▀лMMн█мMKл▄MLKлMMнB≥┬█мNл▄MMлMMл┬██Nл▄LлMлMMл┬█м▄л▄MM▀лMMл┬█мNKл▄MMKлMMл┬B≥┬█мNKл▄MMKлMMн█мKл▄MKлMMн█мл▄MлMMн█мM▀л▄ML▀лMMнB≥┬█мM▀л▄ML▀лMMл┬█мл▄MлMMл┬█мLл▄M▀лMMл┬█мL▀л▄MлMMл┬B≥┬█м▀л▄LнNлM▄L┬█лмл▄LнLлM▄L┬█лм▀л▄LнL▀лM▄L┬█м▄Kл▄MMклM▄L┬B≥┬█мLкл▄MKлM▄▄┬█м▀л▄LнNлM▄▄┬█м▄Kл▄MMклM▄▄┬█м▄▀л▄MNлM▄▄┬B≥┬█мMл▄MLлM▄▄х█мLкл▄MKлM▄▄х█м▄▀л▄MNлM▄▄х█мMкл▄MLклM▄▄хB≥┬█мNл▄MMлMMн█мMKл▄MLKлMMн█лл▄Lм█лMMн█лLKл▄Lм█клMMнB≥┬█л█Kл▄LнKлM▄▌H█л▌л▄LнлM▄▌H█л▄▀л▄LмнлM▄▌H█л█л▄LнлM▄▌HB≥┬███Kл▄Lл▄KлM▄нH███л▄Lл▄лM▄нH█лнл▄LнMлM▄нH█мл▄MлM▄нHB≥┬█мNл▄MMлMMл┬█лLKл▄Lм█клMMл┬██MKл▄LлLKлMMл┬██Nл▄LлMлMMл┬B≥┬█мKл▄MKлMMлх█мNKл▄MMKлMMлх█м▄л▄MM▀лMMлх█м▀л▄M▀лMMлхB≥┬█▄Kл▄L██KлMMл┬█м▄кл▄MNKлMMл┬█лNKл▄LммKлMMл┬█лNл▄LммлMMл┬B≥┬█▄L▀л▄L█▌лMMNH█Mлл▄L▄█▀лMMNH█MнKл▄L▄мKлMMNH█Mнл▄L▄млMMNHB≥┬█▄Lкл▄L█▌KлMMл█▄L▀л▄L█▌лMMл█Mнл▄L▄млMMл█NMл▄L█LлMMлB≥┬█NNKл▄L█MKлMMлH█▄Lкл▄L█▌KлMMлH█NMл▄L█LлMMлH█NM▀л▄L█L▀лMMлHB≥┬██Lл▄Lл▀лMMл┬██▄Kл▄LлMклMMл┬█▄▀л▄L█NлMMл┬█▄Kл▄L█MклMMл┬B≥┬█▄▌л▄L▌лMMм█Nл▄L▄м▀лMMм█MнKл▄L▄мKлMMм█▄LKл▄L██клMMмB≥┬█NMKл▄L█LKлMMл┬██Lл▄Lл▀лMMл┬█▄Kл▄L█MклMMл┬█NM▀л▄L█L▀лMMл┬B≥┬██▄Kл▄LлMклMMн███▀л▄Lл▄▀лMMн█▄Mл▄L█ллMMн█▄▀л▄L█NлMMнB≥┬█м▄Kл▄MMклM▄L┬█лм▀л▄LнL▀лM▄L┬█▌л▄LмлM▄L┬█▌кл▄LмклM▄L┬B≥┬█м▄▀л▄MNлM▄▄┬█м▄Kл▄MMклM▄▄┬█▌кл▄LмклM▄▄┬█л▀л▄LмNлM▄▄┬B≥┬█мMкл▄MLклM▄▄х█м▄▀л▄MNлM▄▄х█л▀л▄LмNлM▄▄х█лл▄Lм▄лM▄▄хB≥┬█лкл▄Lм▄клMMн█лMкл▄LмлклMMн█лLл▄Lм█▀лMMн█лKл▄Lм█KлMMнB≥┬█лм▀л▄LнL▀лM▄██лмKл▄LнLKлM▄██лM▀л▄Lмл▀лM▄██▌л▄LмлM▄█B≥┬█лл▄Lм█лMMл┬█мMкл▄MLклMMл┬█лл▄Lм▄лMMл┬█лKл▄Lм█KлMMл┬B≥┬██MKл▄LлLKлMMл┬█лLKл▄Lм█клMMл┬█лLл▄Lм█▀лMMл┬█лNKл▄LммKлMMл┬B≥┬███▀л▄Lл▄▀лMMл┬██M▀л▄LлL▀лMMл┬█м▄кл▄MNKлMMл┬█▄Mл▄L█ллMMл┬B≥┬█▌л▄Lлм▀лM▄▌█л▄л▄Lмм▀лM▄▌█MMкл▄L▄LклM▄▌█MM▀л▄L▄L▀лM▄▌B≥┬█лNл▄LммлMMлх█лMKл▄LмлKлMMлх█▄Lл▄L██▀лMMлх█▄Kл▄L██KлMMлхB≥┬█▌L▀л▄LмлMMнH█▌Lл▄Lм▀лMMнH█▄M▀л▄L█л▀лMMнH█▄MKл▄L█лKлMMнHB≥┬█лMKл▄LмлKлMMл┬█лMл▄LмллMMл┬█▄Mкл▄L█лклMMл┬█▄Lл▄L██▀лMMл┬B≥┬███▀л▄Lл▄▀лMMл┬██Mл▄LлLлMMл┬██Mкл▄LлLклMMл┬██M▀л▄LлL▀лMMл┬B≥┬█м▀л▄M▀лMMлх█м▄л▄MM▀лMMлх██▄л▄LлM▀лMMлх██NKл▄LлMKлMMлхB≥┬█л▄▀л▄LмнлM▄м█лнл▄LнMлM▄м███л▄Lл▄лM▄м██▄кл▄LлNKлM▄мB≥┬█мл▄MлM▄H█м▀л▄M▀лM▄H██NKл▄LлMKлM▄H███Kл▄Lл▄KлM▄HB≥┬█м▄л▄MM▀лMMл┬██Nл▄LлMлMMл┬██Mкл▄LлLклMMл┬██▄л▄LлM▀лMMл┬B≥┬█Nл▄L█лMMл┬█▄кл▄L█▄клMMл┬█▄Mкл▄L█лклMMл┬█▄MKл▄L█лKлMMл┬B≥┬█MMKл▄L▄LKлMMM█Mл▀л▄L▄▌лMMM█л▄Kл▄LммклMMM█MM▀л▄L▄L▀лMMMB≥┬█Mл▀л▄L▄▌лMM▄█N▀л▄L▄нлMM▄█▄M▀л▄L█л▀лMM▄█л▄Kл▄LммклMM▄B≥┬█▄лл▄L▌▀лM▄██▄▀л▄LлNлM▄█л▄кл▄LмнKлM▄██▄кл▄LлNKлM▄B≥┬█▄мкл▄L▌LклMNL█▄лKл▄L▌клMNL███л▄Lл▄лMNL███Kл▄Lл▄KлMNLB≥┬█▄л▄L██лMMл┬█▄Mл▄L█ллMMл┬█м▄кл▄MNKлMMл┬█▄Kл▄L██KлMMл┬B≥┬██MKл▄LлLKлMMл┬█лNKл▄LммKлMMл┬█м▄кл▄MNKлMMл┬██M▀л▄LлL▀лMMл┬B≥┬▄нNKл▄█KлMMNH▄нMкл▄NNKлMMNH▄нML▀л▄▄лMMNH▄нMLKл▄▄клMMNHB≥┬▄нN▀л▄█▀лMMл▄нNKл▄█KлMMл▄нMLKл▄▄клMMл▄нM█кл▄▄▄клMMлB≥┬▄нMл▀л▄▄▌лMMлH▄нN▀л▄█▀лMMлH▄нM█кл▄▄▄клMMлH▄нM▌Kл▄▄█KлMMлHB≥┬█▄кл▄█нKлMMл┬█мл▄▌LлMMл┬▄нMмKл▄▄лKлMMл┬▄нMмл▄▄ллMMл┬B≥┬█Kл▄█MклMMм▄нMLкл▄▄KлMMм▄нML▀л▄▄лMMм▄нNл▄█лMMмB≥┬▄нM▌л▄▄█лMMл┬█▄кл▄█нKлMMл┬▄нMмл▄▄ллMMл┬▄нM▌Kл▄▄█KлMMл┬B≥┬█мл▄▌LлMMн█нKл▄▌MKлMMн▄нNкл▄█клMMн▄нMмKл▄▄лKлMMнB≥┬█Lмл▄нLлM▄L┬█LKл▄м█KлM▄L┬█▄Kл▄лMклM▄L┬█▄л▄лM▀лM▄L┬B≥┬█LмKл▄нLKлM▄▄┬█Lмл▄нLлM▄▄┬█▄л▄лM▀лM▄▄┬█мKл▄ллKлM▄▄┬B≥┬█Lлл▄н▀лM▄▄х█LмKл▄нLKлM▄▄х█мKл▄ллKлM▄▄х█мкл▄ллклM▄▄хB≥┬█л▄лм▀лMMн█Lл▄м▀лMMн█кл▄лнKлMMн█▀л▄лнлMMнB≥┬█LKл▄м█KлM▄██Lл▄м█лM▄██Kл▄мKлM▄██▄Kл▄лMклM▄█B≥┬█Kл▄лмклMMл┬█Lлл▄н▀лMMл┬█мкл▄ллклMMл┬█▀л▄лнлMMл┬B≥┬█▌л▄▌лMMл┬█л▄млMMл┬█кл▄лнKлMMл┬█L▀л▄млMMл┬B≥┬█▌Kл▄▌KлMMл┬█▌л▄▌лMMл┬█L▀л▄млMMл┬█Lм▀л▄нL▀лMMл┬B≥┬█нKл▄▌MKлMMл┬█▌Kл▄▌KлMMл┬█Lм▀л▄нL▀лMMл┬▄нNкл▄█клMMл┬B≥┬█NMл▄LлMMNH█ML▀л▄лMMNH█M▄Kл▄MклMMNH█M▄л▄M▀лMMNHB≥┬█NMKл▄LKлMMл█NMл▄LлMMл█M▄л▄M▀лMMл█Mм▀л▄л▀лMMлB≥┬█NKл▄мклMMлH█NMKл▄LKлMMлH█Mм▀л▄л▀лMMлH█Mнл▄млMMлHB≥┬█▄л▀л▄лMMл┬██кл▄NKлMMл┬█Nл▄лMMл┬█Nкл▄нKлMMл┬B≥┬█▄Lл▄█▀лMMм█M▄▀л▄NлMMм█M▄Kл▄MклMMм█NLкл▄KлMMмB≥┬█Mмкл▄лклMMл┬█▄л▀л▄лMMл┬█Nкл▄нKлMMл┬█Mнл▄млMMл┬B≥┬██кл▄NKлMMн██л▄LлMMн█NM▀л▄L▀лMMн█Nл▄лMMнB≥┬█мкл▄NNKлM▄L┬█лNл▄MмлM▄L┬██лл▄L█▀лM▄L┬██▌Kл▄L█KлM▄L┬B≥┬█мл▄LлM▄▄┬█мкл▄NNKлM▄▄┬██▌Kл▄L█KлM▄▄┬█▌л▄MлM▄▄┬B≥┬█лнKл▄NMKлM▄▄х█мл▄LлM▄▄х█▌л▄MлM▄▄х█▌▀л▄M▀лM▄▄хB≥┬█▌Kл▄MKлMMн█▌NKл▄MMKлMMн█▌L▀л▄MлMMн█▌LKл▄MклMMнB≥┬█лNл▄MмлM▄██лMкл▄MлклM▄██▌Nл▄MMлM▄███лл▄L█▀лM▄█B≥┬█▌Lл▄M▀лMMл┬█лнKл▄NMKлMMл┬█▌▀л▄M▀лMMл┬█▌LKл▄MклMMл┬B≥┬█▄мкл▄LклMMл┬█▌Lкл▄MKлMMл┬█▌L▀л▄MлMMл┬█лKл▄MMклMMл┬B≥┬█▄нл▄MлMMл┬█▄мкл▄LклMMл┬█лKл▄MMклMMл┬█мKл▄LKлMMл┬B≥┬██л▄LлMMл┬█▄нл▄MлMMл┬█мKл▄LKлMMл┬█NM▀л▄L▀лMMл┬B≥┬█кл▄LNKлMMNH█м▄Kл▄LMклMMNH█млл▄L█▀лMMNH█м▌Kл▄L█KлMMNHB≥┬█л▄L▄лMMл█кл▄LNKлMMл█м▌Kл▄L█KлMMл█нKл▄LKлMMлB≥┬█нLл▄L▀лMMлH█л▄L▄лMMлH█нKл▄LKлMMлH█нкл▄LклMMлHB≥┬█Kл▄LMклMMл┬█L▀л▄LLлMMл┬█нLкл▄LKлMMл┬█нL▀л▄LлMMл┬B≥┬█NKл▄LмKлMMм█млKл▄L█клMMм█млл▄L█▀лMMм█▀л▄LNлMMмB≥┬█н▀л▄L▀лMMл┬█Kл▄LMклMMл┬█нL▀л▄LлMMл┬█нкл▄LклMMл┬B≥┬█L▀л▄LLлMMн█Mкл▄LLLклMMн█Kл▄L▄KлMMн█нLкл▄LKлMMнB≥┬█ML▀л▄L▄лM▄L┬█L█кл▄LNклM▄L┬█нKл▄LLмKлM▄L┬█нл▄LLмлM▄L┬B≥┬█MLкл▄L▄KлM▄▄┬█ML▀л▄L▄лM▄▄┬█нл▄LLмлM▄▄┬█Lкл▄LMKлM▄▄┬B≥┬█Mл▄L▄лM▄▄х█MLкл▄L▄KлM▄▄х█Lкл▄LMKлM▄▄х█MKл▄LMLKлM▄▄хB≥┬█Nл▄LMMлMMн█Lл▄LM█лMMн█LKл▄LMMклMMн█Lл▄LMM▀лMMнB≥┬█L█кл▄LNклM▄██L█▀л▄LN▀лM▄██Lкл▄LM▄клM▄██нKл▄LLмKлM▄█B≥┬█NKл▄LMMKлMMл┬█Mл▄L▄лMMл┬█MKл▄LMLKлMMл┬█Lл▄LMM▀лMMл┬B≥┬█▀л▄LL▀лMMл┬█L▀л▄LMNлMMл┬█LKл▄LMMклMMл┬█LLл▄LM█▀лMMл┬B≥┬█кл▄LLклMMл┬█▀л▄LL▀лMMл┬█LLл▄LM█▀лMMл┬█MMл▄L▄LлMMл┬B≥┬█Mкл▄LLLклMMл┬█кл▄LLклMMл┬█MMл▄L▄LлMMл┬█Kл▄L▄KлMMл┬B≥┬█м█л▄M▄лMM█м█Kл▄M▄KлMM█м█▀л▄M▄▀лMM█м█кл▄M▄клMMB≥┬█м▌л▄M█лMMH█м▌Kл▄M█KлMMH█млл▄M█▀лMMH█млKл▄M█клMMHB≥┬█м▌Kл▄M█KлMML█мл▀л▄M▌лMML█млкл▄M▌KлMML█млл▄M█▀лMMLB≥┬█мл▀л▄M▌лMMLH█ммл▄MллMMLH█ммKл▄MлKлMMLH█млкл▄M▌KлMMLHB≥┬█ммл▄MллMML┬█мм▀л▄Mл▀лMML┬█ммкл▄MлклMML┬█ммKл▄MлKлMML┬B≥┬█мнл▄MмлMMLх█мнKл▄MмKлMMLх█ммкл▄MлклMMLх█мм▀л▄Mл▀лMMLхB≥┬█нл▄Mм▀лMMM█нKл▄MмклMMM█м█л▄M▄лMMM█млKл▄M█клMMMB≥┬█нл▄Mм▀лMMMH█млKл▄M█клMMMH█млл▄M█▀лMMMH█н▀л▄MнлMMMHB≥┬█н▀л▄MнлMMM┬█млл▄M█▀лMMM┬█млкл▄M▌KлMMM┬█нкл▄MнKлMMM┬B≥┬█нкл▄MнKлMMMх█млкл▄M▌KлMMMх█ммKл▄MлKлMMMх█нл▄MлMMMхB≥┬█нл▄MлMMN█ммKл▄MлKлMMN█ммкл▄MлклMMN█нKл▄MKлMMNB≥┬█н▀л▄M▀лMMNH█нкл▄MклMMNH█нл▄MлMMNH█нKл▄MKлMMNHB≥┬█нLл▄M▀лMM▄█нLKл▄MклMM▄█нKл▄MмклMM▄█нл▄Mм▀лMM▄B≥┬█нL▀л▄MлMM▄H█нLкл▄MKлMM▄H█нLKл▄MклMM▄H█нLл▄M▀лMM▄HB≥┬█нLл▄M▀лMM▄┬█нл▄Mм▀лMM▄┬█н▀л▄MнлMM▄┬█нMл▄MLлMM▄┬B≥┬█нL▀л▄MлMM▄х█нLл▄M▀лMM▄х█нMл▄MLлMM▄х█нMKл▄MLKлMM▄хB≥┬█нMл▄MLлMM██н▀л▄MнлMM██нкл▄MнKлMM██нM▀л▄ML▀лMM█B≥┬█нMKл▄MLKлMM█H█нMл▄MLлMM█H█нM▀л▄ML▀лMM█H█нMкл▄MLклMM█HB≥┬█нM▀л▄ML▀лMм█нкл▄MнKлMм█нл▄MлMм█нNл▄MMлMмB≥┬█нMкл▄MLклMM█х█нM▀л▄ML▀лMM█х█нNл▄MMлMM█х█нNKл▄MMKлMM█хB≥┬█нNл▄MMлMM▌█нл▄MлMM▌█нKл▄MKлMM▌█л▄MM▀лMM▌B≥┬█нNKл▄MMKлMM▌H█нNл▄MMлMM▌H█л▄MM▀лMM▌H█Kл▄MMклMM▌HB≥┬█▀л▄MNлMMл█кл▄MNKлMMл█нкл▄MклMMл█н▀л▄M▀лMMлB≥┬█л▄M▄лMMлH█Kл▄M▄KлMMлH█кл▄MNKлMMлH█▀л▄MNлMMлHB≥┬█нNKл▄MMKлMMл┬█Kл▄MMклMMл┬█▀л▄M▄▀лMMл┬█кл▄M▄клMMл┬B≥┬█Kл▄MMклMMл┬█л▄M█лMMл┬█Kл▄M█KлMMл┬█▀л▄M▄▀лMMл┬B≥┬█Kл▄M█KлMMл┬█Lл▄M█▀лMMл┬█LKл▄M█клMMл┬█L▀л▄M▌лMMл┬B≥┬█Lкл▄M▌KлMMл┬█Mл▄MллMMл┬█кл▄M▄клMMл┬█▀л▄M▄▀лMMл┬B≥┬█Lкл▄M▌KлMMл┬█MKл▄MлKлMMл┬█M▀л▄Mл▀лMMл┬█Mл▄MллMMл┬B≥┬█Mкл▄MлклMMлх█Nл▄MмлMMлх█NKл▄MмKлMMлх█MKл▄MлKлMMлхB≥┬█Mл▄MллMMл┬█нL▀л▄MлMMл┬█нMKл▄MLKлMMл┬█кл▄M▄клMMл┬B≥┬█кл▄M▄клMMл┬█нMKл▄MLKлMMл┬█нMкл▄MLклMMл┬█нNKл▄MMKлMMл┬B≥┬█▄л▄Mм▀лMMм█нл▄MлMMм█мнKл▄MмKлMMм█мнл▄MмлMMмB≥┬█нKл▄MKлMMмH█ммкл▄MлклMMмH█мнKл▄MмKлMMмH█▄Kл▄MмклMMмHB≥┬█л▄MM▀лMMм┬█нKл▄MKлMMм┬█▄Kл▄MмклMMм┬█▄▀л▄MнлMMм┬B≥┬█Kл▄MMклMMмх█л▄MM▀лMMмх█▄▀л▄MнлMMмх█л▄M█лMMмхB≥┬█Kл▄M▄KлMMл┬█Lл▄M█▀лMMл┬█Kл▄M█KлMMл┬█л▄M█лMMл┬B≥┬█Lкл▄M▌KлMMл┬█▀л▄M▄▀лMMл┬█Kл▄M█KлMMл┬█L▀л▄M▌лMMл┬B≥┬█LKл▄M█клMMн█▄кл▄MнKлMMн█Mкл▄MлклMMн█L▀л▄M▌лMMнB≥┬█м▌л▄M█лMM█млKл▄M█клMM█м█л▄M▄лMM█м█кл▄M▄клMMB≥┬██л▄MлMMнH██Kл▄MKлMMнH█нLKл▄MклMMнH█нLкл▄MKлMMнHB≥┬█NKл▄MмKлMMл┬██▀л▄M▀лMMл┬█M▀л▄Mл▀лMMл┬█MKл▄MлKлMMл┬B≥┬█Lкл▄M▌KлMN█L▀л▄M▌лMN█Mкл▄MлклMN█MKл▄MлKлMNB≥┬█нL▀л▄MлMMн█Mл▄MллMMн█M▀л▄Mл▀лMMн█нLкл▄MKлMMнB≥┬██кл▄MклMлл┬█▌л▄MлMлл┬█▌Kл▄MKлMлл┬█лл▄M▀лMлл┬B≥┬█лл▄M▀лMN┬█▌Kл▄MKлMN┬█лKл▄MклMN┬█л▀л▄MлMN┬B≥┬█л▀л▄MлMмH█лKл▄MклMмH█лкл▄MKлMмH█мл▄MLлMмHB≥┬█мл▄MLлMN█лкл▄MKлMN█мKл▄MLKлMN█м▀л▄ML▀лMNB≥┬█мкл▄MLклMMм█м▀л▄ML▀лMMм█мKл▄MLKлMMм█нKл▄MKлMMмB≥┬█нл▄MMлMNH█▌л▄MлMNH█нKл▄MMKлMNH█л▄MM▀лMNHB≥┬█нл▄MMлMлм█Kл▄MMклMлм█▌Kл▄MKлMлм█▌л▄MлMлмB≥┬█Kл▄MMклMм┬█▀л▄MNлMм┬█лKл▄MклMм┬█▌Kл▄MKлMм┬B≥┬█▀л▄MNлMN█кл▄MNKлMN█лкл▄MKлMN█лKл▄MклMNB≥┬█кл▄MNKлMNH█л▄MLлMNH█мKл▄MLKлMNH█лкл▄MKлMNHB≥┬█Kл▄MLKлMNL█нл▄MMлMNL█л▄MM▀лMNL█▀л▄ML▀лMNLB≥┬█кл▄MLклMNLH█Kл▄MLKлMNLH█▀л▄ML▀лMNLH█л▄MLлMNLHB≥┬█Kл▄MLKлMNL┬█Kл▄MLKлMNL┬█Kл▄MMклMNL┬█нл▄MMлMNL┬B≥┬█кл▄MLклMNLх█Lл▄ML▀лMNLх█Kл▄MLKлMNLх█Kл▄MLKлMNLхB≥┬█Kл▄MLKлM▌H█LKл▄MLклM▌H█▀л▄MNлM▌H█Kл▄MMклM▌HB≥┬█Lл▄ML▀лMNMH█L▀л▄MLлMNMH█LKл▄MLклMNMH█Kл▄MLKлMNMHB≥┬█LKл▄MLклMNM┬█Lкл▄MLKлMNM┬█кл▄MNKлMNM┬█▀л▄MNлMNM┬B≥┬█L▀л▄MLлMмх█Mл▄MLLлMмх█Lкл▄MLKлMмх█LKл▄MLклMмхB≥┬█Lкл▄MLKлMNN█MKл▄MLLKлMNN█л▄MLлMNN█кл▄MNKлMNNB≥┬█Mл▄MLLлMлMH█M▀л▄MLL▀лMлMH█MKл▄MLLKлMлMH█Lкл▄MLKлMлMHB≥┬█Mл▄MLLлMMлх█Mкл▄MLLклMMлх█Nл▄MLMлMMлх█M▀л▄MLL▀лMMлхB≥┬█M▀л▄MLL▀лMMл┬█Nл▄MLMлMMл┬█NKл▄MLMKлMMл┬█л▄M▄лMMл┬B≥┬█▄л▄MLM▀лMMл┬█Nл▄MLMлMMл┬█Mкл▄MLLклMMл┬█▄Kл▄MLMклMMл┬B≥┬█▄л▄MLM▀лMMл┬█▄Kл▄MLMклMMл┬█▄▀л▄MLNлMMл┬█▄кл▄MLNKлMMл┬B≥┬██л▄ML▄лMMл┬██Kл▄ML▄KлMMл┬██▀л▄ML▄▀лMMл┬██кл▄ML▄клMMл┬B≥┬█л▄MLлMMлх█▌л▄ML█лMMлх█▌Kл▄ML█KлMMлх█▄▀л▄MLNлMMлхB≥┬█▄Kл▄MLMклMMл┬█Mкл▄MLLклMMл┬█Lл▄ML▀лMMл┬█кл▄MLклMMл┬B≥┬█Mкл▄MLLклMMлх█Mл▄MLLлMMлх█L▀л▄MLлMMлх█Lл▄ML▀лMMлхB≥┬█л▄MLлMMNH█н▀л▄M▀лMMNH█нKл▄MKлMMNH█мKл▄MLKлMMNHB≥┬█MKл▄MLLKлMMл█▀л▄MNлMMл█н▀л▄M▀лMMл█л▄MLлMMлB≥┬█M▀л▄MLL▀лMMлH█л▄M▄лMMлH█▀л▄MNлMMлH█MKл▄MLLKлMMлHB≥┬█▄л▄MLM▀лMMл┬█лл▄ML█▀лMMл┬█NKл▄MLMKлMMл┬█Nл▄MLMлMMл┬B≥┬██кл▄MклM▌L█лKл▄ML█клM▌L█нKл▄MMKлM▌L█▌л▄MлM▌LB≥┬█нKл▄MMKлMNH█л▀л▄ML▌лMNH█лкл▄ML▌KлMNH█л▄MM▀лMNHB≥┬█▀л▄ML▀лM▄H█мл▄MLллM▄H█▌л▄ML█лM▄H█л▄MLлM▄HB≥┬█▄▀л▄MLNлMMл┬█▌Kл▄ML█KлMMл┬██▀л▄ML▄▀лMMл┬█▄кл▄MLNKлMMл┬B≥┬█▄л▄MLM▀лMMн█▄кл▄MLNKлMMн█мKл▄MLлKлMMн█лл▄ML█▀лMMнB≥┬█кл▄MLклMN█л▄MLлMN█▄▀л▄MLNлMN█▄Kл▄MLMклMNB≥┬█м▀л▄MLл▀лM▄┬█мкл▄MLлклM▄┬█нл▄MLмлM▄┬█нKл▄MLмKлM▄┬B≥┬█нKл▄MLмKлM▄х█нл▄MLмлM▄х█л▄MLм▀лM▄х█Kл▄MLмклM▄хB≥┬█Kл▄MLмклM▄█л▄MLм▀лM▄█▀л▄MLнлM▄█кл▄MLнKлM▄B≥┬█кл▄MLнKлM▄H█▀л▄MLнлM▄H█л▄MMлM▄H█Kл▄MMKлM▄HB≥┬█▀л▄MM▀лM▄┬█Kл▄MMKлM▄┬█л▄MMлM▄┬█кл▄MMклM▄┬B≥┬█л▄MMлM▄х█мкл▄MLлклM▄х█Kл▄MMKлM▄х█Lл▄MM▀лM▄хB≥┬█л▄MMлM▄█LKл▄MMклM▄█нл▄MLмлM▄█мкл▄MLлклM▄B≥┬█LKл▄MMклM▄H█L▀л▄MMлM▄H█л▄MLм▀лM▄H█нл▄MLмлM▄HB≥┬█L▀л▄MMлMлмх█Lкл▄MMKлMлмх█▀л▄MLнлMлмх█л▄MLм▀лMлмхB≥┬█Lкл▄MMKлM▄LH█Mл▄MMLлM▄LH█л▄MMлM▄LH█▀л▄MLнлM▄LHB≥┬█MKл▄MMLKлM▄L┬█M▀л▄MML▀лM▄L┬█Mкл▄MMLклM▄L┬█кл▄MMклM▄L┬B≥┬█Nл▄MMMлM▄Lх█л▄MMлM▄Lх█Lл▄MM▀лM▄Lх█NKл▄MMMKлM▄LхB≥┬█Lл▄MMM▀лMMнH█Nл▄MMMлMMнH█NKл▄MMMKлMMнH█LKл▄MMMклMMнHB≥┬█Nл▄MMMлMл▄█L▀л▄MMNлMл▄█LKл▄MMклMл▄█л▄MMлMл▄B≥┬█Lл▄MMM▀лM▄MH█Lкл▄MMNKлM▄MH█L▀л▄MMNлM▄MH█Nл▄MMMлM▄MHB≥┬█L▀л▄MMNлM▄M┬█Lл▄MM▄лM▄M┬█L▀л▄MMлM▄M┬█LKл▄MMклM▄M┬B≥┬█Lкл▄MMNKлM▄Mх█LKл▄MM▄KлM▄Mх█Lл▄MM▄лM▄Mх█L▀л▄MMNлM▄MхB≥┬█Lл▄MM▄лMл▄H█L▀л▄MM▄▀лMл▄H█Lкл▄MMKлMл▄H█L▀л▄MMлMл▄HB≥┬█LKл▄MM▄KлM▄NH█Lкл▄MM▄клM▄NH█L▀л▄MM▄▀лM▄NH█Lл▄MM▄лM▄NHB≥┬█L▀л▄MM▄▀лM▄▄█Lл▄MM█лM▄▄█Mл▄MMLлM▄▄█Lкл▄MMKлM▄▄B≥┬█Lкл▄MM▄клMл┬█LKл▄MM█KлMл┬█Lл▄MM█лMл┬█L▀л▄MM▄▀лMл┬B≥┬█LLл▄MM█▀лM▄▄┬█LLKл▄MM█клM▄▄┬█M▀л▄MML▀лM▄▄┬█MKл▄MMLKлM▄▄┬B≥┬█LL▀л▄MM▌лM▄▄х█LLкл▄MM▌KлM▄▄х█LLKл▄MM█клM▄▄х█LLл▄MM█▀лM▄▄хB≥┬█Lкл▄MM▄клMMл┬█LMл▄MMллMMл┬█LMKл▄MMлKлMMл┬█LKл▄MM█KлMMл┬B≥┬█LKл▄MM█KлMMл┬█LMKл▄MMлKлMMл┬█LM▀л▄MMл▀лMMл┬█LL▀л▄MM▌лMMл┬B≥┬█LMкл▄MMлклMMн█LNл▄MMмлMMн█LNKл▄MMмKлMMн█L▄л▄MMм▀лMMнB≥┬█L▄Kл▄MMмклMMн█LMKл▄MMлKлMMн█LMл▄MMллMMн█L▄▀л▄MMнлMMнB≥┬█L▄Kл▄MMмклMMл┬█L▄▀л▄MMнлMMл┬█L▄кл▄MMнKлMMл┬█L█л▄MNлMMл┬B≥┬█LKл▄MMMклMMл┬██л▄MлMMл┬██▀л▄M▀лMMл┬█L▄кл▄MMнKлMMл┬B≥┬█L▄▀л▄MMнлMMн█LMл▄MMллMMн█Lкл▄MMNKлMMн█Lл▄MMM▀лMMнB≥┬█LMл▄MMллMMл┬█Lкл▄MM▄клMMл┬█LKл▄MM▄KлMMл┬█Lкл▄MMNKлMMл┬B≥┬█кл▄MMклM▄██Mкл▄MMLклM▄██L█Kл▄MNKлM▄██▀л▄MM▀лM▄█B≥┬█Mл▄MMLлM▄█H█MKл▄MMLKлM▄█H█кл▄MMклM▄█H█л▄MMлM▄█HB≥┬█Lл▄MM█лM▄█┬█LLл▄MM█▀лM▄█┬█MKл▄MMLKлM▄█┬█Mл▄MMLлM▄█┬B≥┬█LKл▄MM█KлM▄█х█LL▀л▄MM▌лM▄█х█LLл▄MM█▀лM▄█х█Lл▄MM█лM▄█хB≥┬█LM▀л▄MMл▀лMMл┬█LNл▄MMмлMMл┬█LLкл▄MM▌KлMMл┬█LL▀л▄MM▌лMMл┬B≥┬█L▄Kл▄MMмклMMн█L█▀л▄MN▀лMMн█LM▀л▄MMл▀лMMн█LMKл▄MMлKлMMнB≥┬█L█кл▄MNклMMл┬█L▌л▄MNлMMл┬█LNKл▄MMмKлMMл┬█L█▀л▄MN▀лMMл┬B≥┬█м▀л▄MLл▀лM▄▌█L▌Kл▄MNKлM▄▌█Kл▄MMKлM▄▌█мкл▄MLлклM▄▌B≥┬█Kл▄MMKлM▄х█м█Kл▄M▄KлM▄х█Lлл▄MN▀лM▄х█Lл▄MM▀лM▄хB≥┬█Lл▄MM▀лM▄Lх█Lлл▄MN▀лM▄Lх██Kл▄MKлM▄Lх█NKл▄MMMKлM▄LхB≥┬█L▄Kл▄MMмклMMлх█L█л▄MNлMMлх█L█кл▄MNклMMлх█L█▀л▄MN▀лMMлхB≥┬█Lл▄MMM▀лMMл┬█LKл▄MMMклMMл┬█L▄кл▄MMнKлMMл┬█L▄▀л▄MMнлMMл┬B≥┬█LлKл▄MNклMлх█л▀л▄ML▌лMлх█Lл▀л▄MNлMлх█Lлкл▄MNKлMлхB≥┬█Lмл▄MNLлMлн█LмKл▄MNLKлMлн█Lм▀л▄MNL▀лMлн█Lмкл▄MNLклMлнB≥┬█LмKл▄MNLKлM▄лH█Lнл▄MNMлM▄лH█LнKл▄MNMKлM▄лH█Lм▀л▄MNL▀лM▄лHB≥┬█Lнл▄MNMлMл┬█Mл▄MNM▀лMл┬█MKл▄MNMклMл┬█LнKл▄MNMKлMл┬B≥┬█Mл▄MNM▀лM▄лх█M▀л▄MNNлM▄лх█Mкл▄MNNKлM▄лх█MKл▄MNMклM▄лхB≥┬█Mл▄M▄лM▄██MKл▄M▄KлM▄██Mкл▄MNNKлM▄██M▀л▄MNNлM▄█B≥┬█M▀л▄M▄▀лM▄м█Mкл▄M▄клM▄м█LлKл▄MNклM▄м█Lмкл▄MNLклM▄мB≥┬█M▀л▄M▄▀лMм█Lмкл▄MNLклMм█Lм▀л▄MNL▀лMм█Mл▄M▄лMмB≥┬█Mл▄M▄лMм█Lм▀л▄MNL▀лMм█LнKл▄MNMKлMм█MKл▄M▄KлMмB≥┬█MKл▄M▄KлM▄мх█LнKл▄MNMKлM▄мх█MKл▄MNMклM▄мх█MLл▄M▄▀лM▄мхB≥┬█MLл▄M▄▀лM▄н█MKл▄MNMклM▄н█Mкл▄MNNKлM▄н█MLKл▄M▄клM▄нB≥┬█ML▀л▄M▄лM▄нH█MLкл▄M▄KлM▄нH█Mкл▄M▄клM▄нH█M▀л▄M▄▀лM▄нHB≥┬█MMл▄M▄LлM▄H█MMKл▄M▄LKлM▄H█MLкл▄M▄KлM▄H█ML▀л▄M▄лM▄HB≥┬█ML▀л▄M▄лMлLH█M▀л▄M▄▀лMлLH█Mл▄M▄лMлLH█MM▀л▄M▄L▀лMлLHB≥┬█MMл▄M▄LлM█H█ML▀л▄M▄лM█H█MM▀л▄M▄L▀лM█H█MMкл▄M▄LклM█HB≥┬█MM▀л▄M▄L▀лMлLх█Mл▄M▄лMлLх█MKл▄M▄KлMлLх█MNл▄M▄MлMлLхB≥┬█MMкл▄M▄LклM█х█MM▀л▄M▄L▀лM█х█MNл▄M▄MлM█х█MNKл▄M▄MKлM█хB≥┬█MNл▄M▄MлM██MKл▄M▄KлM██MLл▄M▄▀лM██M▄л▄M▄M▀лM█B≥┬█MNKл▄M▄MKлMмH█MNл▄M▄MлMмH█M▄л▄M▄M▀лMмH█M▄Kл▄M▄MклMмHB≥┬█M▄л▄M▄M▀лM█┬█MLл▄M▄▀лM█┬█MLKл▄M▄клM█┬█M▄▀л▄M▄NлM█┬B≥┬█M▄Kл▄M▄MклM█х█M▄л▄M▄M▀лM█х█M▄▀л▄M▄NлM█х█M▄кл▄M▄NKлM█хB≥┬█M▄Kл▄M▄MклMMл┬█M▄кл▄M▄NKлMMл┬█M█л▄M▄▄лMMл┬█M█Kл▄M▄▄KлMMл┬B≥┬█M▄кл▄M▄NKлMMл┬█M█▀л▄M▄▄▀лMMл┬█LMкл▄MMлклMMл┬█M█л▄M▄▄лMMл┬B≥┬█M█кл▄M▄▄клMMн█M▌л▄M▄█лMMн█M█Kл▄M▄▄KлMMн█M█л▄M▄▄лMMнB≥┬█M█кл▄M▄▄клMMл┬██кл▄ML▄клMMл┬█M▌Kл▄M▄█KлMMл┬█M▌л▄M▄█лMMл┬B≥┬█M▌л▄M▄█лMMн█MMл▄M▄LлMMн█MMкл▄M▄LклMMн█M█Kл▄M▄▄KлMMнB≥┬█M█Kл▄M▄▄KлMMл┬█MMкл▄M▄LклMMл┬█MNKл▄M▄MKлMMл┬█M▄Kл▄M▄MклMMл┬B≥┬█MLKл▄M▄клM▄L┬█Mкл▄MNNKлM▄L┬█MKл▄M▄KлM▄L┬█Mлл▄M▄█▀лM▄L┬B≥┬█M▄▀л▄M▄NлM▄▄┬█MLKл▄M▄клM▄▄┬█Mлл▄M▄█▀лM▄▄┬█MлKл▄M▄█клM▄▄┬B≥┬█M▄кл▄M▄NKлM▄▄х█M▄▀л▄M▄NлM▄▄х█MлKл▄M▄█клM▄▄х█M█▀л▄M▄▄▀лM▄▄хB≥┬█M█кл▄M▄▄клMMн█M█л▄M▄▄лMMн█LMкл▄MMлклMMн█L▄л▄MMм▀лMMнB≥┬█Lмл▄MNLлMлх█Lмкл▄MNLклMлх█LлKл▄MNклMлх█Lлкл▄MNKлMлхB≥┬█мл▄MLллM▄нH█лкл▄ML▌KлM▄нH█Mкл▄M▄клM▄нH█MLкл▄M▄KлM▄нHB≥┬█M█кл▄M▄▄клMMл┬█L▄л▄MMм▀лMMл┬██л▄ML▄лMMл┬██кл▄ML▄клMMл┬B≥┬█MMл▄M▄LлMMлх█M▌л▄M▄█лMMлх█M▌Kл▄M▄█KлMMлх█MMKл▄M▄LKлMMлхB≥┬█Nл▄MмлMMл┬█Mл▀л▄M▄▌лMMл┬█L▌л▄MNлMMл┬█L█кл▄MNклMMл┬B≥┬█▄Kл▄MмклMMNH█мнKл▄MмKлMMNH█нл▄MлMMNH█нкл▄MклMMNHB≥┬█▄▀л▄MнлMMл█▄Kл▄MмклMMл█нкл▄MклMMл█кл▄MNKлMMлB≥┬█л▄M█лMMлH█▄▀л▄MнлMMлH█кл▄MNKлMMлH█Kл▄M▄KлMMлHB≥┬█NKл▄MLMKлMMл┬█лл▄ML█▀лMMл┬█LKл▄M█клMMл┬█Lл▄M█▀лMMл┬B≥┬█мкл▄MLклMMм█нKл▄MKлMMм█нл▄MлMMм█▄л▄Mм▀лMMмB≥┬█л▄M▄лMMл┬█NKл▄MLMKлMMл┬█Lл▄M█▀лMMл┬█Kл▄M▄KлMMл┬B≥┬█лл▄ML█▀лMMн█мKл▄MLлKлMMн█▄кл▄MнKлMMн█LKл▄M█клMMнB≥┬█Mлл▄M▄█▀лM▄L┬█MKл▄M▄KлM▄L┬█Mкл▄MMLклM▄L┬█M▀л▄MML▀лM▄L┬B≥┬█MлKл▄M▄█клM▄▄┬█Mлл▄M▄█▀лM▄▄┬█M▀л▄MML▀лM▄▄┬█LLKл▄MM█клM▄▄┬B≥┬█M█▀л▄M▄▄▀лM▄▄х█MлKл▄M▄█клM▄▄х█LLKл▄MM█клM▄▄х█LLкл▄MM▌KлM▄▄хB≥┬█LM▀л▄MMл▀лMMн█L█▀л▄MN▀лMMн█LNKл▄MMмKлMMн█LNл▄MMмлMMнB≥┬█MKл▄M▄KлM▄██Mл▄M▄лM▄██L█Kл▄MNKлM▄██Mкл▄MMLклM▄█B≥┬█LMкл▄MMлклMMл┬█M█▀л▄M▄▄▀лMMл┬█LLкл▄MM▌KлMMл┬█LNл▄MMмлMMл┬B≥┬██л▄ML▄лMMл┬█L▄л▄MMм▀лMMл┬█LNKл▄MMмKлMMл┬█L▌л▄MNлMMл┬B≥┬█мKл▄MLлKлMMл┬██Kл▄ML▄KлMMл┬█Mл▀л▄M▄▌лMMл┬█▄кл▄MнKлMMл┬B≥┬█Kл▄MMKлM▄▌█L▌Kл▄MNKлM▄▌█м█▀л▄M▄▀лM▄▌█м█Kл▄M▄KлM▄▌B≥┬█L█кл▄MNклMMлх█L█л▄MNлMMлх█NKл▄MмKлMMлх█Nл▄MмлMMлхB≥┬█LKл▄MMMклMMнH█NKл▄MMMKлMMнH██Kл▄MKлMMнH██л▄MлMMнHB≥┬█L█л▄MNлMMл┬█L▄кл▄MMнKлMMл┬██▀л▄M▀лMMл┬█NKл▄MмKлMMл┬B≥┬█мKл▄MLлKлMMл┬█▄кл▄MLNKлMMл┬██▀л▄ML▄▀лMMл┬██Kл▄ML▄KлMMл┬B≥┬█MMKл▄M▄LKлMMлх█M▌Kл▄M▄█KлMMлх█▌Kл▄ML█KлMMлх█▌л▄ML█лMMлхB≥┬█LлKл▄MNклM▄м█Mкл▄M▄клM▄м█лкл▄ML▌KлM▄м█л▀л▄ML▌лM▄мB≥┬█MLкл▄M▄KлM▄H█MMKл▄M▄LKлM▄H█▌л▄ML█лM▄H█мл▄MLллM▄HB≥┬█M▌Kл▄M▄█KлMMл┬██кл▄ML▄клMMл┬██▀л▄ML▄▀лMMл┬█▌Kл▄ML█KлMMл┬B≥┬█нLкл▄MKлMMл┬█M▀л▄Mл▀лMMл┬██▀л▄M▀лMMл┬██л▄MлMMл┬B≥┬█м█л▄M▄лMMM█нKл▄MмклMMM█Lлл▄MN▀лMMM█м█Kл▄M▄KлMMMB≥┬█нKл▄MмклM▄Lх█нLKл▄MклM▄Lх██Kл▄MKлM▄Lх█Lлл▄MN▀лM▄LхB≥┬█нKл▄MMKлM▌L█лKл▄ML█клM▌L█Lл▀л▄MNлM▌L█л▀л▄ML▌лM▌LB≥┬█▀л▄ML▀лM▄нH█л▄MM▀лM▄нH█лкл▄ML▌KлM▄нH█мл▄MLллM▄нHB≥┬█Mкл▄MлклMMл┬█▄кл▄MнKлMMл┬█Mл▀л▄M▄▌лMMл┬█Nл▄MмлMMл┬B≥┬██л▄ML▄лMMл┬█L▌л▄MNлMMл┬█Mл▀л▄M▄▌лMMл┬██Kл▄ML▄KлMMл┬B≥┬█Mлкл▄M▄▌KлMM█Mмл▄M▄ллMM█MмKл▄M▄лKлMM█Mм▀л▄M▄л▀лMMB≥┬█Mмкл▄M▄лклMMH█Mнл▄M▄млMMH█MнKл▄M▄мKлMMH█Nл▄M▄м▀лMMHB≥┬█Mнл▄M▄млMML█NKл▄M▄мклMML█N▀л▄M▄нлMML█MнKл▄M▄мKлMMLB≥┬█NKл▄M▄мклMMLH█Nкл▄M▄нKлMMLH█Nл▄M█лMMLH█N▀л▄M▄нлMMLHB≥┬█Nкл▄M▄нKлMML┬█NKл▄M█KлMML┬█N▀л▄M█▀лMML┬█Nл▄M█лMML┬B≥┬█Nкл▄M█клMMLх█Nл▄M█лMMLх█N▀л▄M█▀лMMLх█NKл▄M█KлMMLхB≥┬█NKл▄M█KлMMM█NLл▄M█▀лMMM█Mлкл▄M▄▌KлMMM█Nл▄M▄м▀лMMMB≥┬█NKл▄M█KлMMMH█Nл▄M▄м▀лMMMH█MнKл▄M▄мKлMMMH█NLKл▄M█клMMMHB≥┬█NLKл▄M█клMMM┬█MнKл▄M▄мKлMMM┬█N▀л▄M▄нлMMM┬█NL▀л▄M█лMMM┬B≥┬█NL▀л▄M█лMMMх█N▀л▄M▄нлMMMх█Nл▄M█лMMMх█NLкл▄M█KлMMMхB≥┬█NLкл▄M█KлMMN█Nл▄M█лMMN█N▀л▄M█▀лMMN█NMл▄M█LлMMNB≥┬█NMKл▄M█LKлMMNH█NM▀л▄M█L▀лMMNH█NMкл▄M█LклMMNH█NNл▄M█MлMMNHB≥┬█NNKл▄M█MKлMM▄█Lл▄M█M▀лMM▄█NLл▄M█▀лMM▄█NKл▄M█KлMM▄B≥┬█LKл▄M█MклMM▄H█L▀л▄M█NлMM▄H█Lл▄M█M▀лMM▄H█NNKл▄M█MKлMM▄HB≥┬█NNKл▄M█MKлMM▄┬█NKл▄M█KлMM▄┬█NLKл▄M█клMM▄┬█Lкл▄M█NKлMM▄┬B≥┬█LKл▄M█MклMM▄х█NNKл▄M█MKлMM▄х█Lкл▄M█NKлMM▄х█Lл▄M█▄лMM▄хB≥┬█Lкл▄M█NKлMM██NLKл▄M█клMM██NL▀л▄M█лMM██LKл▄M█▄KлMM█B≥┬█Lл▄M█▄лMM█H█Lкл▄M█NKлMM█H█LKл▄M█▄KлMM█H█L▀л▄M█▄▀лMM█HB≥┬█LKл▄M█▄KлMм█NL▀л▄M█лMм█NLкл▄M█KлMм█Lкл▄M█▄клMмB≥┬█L▀л▄M█▄▀лMM█х█LKл▄M█▄KлMM█х█Lкл▄M█▄клMM█х█Lл▄M██лMM█хB≥┬█Lкл▄M█▄клMM▌█NLкл▄M█KлMM▌█NMл▄M█LлMM▌█LKл▄M██KлMM▌B≥┬█Lл▄M██лMM▌H█Lкл▄M█▄клMM▌H█LKл▄M██KлMM▌H█LLл▄M██▀лMM▌HB≥┬█LLKл▄M██клMMл█LL▀л▄M█▌лMMл█NM▀л▄M█L▀лMMл█NMKл▄M█LKлMMлB≥┬█LLкл▄M█▌KлMMлH█LMл▄M█ллMMлH█LL▀л▄M█▌лMMлH█LLKл▄M██клMMлHB≥┬█Lл▄M██лMMл┬█LLл▄M██▀лMMл┬█LMKл▄M█лKлMMл┬█LM▀л▄M█л▀лMMл┬B≥┬█LLл▄M██▀лMMл┬█LMкл▄M█лклMMл┬█LNл▄M█млMMл┬█LMKл▄M█лKлMMл┬B≥┬█LNл▄M█млMMл┬█LNKл▄M█мKлMMл┬█L▄л▄M█м▀лMMл┬█L▄Kл▄M█мклMMл┬B≥┬█L▄▀л▄M█нлMMл┬█L▄кл▄M█нKлMMл┬█LM▀л▄M█л▀лMMл┬█LMKл▄M█лKлMMл┬B≥┬█L▄▀л▄M█нлMMл┬█L█л▄M▌лMMл┬█L█Kл▄M▌KлMMл┬█L▄кл▄M█нKлMMл┬B≥┬█L█▀л▄M▌▀лMMлх█L█кл▄M▌клMMлх█L▌л▄M▌лMMлх█L█л▄M▌лMMлхB≥┬█L▄кл▄M█нKлMMл┬█LKл▄M█MклMMл┬█Lл▄M█▄лMMл┬█LM▀л▄M█л▀лMMл┬B≥┬█LM▀л▄M█л▀лMMл┬█Lл▄M█▄лMMл┬█L▀л▄M█▄▀лMMл┬█Lл▄M██лMMл┬B≥┬█L▌Kл▄M▌KлMMм█NMкл▄M█LклMMм█Nл▄M█лMMм█Nкл▄M█клMMмB≥┬█NMл▄M█LлMMмH█N▀л▄M█▀лMMмH█Nл▄M█лMMмH█Lлл▄M▌▀лMMмHB≥┬█LKл▄M██KлMMм┬█NMл▄M█LлMMм┬█Lлл▄M▌▀лMMм┬█LлKл▄M▌клMMм┬B≥┬█LLл▄M██▀лMMмх█LKл▄M██KлMMмх█LлKл▄M▌клMMмх█LMкл▄M█лклMMмхB≥┬█LMл▄M█ллMMл┬█LNKл▄M█мKлMMл┬█LNл▄M█млMMл┬█LMкл▄M█лклMMл┬B≥┬█L▄▀л▄M█нлMMл┬█LMKл▄M█лKлMMл┬█LNл▄M█млMMл┬█L▄Kл▄M█мклMMл┬B≥┬█L▄л▄M█м▀лMMн█Lл▀л▄M▌лMMн█L█▀л▄M▌▀лMMн█L▄Kл▄M█мклMMнB≥┬█Mмкл▄M▄лклMM█Nл▄M▄м▀лMM█Mлкл▄M▄▌KлMM█Mм▀л▄M▄л▀лMMB≥┬█Lлкл▄M▌KлMMнH█Lмл▄M▌LлMMнH█Lл▄M█M▀лMMнH█L▀л▄M█NлMMнHB≥┬█L▌л▄M▌лMMл┬█LмKл▄M▌LKлMMл┬█L█Kл▄M▌KлMMл┬█L█л▄M▌лMMл┬B≥┬█L▄▀л▄M█нлMN█L▄Kл▄M█мклMN█L█▀л▄M▌▀лMN█L█л▄M▌лMNB≥┬█LKл▄M█MклMMн█L▄кл▄M█нKлMMн█L█Kл▄M▌KлMMн█L▀л▄M█NлMMнB≥┬█Lм▀л▄M▌L▀лMлл┬█Lмкл▄M▌LклMлл┬█Lнл▄M▌MлMлл┬█LнKл▄M▌MKлMлл┬B≥┬█LнKл▄M▌MKлMN┬█Lнл▄M▌MлMN┬█Lл▄M▌M▀лMN┬█LKл▄M▌MклMN┬B≥┬█LKл▄M▌MклMмH█Lл▄M▌M▀лMмH█L▀л▄M▌NлMмH█Lкл▄M▌NKлMмHB≥┬█Lкл▄M▌NKлMN█L▀л▄M▌NлMN█Lл▄MллMN█LKл▄MлKлMNB≥┬█L▀л▄Mл▀лMMм█LKл▄MлKлMMм█Lл▄MллMMм█NNл▄M█MлMMмB≥┬█Lкл▄MлклMNH█Lмкл▄M▌LклMNH█Lл▄MллMNH█LKл▄MлKлMNHB≥┬█Lкл▄MлклMлм█LLл▄Mл▀лMлм█Lнл▄M▌MлMлм█Lмкл▄M▌LклMлмB≥┬█LLл▄Mл▀лMм┬█LLKл▄MлклMм┬█Lл▄M▌M▀лMм┬█Lнл▄M▌MлMм┬B≥┬█LLKл▄MлклMN█LL▀л▄MллMN█L▀л▄M▌NлMN█Lл▄M▌M▀лMNB≥┬█LL▀л▄MллMNH█LLкл▄MлKлMNH█Lл▄MллMNH█L▀л▄M▌NлMNHB≥┬█LMл▄MлLлMNL█Lкл▄MлклMNL█LKл▄MлKлMNL█LMKл▄MлLKлMNLB≥┬█LM▀л▄MлL▀лMNLH█LMл▄MлLлMNLH█LMKл▄MлLKлMNLH█LMкл▄MлLклMNLHB≥┬█LMл▄MлLлMNL┬█LNл▄MлMлMNL┬█LLл▄Mл▀лMNL┬█Lкл▄MлклMNL┬B≥┬█LM▀л▄MлL▀лMNLх█LNKл▄MлMKлMNLх█LNл▄MлMлMNLх█LMл▄MлLлMNLхB≥┬█LNл▄MлMлM▌H█L▄л▄MлM▀лM▌H█LLKл▄MлклM▌H█LLл▄Mл▀лM▌HB≥┬█LNKл▄MлMKлMNMH█L▄Kл▄MлMклMNMH█L▄л▄MлM▀лMNMH█LNл▄MлMлMNMHB≥┬█L▄л▄MлM▀лMNM┬█L▄▀л▄MлNлMNM┬█LL▀л▄MллMNM┬█LLKл▄MлклMNM┬B≥┬█L▄Kл▄MлMклMмх█L▄кл▄MлNKлMмх█L▄▀л▄MлNлMмх█L▄л▄MлM▀лMмхB≥┬█L▄▀л▄MлNлMNN█L█л▄Mл▄лMNN█LLкл▄MлKлMNN█LL▀л▄MллMNNB≥┬█L▄кл▄MлNKлMлMH█L█Kл▄Mл▄KлMлMH█L█л▄Mл▄лMлMH█L▄▀л▄MлNлMлMHB≥┬█L▄кл▄MлNKлMMлх█L█▀л▄Mл▄▀лMMлх█L█кл▄Mл▄клMMлх█L█Kл▄Mл▄KлMMлхB≥┬█L█Kл▄Mл▄KлMMл┬█L█кл▄Mл▄клMMл┬█L▌л▄Mл█лMMл┬█LLкл▄M█▌KлMMл┬B≥┬█L▌Kл▄Mл█KлMMл┬█L█кл▄Mл▄клMMл┬█L█▀л▄Mл▄▀лMMл┬█Lлл▄Mл█▀лMMл┬B≥┬█L▌Kл▄Mл█KлMMл┬█Lлл▄Mл█▀лMMл┬█LлKл▄Mл█клMMл┬█Lл▀л▄Mл▌лMMл┬B≥┬█Lлкл▄Mл▌KлMMл┬█Lмл▄MлллMMл┬█LмKл▄MллKлMMл┬█Lм▀л▄Mлл▀лMMл┬B≥┬█LMкл▄MлLклMMлх█Lмкл▄MллклMMлх█Lнл▄MлмлMMлх█LлKл▄Mл█клMMлхB≥┬█Lлл▄Mл█▀лMMл┬█L█▀л▄Mл▄▀лMMл┬█LNKл▄MлMKлMMл┬█LM▀л▄MлL▀лMMл┬B≥┬█L█▀л▄Mл▄▀лMMлх█L▄кл▄MлNKлMMлх█L▄Kл▄MлMклMMлх█LNKл▄MлMKлMMлхB≥┬█LLкл▄MлKлMMNH█NMKл▄M█LKлMMNH█NNл▄M█MлMMNH█Lл▄MллMMNHB≥┬█L█л▄Mл▄лMMл█LLKл▄M██клMMл█NMKл▄M█LKлMMл█LLкл▄MлKлMMлB≥┬█L█Kл▄Mл▄KлMMлH█LLкл▄M█▌KлMMлH█LLKл▄M██клMMлH█L█л▄Mл▄лMMлHB≥┬█L▌Kл▄Mл█KлMMл┬█LнKл▄MлмKлMMл┬█L▌л▄Mл█лMMл┬█L█кл▄Mл▄клMMл┬B≥┬█Lм▀л▄M▌L▀лM▌L█Lл▄Mлм▀лM▌L█Lл▄MллM▌L█Lмкл▄M▌LклM▌LB≥┬█Lл▄MллMNH█LKл▄MлмклMNH█L▀л▄MлнлMNH█LKл▄MлKлMNHB≥┬█LMKл▄MлLKлM▄H█Lкл▄MлнKлM▄H█Lмкл▄MллклM▄H█LMкл▄MлLклM▄HB≥┬█LлKл▄Mл█клMMл┬█Lнл▄MлмлMMл┬█LмKл▄MллKлMMл┬█Lл▀л▄Mл▌лMMл┬B≥┬█L▌Kл▄Mл█KлMMн█Lл▀л▄Mл▌лMMн█Lл▄MмлMMн█LнKл▄MлмKлMMнB≥┬█LM▀л▄MлL▀лMN█LMкл▄MлLклMN█LлKл▄Mл█клMN█Lлл▄Mл█▀лMNB≥┬█LKл▄MмKлM▄┬█L▀л▄Mм▀лM▄┬█Lкл▄MмклM▄┬█Lл▄MмлM▄┬B≥┬█Lл▄MмлM▄х█Lкл▄MмклM▄х█LKл▄MмKлM▄х█LLл▄Mм▀лM▄хB≥┬█LLл▄Mм▀лM▄█LKл▄MмKлM▄█LLKл▄MмклM▄█LL▀л▄MмлM▄B≥┬█LL▀л▄MмлM▄H█LLKл▄MмклM▄H█LLкл▄MмKлM▄H█LMл▄MмLлM▄HB≥┬█LMKл▄MмLKлM▄┬█LMл▄MмLлM▄┬█LLкл▄MмKлM▄┬█LM▀л▄MмL▀лM▄┬B≥┬█LMкл▄MмLклM▄х█L▀л▄Mм▀лM▄х█LNл▄MмMлM▄х█LNKл▄MмMKлM▄хB≥┬█LMкл▄MмLклM▄█LLл▄MмM▀лM▄█Lкл▄MмклM▄█L▀л▄Mм▀лM▄B≥┬█LLл▄MмM▀лM▄H█LLKл▄MмMклM▄H█LKл▄MмKлM▄H█Lкл▄MмклM▄HB≥┬█LLKл▄MмMклMлмх█LL▀л▄MмNлMлмх█LLKл▄MмклMлмх█LKл▄MмKлMлмхB≥┬█LL▀л▄MмNлM▄LH█LLкл▄MмNKлM▄LH█LLкл▄MмKлM▄LH█LLKл▄MмклM▄LHB≥┬█LLл▄Mм▄лM▄L┬█LLKл▄Mм▄KлM▄L┬█LL▀л▄Mм▄▀лM▄L┬█LM▀л▄MмL▀лM▄L┬B≥┬█LLкл▄Mм▄клM▄Lх█LMкл▄MмLклM▄Lх█LNKл▄MмMKлM▄Lх█LLл▄Mм█лM▄LхB≥┬█LLKл▄Mм█KлMMнH█LLкл▄Mм▄клMMнH█LLл▄Mм█лMMнH█LLLл▄Mм█▀лMMнHB≥┬█LLкл▄Mм▄клMл▄█LLLKл▄Mм█клMл▄█LLл▄MмM▀лMл▄█LMкл▄MмLклMл▄B≥┬█LLKл▄Mм█KлM▄MH█LLL▀л▄Mм▌лM▄MH█LLLKл▄Mм█клM▄MH█LLкл▄Mм▄клM▄MHB≥┬█LLLKл▄Mм█клM▄M┬█LLLкл▄Mм▌KлM▄M┬█LLKл▄MмMклM▄M┬█LLл▄MмM▀лM▄M┬B≥┬█LLL▀л▄Mм▌лM▄Mх█LLMл▄MмллM▄Mх█LLLкл▄Mм▌KлM▄Mх█LLLKл▄Mм█клM▄MхB≥┬█LLLкл▄Mм▌KлMл▄H█LLMKл▄MмлKлMл▄H█LL▀л▄MмNлMл▄H█LLKл▄MмMклMл▄HB≥┬█LLMл▄MмллM▄NH█LLM▀л▄Mмл▀лM▄NH█LLMKл▄MмлKлM▄NH█LLLкл▄Mм▌KлM▄NHB≥┬█LLMKл▄MмлKлM▄▄█LLMкл▄MмлклM▄▄█LLкл▄MмNKлM▄▄█LL▀л▄MмNлM▄▄B≥┬█LLM▀л▄Mмл▀лMл┬█LLNл▄MммлMл┬█LLMкл▄MмлклMл┬█LLMKл▄MмлKлMл┬B≥┬█LLNKл▄MммKлM▄▄┬█LL▄л▄Mмм▀лM▄▄┬█LLKл▄Mм▄KлM▄▄┬█LLл▄Mм▄лM▄▄┬B≥┬█LL▄Kл▄MммклM▄▄х█LL▄▀л▄MмнлM▄▄х█LL▄л▄Mмм▀лM▄▄х█LLNKл▄MммKлM▄▄хB≥┬█LLM▀л▄Mмл▀лMMл┬█LL▄кл▄MмнKлMMл┬█LL█л▄MнлMMл┬█LLNл▄MммлMMл┬B≥┬█LLNл▄MммлMMл┬█LL█л▄MнлMMл┬█LL█Kл▄MнKлMMл┬█LL▄Kл▄MммклMMл┬B≥┬█LL█▀л▄Mн▀лMMн█LL█кл▄MнклMMн█LL▌л▄MнлMMн█LL▌Kл▄MнKлMMнB≥┬█LLлл▄Mн▀лMMн█LL█л▄MнлMMн█LL▄кл▄MмнKлMMн█LLлKл▄MнклMMнB≥┬█LLлл▄Mн▀лMMл┬█LLлKл▄MнклMMл┬█LLл▀л▄MнлMMл┬█LLлкл▄MнKлMMл┬B≥┬█LLLл▄Mм█▀лMMл┬█Lлкл▄M▌KлMMл┬█LмKл▄M▌LKлMMл┬█LLл▀л▄MнлMMл┬B≥┬█LLлKл▄MнклMMн█LL▄кл▄MмнKлMMн█LLL▀л▄Mм▌лMMн█LLKл▄Mм█KлMMнB≥┬█LL▄кл▄MмнKлMMл┬█LLM▀л▄Mмл▀лMMл┬█LLMл▄MмллMMл┬█LLL▀л▄Mм▌лMMл┬B≥┬█LM▀л▄MмL▀лM▄██LL▀л▄Mм▄▀лM▄██LLмл▄MнLлM▄██LMKл▄MмLKлM▄█B≥┬█LLкл▄MмNKлM▄█H█LLл▄Mм▄лM▄█H█LM▀л▄MмL▀лM▄█H█LLкл▄MмKлM▄█HB≥┬█LLMкл▄MмлклM▄█┬█LLNKл▄MммKлM▄█┬█LLл▄Mм▄лM▄█┬█LLкл▄MмNKлM▄█┬B≥┬█LLNл▄MммлM▄█х█LL▄Kл▄MммклM▄█х█LLNKл▄MммKлM▄█х█LLMкл▄MмлклM▄█хB≥┬█LL█Kл▄MнKлMMл┬█LL█кл▄MнклMMл┬█LL▄▀л▄MмнлMMл┬█LL▄Kл▄MммклMMл┬B≥┬█LLлл▄Mн▀лMMн█LLмKл▄MнLKлMMн█LL█Kл▄MнKлMMн█LL█л▄MнлMMнB≥┬█LLм▀л▄MнL▀лMMл┬█LLмкл▄MнLклMMл┬█LL▌л▄MнлMMл┬█LLмKл▄MнLKлMMл┬B≥┬█LKл▄MмKлM▄▌█LLнл▄MнMлM▄▌█LNл▄MмMлM▄▌█L▀л▄Mм▀лM▄▌B≥┬█LNл▄MмMлM▄х█Mмл▄M▄ллM▄х█LLнKл▄MнMKлM▄х█LNKл▄MмMKлM▄хB≥┬█LNKл▄MмMKлM▄Lх█LLнKл▄MнMKлM▄Lх█Lмл▄M▌LлM▄Lх█LLл▄Mм█лM▄LхB≥┬█LLлл▄Mн▀лMMлх█LLлкл▄MнKлMMлх█LLм▀л▄MнL▀лMMлх█LLмKл▄MнLKлMMлхB≥┬█LLKл▄Mм█KлMMл┬█LLLл▄Mм█▀лMMл┬█LLл▀л▄MнлMMл┬█LLлKл▄MнклMMл┬B≥┬█LMл▄MнM▀лMлх█LKл▄MлмклMлх█LMKл▄MнMклMлх█LM▀л▄MнNлMлхB≥┬█LMкл▄MнNKлMлн█LMл▄NлMлн█LMKл▄NKлMлн█LM▀л▄N▀лMлнB≥┬█LMл▄NлM▄лH█LMкл▄NклM▄лH█LMл▄NлM▄лH█LMKл▄NKлM▄лHB≥┬█LMкл▄NклMл┬█LMKл▄NKлMл┬█LMLл▄N▀лMл┬█LMл▄NлMл┬B≥┬█LMKл▄NKлM▄лх█LMLKл▄NклM▄лх█LML▀л▄NлM▄лх█LMLл▄N▀лM▄лхB≥┬█LMLкл▄NKлM▄██LMMл▄NLлM▄██LML▀л▄NлM▄██LMLKл▄NклM▄█B≥┬█LMMKл▄NLKлM▄м█LMM▀л▄NL▀лM▄м█LMл▄MнM▀лM▄м█LM▀л▄N▀лM▄мB≥┬█LMMKл▄NLKлMм█LM▀л▄N▀лMм█LMKл▄NKлMм█LMMкл▄NLклMмB≥┬█LMMкл▄NLклMм█LMKл▄NKлMм█LMл▄NлMм█LMNл▄NMлMмB≥┬█LMNл▄NMлM▄мх█LMл▄NлM▄мх█LMLл▄N▀лM▄мх█LMNKл▄NMKлM▄мхB≥┬█LMNKл▄NMKлM▄н█LMLл▄N▀лM▄н█LML▀л▄NлM▄н█LM▄л▄NM▀лM▄нB≥┬█LM▄Kл▄NMклM▄нH█LM▄▀л▄NNлM▄нH█LMM▀л▄NL▀лM▄нH█LMMKл▄NLKлM▄нHB≥┬█LM▄кл▄NNKлM▄H█LM█л▄N▄лM▄H█LM▄▀л▄NNлM▄H█LM▄Kл▄NMклM▄HB≥┬█LM▄Kл▄NMклMлLH█LMMKл▄NLKлMлLH█LMMкл▄NLклMлLH█LM█Kл▄N▄KлMлLHB≥┬█LM▄кл▄NNKлM█H█LM▄Kл▄NMклM█H█LM█Kл▄N▄KлM█H█LM█▀л▄N▄▀лM█HB≥┬█LM█Kл▄N▄KлMлLх█LMMкл▄NLклMлLх█LMNл▄NMлMлLх█LM█кл▄N▄клMлLхB≥┬█LM█▀л▄N▄▀лM█х█LM█Kл▄N▄KлM█х█LM█кл▄N▄клM█х█LM▌л▄N█лM█хB≥┬█LM█кл▄N▄клM██LMNл▄NMлM██LMNKл▄NMKлM██LM▌Kл▄N█KлM█B≥┬█LM▌л▄N█лMмH█LM█кл▄N▄клMмH█LM▌Kл▄N█KлMмH█LMлл▄N█▀лMмHB≥┬█LM▌Kл▄N█KлM█┬█LMNKл▄NMKлM█┬█LM▄л▄NM▀лM█┬█LMлKл▄N█клM█┬B≥┬█LMлл▄N█▀лM█х█LM▌Kл▄N█KлM█х█LMлKл▄N█клM█х█LMл▀л▄N▌лM█хB≥┬█LMлл▄N█▀лMMл┬█LMл▀л▄N▌лMMл┬█LMлкл▄N▌KлMMл┬█LMмл▄NллMMл┬B≥┬█LMл▀л▄N▌лMMл┬█LMмKл▄NлKлMMл┬█LL█▀л▄Mн▀лMMл┬█LMлкл▄N▌KлMMл┬B≥┬█LMм▀л▄Nл▀лMMн█LMмкл▄NлклMMн█LMмл▄NллMMн█LMлкл▄N▌KлMMнB≥┬█LMм▀л▄Nл▀лMMл┬█Lм▀л▄Mлл▀лMMл┬█LMнл▄NмлMMл┬█LMмкл▄NлклMMл┬B≥┬█LMмкл▄NлклMMн█LM▄кл▄NNKлMMн█LM█▀л▄N▄▀лMMн█LMмл▄NллMMнB≥┬█LMмл▄NллMMл┬█LM█▀л▄N▄▀лMMл┬█LM▌л▄N█лMMл┬█LMлл▄N█▀лMMл┬B≥┬█LM▄л▄NM▀лM▄L┬█LML▀л▄NлM▄L┬█LMMл▄NLлM▄L┬█LMнKл▄NмKлM▄L┬B≥┬█LMлKл▄N█клM▄▄┬█LM▄л▄NM▀лM▄▄┬█LMнKл▄NмKлM▄▄┬█LNл▄Nм▀лM▄▄┬B≥┬█LMл▀л▄N▌лM▄▄х█LMлKл▄N█клM▄▄х█LNл▄Nм▀лM▄▄х█LMмKл▄NлKлM▄▄хB≥┬█LMм▀л▄Nл▀лMMн█LMлкл▄N▌KлMMн█LL█▀л▄Mн▀лMMн█LL▌Kл▄MнKлMMнB≥┬█LMкл▄MнNKлMлх█LM▀л▄N▀лMлх█LMл▄MнM▀лMлх█LM▀л▄MнNлMлхB≥┬█Lкл▄MлнKлM▄нH█L▀л▄MлнлM▄нH█LMM▀л▄NL▀лM▄нH█LM▄▀л▄NNлM▄нHB≥┬█LMм▀л▄Nл▀лMMл┬█LL▌Kл▄MнKлMMл┬█Lлкл▄Mл▌KлMMл┬█Lм▀л▄Mлл▀лMMл┬B≥┬█LM▄кл▄NNKлMMлх█LMмкл▄NлклMMлх█LMнл▄NмлMMлх█LM█л▄N▄лMMлхB≥┬█L█кл▄M▌клMMл┬█LNKл▄NмклMMл┬█LLмкл▄MнLклMMл┬█LLм▀л▄MнL▀лMMл┬B≥┬█Lлл▄M▌▀лMMNH█Nл▄M█лMMNH█NMкл▄M█LклMMNH█NM▀л▄M█L▀лMMNHB≥┬█LлKл▄M▌клMMл█Lлл▄M▌▀лMMл█NM▀л▄M█L▀лMMл█LL▀л▄M█▌лMMлB≥┬█LMкл▄M█лклMMлH█LлKл▄M▌клMMлH█LL▀л▄M█▌лMMлH█LMл▄M█ллMMлHB≥┬█L▌л▄Mл█лMMл┬█LнKл▄MлмKлMMл┬█L▄л▄M█м▀лMMл┬█LNKл▄M█мKлMMл┬B≥┬█L▀л▄Mл▀лMMм█NNл▄M█MлMMм█NMкл▄M█LклMMм█L▌Kл▄M▌KлMMмB≥┬█LLкл▄M█▌KлMMл┬█L▌л▄Mл█лMMл┬█LNKл▄M█мKлMMл┬█LMл▄M█ллMMл┬B≥┬█LнKл▄MлмKлMMн█Lл▄MмлMMн█Lл▀л▄M▌лMMн█L▄л▄M█м▀лMMнB≥┬█LMнKл▄NмKлM▄L┬█LMMл▄NLлM▄L┬█LL▀л▄Mм▄▀лM▄L┬█LLKл▄Mм▄KлM▄L┬B≥┬█LNл▄Nм▀лM▄▄┬█LMнKл▄NмKлM▄▄┬█LLKл▄Mм▄KлM▄▄┬█LL▄л▄Mмм▀лM▄▄┬B≥┬█LMмKл▄NлKлM▄▄х█LNл▄Nм▀лM▄▄х█LL▄л▄Mмм▀лM▄▄х█LL▄▀л▄MмнлM▄▄хB≥┬█LL█Kл▄MнKлMMн█LLмKл▄MнLKлMMн█LL▌л▄MнлMMн█LL█кл▄MнклMMнB≥┬█LMMл▄NLлM▄██LMLкл▄NKлM▄██LLмл▄MнLлM▄██LL▀л▄Mм▄▀лM▄█B≥┬█LL█▀л▄Mн▀лMMл┬█LMмKл▄NлKлMMл┬█LL▄▀л▄MмнлMMл┬█LL█кл▄MнклMMл┬B≥┬█Lлкл▄Mл▌KлMMл┬█LL▌Kл▄MнKлMMл┬█LL▌л▄MнлMMл┬█LLмкл▄MнLклMMл┬B≥┬█Lл▄MмлMMл┬█Lмл▄MлллMMл┬█LNKл▄NмклMMл┬█Lл▀л▄M▌лMMл┬B≥┬█LNл▄MмMлM▄▌█LLнл▄MнMлM▄▌█MмKл▄M▄лKлM▄▌█Mмл▄M▄ллM▄▌B≥┬█LLм▀л▄MнL▀лMMлх█LLлкл▄MнKлMMлх█L▌л▄M▌лMMлх█L█кл▄M▌клMMлхB≥┬█LLLл▄Mм█▀лMMнH█LLл▄Mм█лMMнH█Lмл▄M▌LлMMнH█Lлкл▄M▌KлMMнHB≥┬█LLлкл▄MнKлMMл┬█LLл▀л▄MнлMMл┬█LмKл▄M▌LKлMMл┬█L▌л▄M▌лMMл┬B≥┬█Lл▄MмлMMл┬█Lл▀л▄Mл▌лMMл┬█LмKл▄MллKлMMл┬█Lмл▄MлллMMл┬B≥┬█LM█л▄N▄лMMлх█LMнл▄NмлMMлх█Lнл▄MлмлMMлх█Lмкл▄MллклMMлхB≥┬█LMл▄MнM▀лM▄м█LMM▀л▄NL▀лM▄м█L▀л▄MлнлM▄м█LKл▄MлмклM▄мB≥┬█LM▄▀л▄NNлM▄H█LM█л▄N▄лM▄H█Lмкл▄MллклM▄H█Lкл▄MлнKлM▄HB≥┬█LMнл▄NмлMMл┬█Lм▀л▄Mлл▀лMMл┬█LмKл▄MллKлMMл┬█Lнл▄MлмлMMл┬B≥┬█L▀л▄M█NлMMл┬█L█Kл▄M▌KлMMл┬█LмKл▄M▌LKлMMл┬█Lлкл▄M▌KлMMл┬B≥┬█Mлкл▄M▄▌KлMMM█NLл▄M█▀лMMM█LLнKл▄MнMKлMMM█Mмл▄M▄ллMMMB≥┬█NLл▄M█▀лM▄Lх█Lл▄M█M▀лM▄Lх█Lмл▄M▌LлM▄Lх█LLнKл▄MнMKлM▄LхB≥┬█Lл▄MллM▌L█Lл▄Mлм▀лM▌L█LMKл▄MнMклM▌L█LKл▄MлмклM▌LB≥┬█LMKл▄MлLKлM▄нH█LKл▄MлKлM▄нH█L▀л▄MлнлM▄нH█Lкл▄MлнKлM▄нHB≥┬█L█▀л▄M▌▀лMMл┬█Lл▀л▄M▌лMMл┬█LNKл▄NмклMMл┬█L█кл▄M▌клMMл┬B≥┬█Lлкл▄Mл▌KлMMл┬█LLмкл▄MнLклMMл┬█LNKл▄NмклMMл┬█Lмл▄MлллMMл┬B≥┬█LN▀л▄NнлMM█LNкл▄NнKлMM█LNл▄NлMM█LNKл▄NKлMMB≥┬█LN▀л▄N▀лMMH█LNкл▄NклMMH█LNл▄NлMMH█LNKл▄NKлMMHB≥┬█LNкл▄NклMML█LNLл▄N▀лMML█LNLKл▄NклMML█LNл▄NлMMLB≥┬█LNLл▄N▀лMMLH█LNL▀л▄NлMMLH█LNLкл▄NKлMMLH█LNLKл▄NклMMLHB≥┬█LNL▀л▄NлMML┬█LNMл▄NLлMML┬█LNMKл▄NLKлMML┬█LNLкл▄NKлMML┬B≥┬█LNM▀л▄NL▀лMMLх█LNMкл▄NLклMMLх█LNMKл▄NLKлMMLх█LNMл▄NLлMMLхB≥┬█LNNл▄NMлMMM█LNNKл▄NMKлMMM█LN▀л▄NнлMMM█LNKл▄NKлMMMB≥┬█LNNл▄NMлMMMH█LNKл▄NKлMMMH█LNл▄NлMMMH█L▄л▄NM▀лMMMHB≥┬█L▄л▄NM▀лMMM┬█LNл▄NлMMM┬█LNLKл▄NклMMM┬█L▄Kл▄NMклMMM┬B≥┬█L▄Kл▄NMклMMMх█LNLKл▄NклMMMх█LNLкл▄NKлMMMх█L▄▀л▄NNлMMMхB≥┬█L▄▀л▄NNлMMN█LNLкл▄NKлMMN█LNMKл▄NLKлMMN█L▄кл▄NNKлMMNB≥┬█L▄л▄N▄лMMNH█L▄Kл▄N▄KлMMNH█L▄▀л▄N▄▀лMMNH█L▄кл▄N▄клMMNHB≥┬█L▄л▄N█лMM▄█L▄Kл▄N█KлMM▄█LNNKл▄NMKлMM▄█LNNл▄NMлMM▄B≥┬█L▄Lл▄N█▀лMM▄H█L▄LKл▄N█клMM▄H█L▄Kл▄N█KлMM▄H█L▄л▄N█лMM▄HB≥┬█L▄л▄N█лMM▄┬█LNNл▄NMлMM▄┬█L▄л▄NM▀лMM▄┬█L▄L▀л▄N▌лMM▄┬B≥┬█L▄Lл▄N█▀лMM▄х█L▄л▄N█лMM▄х█L▄L▀л▄N▌лMM▄х█L▄Lкл▄N▌KлMM▄хB≥┬█L▄L▀л▄N▌лMM██L▄л▄NM▀лMM██L▄Kл▄NMклMM██L▄Mл▄NллMM█B≥┬█L▄Lкл▄N▌KлMM█H█L▄L▀л▄N▌лMM█H█L▄Mл▄NллMM█H█L▄MKл▄NлKлMM█HB≥┬█L▄Mл▄NллMм█L▄Kл▄NMклMм█L▄▀л▄NNлMм█L▄M▀л▄Nл▀лMмB≥┬█L▄MKл▄NлKлMM█х█L▄Mл▄NллMM█х█L▄M▀л▄Nл▀лMM█х█L▄Mкл▄NлклMM█хB≥┬█L▄M▀л▄Nл▀лMM▌█L▄▀л▄NNлMM▌█L▄кл▄NNKлMM▌█L▄Nл▄NмлMM▌B≥┬█L▄Mкл▄NлклMM▌H█L▄M▀л▄Nл▀лMM▌H█L▄Nл▄NмлMM▌H█L▄NKл▄NмKлMM▌HB≥┬█L▄▄л▄Nм▀лMMл█L▄▄Kл▄NмклMMл█L▄Kл▄N▄KлMMл█L▄л▄N▄лMMлB≥┬█L▄▄▀л▄NнлMMлH█L▄▄кл▄NнKлMMлH█L▄▄Kл▄NмклMMлH█L▄▄л▄Nм▀лMMлHB≥┬█L▄Mкл▄NлклMMл┬█L▄NKл▄NмKлMMл┬█L▄█л▄NлMMл┬█L▄█Kл▄NKлMMл┬B≥┬█L▄NKл▄NмKлMMл┬█L▄█▀л▄N▀лMMл┬█L▄█кл▄NклMMл┬█L▄█л▄NлMMл┬B≥┬█L▄█кл▄NклMMл┬█L▄▌л▄NлMMл┬█L▄▌Kл▄NKлMMл┬█L▄лл▄N▀лMMл┬B≥┬█L▄лKл▄NклMMл┬█L▄л▀л▄NлMMл┬█L▄█Kл▄NKлMMл┬█L▄█л▄NлMMл┬B≥┬█L▄лKл▄NклMMл┬█L▄лкл▄NKлMMл┬█L▄мл▄NLлMMл┬█L▄л▀л▄NлMMл┬B≥┬█L▄мKл▄NLKлMMлх█L▄м▀л▄NL▀лMMлх█L▄мкл▄NLклMMлх█L▄лкл▄NKлMMлхB≥┬█L▄л▀л▄NлMMл┬█L▄Lл▄N█▀лMMл┬█L▄Lкл▄N▌KлMMл┬█L▄█Kл▄NKлMMл┬B≥┬█L▄█Kл▄NKлMMл┬█L▄Lкл▄N▌KлMMл┬█L▄MKл▄NлKлMMл┬█L▄Mкл▄NлклMMл┬B≥┬█L▄нл▄NMлMMм█L▄▀л▄N▄▀лMMм█LNMкл▄NLклMMм█LNM▀л▄NL▀лMMмB≥┬█L▄кл▄NNKлMMмH█LNMKл▄NLKлMMмH█LNMкл▄NLклMMмH█L▄нKл▄NMKлMMмHB≥┬█L▄Nл▄NмлMMм┬█L▄кл▄NNKлMMм┬█L▄нKл▄NMKлMMм┬█L█л▄NM▀лMMм┬B≥┬█L▄NKл▄NмKлMMмх█L▄Nл▄NмлMMмх█L█л▄NM▀лMMмх█L▄█▀л▄N▀лMMмхB≥┬█L▄▄кл▄NнKлMMл┬█L▄▌л▄NлMMл┬█L▄█кл▄NклMMл┬█L▄█▀л▄N▀лMMл┬B≥┬█L▄лKл▄NклMMл┬█L▄█л▄NлMMл┬█L▄█кл▄NклMMл┬█L▄лл▄N▀лMMл┬B≥┬█L▄▌Kл▄NKлMMн█L█Kл▄NMклMMн█L▄мKл▄NLKлMMн█L▄лл▄N▀лMMнB≥┬█LN▀л▄N▀лMM█LNKл▄NKлMM█LN▀л▄NнлMM█LNKл▄NKлMMB≥┬█L█▀л▄NNлMMнH█L█кл▄NNKлMMнH█L▄Kл▄N█KлMMнH█L▄LKл▄N█клMMнHB≥┬█L▄мкл▄NLклMMл┬█L█л▄NLлMMл┬█L▄мл▄NLлMMл┬█L▄лкл▄NKлMMл┬B≥┬█L▄лKл▄NклMN█L▄лл▄N▀лMN█L▄мKл▄NLKлMN█L▄лкл▄NKлMNB≥┬█L▄Lл▄N█▀лMMн█L▄л▀л▄NлMMн█L▄мл▄NLлMMн█L▄LKл▄N█клMMнB≥┬█L█Kл▄NLKлMлл┬█L█▀л▄NL▀лMлл┬█L█кл▄NLклMлл┬█L█л▄NLлMлл┬B≥┬█L█л▄NLлMN┬█L█кл▄NLклMN┬█L█Kл▄NLKлMN┬█L█Lл▄NL▀лMN┬B≥┬█L█Lл▄NL▀лMмH█L█Kл▄NLKлMмH█L█LKл▄NLклMмH█L█L▀л▄NLлMмHB≥┬█L█L▀л▄NLлMN█L█LKл▄NLклMN█L█Lкл▄NLKлMN█L█Mл▄NLLлMNB≥┬█L█MKл▄NLLKлMMм█L█Mл▄NLLлMMм█L█Lкл▄NLKлMMм█L▄кл▄N▄клMMмB≥┬█L█M▀л▄NLL▀лMNH█L█▀л▄NL▀лMNH█L█Mкл▄NLLклMNH█L█Nл▄NLMлMNHB≥┬█L█M▀л▄NLL▀лMлм█L█NKл▄NLMKлMлм█L█кл▄NLклMлм█L█▀л▄NL▀лMлмB≥┬█L█NKл▄NLMKлMм┬█L█▄л▄NLM▀лMм┬█L█Kл▄NLKлMм┬█L█кл▄NLклMм┬B≥┬█L█▄л▄NLM▀лMN█L█▄Kл▄NLMклMN█L█LKл▄NLклMN█L█Kл▄NLKлMNB≥┬█L█▄Kл▄NLMклMNH█L█▄▀л▄NLNлMNH█L█Lкл▄NLKлMNH█L█LKл▄NLклMNHB≥┬█L█▄кл▄NLNKлMNL█L█M▀л▄NLL▀лMNL█L█Nл▄NLMлMNL█L██л▄NL▄лMNLB≥┬█L██Kл▄NL▄KлMNLH█L█▄кл▄NLNKлMNLH█L██л▄NL▄лMNLH█L██▀л▄NL▄▀лMNLHB≥┬█L█▄кл▄NLNKлMNL┬█L██кл▄NL▄клMNL┬█L█NKл▄NLMKлMNL┬█L█M▀л▄NLL▀лMNL┬B≥┬█L██Kл▄NL▄KлMNLх█L█▌л▄NL█лMNLх█L██кл▄NL▄клMNLх█L█▄кл▄NLNKлMNLхB≥┬█L██кл▄NL▄клM▌H█L█▌Kл▄NL█KлM▌H█L█▄л▄NLM▀лM▌H█L█NKл▄NLMKлM▌HB≥┬█L█▌л▄NL█лMNMH█L█лл▄NL█▀лMNMH█L█▌Kл▄NL█KлMNMH█L██кл▄NL▄клMNMHB≥┬█L█▌Kл▄NL█KлMNM┬█L█лKл▄NL█клMNM┬█L█▄Kл▄NLMклMNM┬█L█▄л▄NLM▀лMNM┬B≥┬█L█лл▄NL█▀лMмх█L█л▀л▄NL▌лMмх█L█лKл▄NL█клMмх█L█▌Kл▄NL█KлMмхB≥┬█L█лKл▄NL█клMNN█L█лкл▄NL▌KлMNN█L█▄▀л▄NLNлMNN█L█▄Kл▄NLMклMNNB≥┬█L█л▀л▄NL▌лMлMH█L█мл▄NLллMлMH█L█лкл▄NL▌KлMлMH█L█лKл▄NL█клMлMHB≥┬█L█л▀л▄NL▌лMMлх█L█мKл▄NLлKлMMлх█L█м▀л▄NLл▀лMMлх█L█мл▄NLллMMлхB≥┬█L█мл▄NLллMMл┬█L█м▀л▄NLл▀лMMл┬█L█мкл▄NLлклMMл┬█L▄▄▀л▄NнлMMл┬B≥┬█L█нл▄NLмлMMл┬█L█м▀л▄NLл▀лMMл┬█L█мKл▄NLлKлMMл┬█L█нKл▄NLмKлMMл┬B≥┬█L█нл▄NLмлMMл┬█L█нKл▄NLмKлMMл┬█L▌л▄NLм▀лMMл┬█L▌Kл▄NLмклMMл┬B≥┬█L▌▀л▄NLнлMMл┬█L▌кл▄NLнKлMMл┬█L▌л▄NMлMMл┬█L▌Kл▄NMKлMMл┬B≥┬█L██▀л▄NL▄▀лMMлх█L▌▀л▄NM▀лMMлх█L▌кл▄NMклMMлх█L▌л▄NLм▀лMMлхB≥┬█L█нKл▄NLмKлMMл┬█L█мKл▄NLлKлMMл┬█L█▌л▄NL█лMMл┬█L██Kл▄NL▄KлMMл┬B≥┬█L█мKл▄NLлKлMMлх█L█л▀л▄NL▌лMMлх█L█лл▄NL█▀лMMлх█L█▌л▄NL█лMMлхB≥┬█L█▄▀л▄NLNлMMNH█L▄л▄N▄лMMNH█L▄кл▄N▄клMMNH█L█Lкл▄NLKлMMNHB≥┬█L█лкл▄NL▌KлMMл█L▄▄л▄Nм▀лMMл█L▄л▄N▄лMMл█L█▄▀л▄NLNлMMлB≥┬█L█мл▄NLллMMлH█L▄▄▀л▄NнлMMлH█L▄▄л▄Nм▀лMMлH█L█лкл▄NL▌KлMMлHB≥┬█L█нл▄NLмлMMл┬█L▌л▄NMлMMл┬█L█мкл▄NLлклMMл┬█L█м▀л▄NLл▀лMMл┬B≥┬█L█Kл▄NLKлM▌L█L▌Kл▄NMKлM▌L█L█Mкл▄NLLклM▌L█L█▀л▄NL▀лM▌LB≥┬█L█Mкл▄NLLклMNH█L▌Lл▄NM▀лMNH█L▌LKл▄NMклMNH█L█Nл▄NLMлMNHB≥┬█L██л▄NL▄лM▄H█L▌L▀л▄NMлM▄H█L▌▀л▄NM▀лM▄H█L██▀л▄NL▄▀лM▄HB≥┬█L▌л▄NLм▀лMMл┬█L▌кл▄NMклMMл┬█L▌л▄NMлMMл┬█L▌Kл▄NLмклMMл┬B≥┬█L█нл▄NLмлMMн█L▌Kл▄NLмклMMн█L▌Lкл▄NMKлMMн█L▌л▄NMлMMнB≥┬█L██Kл▄NL▄KлMN█L██▀л▄NL▄▀лMN█L▌л▄NLм▀лMN█L█нKл▄NLмKлMNB≥┬█L▌Mл▄NMLлM▄┬█L▌MKл▄NMLKлM▄┬█L▌M▀л▄NML▀лM▄┬█L▌Mкл▄NMLклM▄┬B≥┬█L▌Mкл▄NMLклM▄х█L▌M▀л▄NML▀лM▄х█L▌Nл▄NMMлM▄х█L▌NKл▄NMMKлM▄хB≥┬█L▌NKл▄NMMKлM▄█L▌Nл▄NMMлM▄█Lлл▄NMM▀лM▄█LлKл▄NMMклM▄B≥┬█LлKл▄NMMклM▄H█Lлл▄NMM▀лM▄H█Lл▀л▄NMNлM▄H█Lлкл▄NMNKлM▄HB≥┬█Lлл▄NM▄лM▄┬█Lлкл▄NMNKлM▄┬█Lл▀л▄NMNлM▄┬█LлKл▄NM▄KлM▄┬B≥┬█Lл▀л▄NM▄▀лM▄х█L▌MKл▄NMLKлM▄х█Lлкл▄NM▄клM▄х█Lлл▄NM█лM▄хB≥┬█Lл▀л▄NM▄▀лM▄█LлKл▄NM█KлM▄█L▌M▀л▄NML▀лM▄█L▌MKл▄NMLKлM▄B≥┬█LлKл▄NM█KлM▄H█LлLл▄NM█▀лM▄H█L▌Nл▄NMMлM▄H█L▌M▀л▄NML▀лM▄HB≥┬█LлLл▄NM█▀лMлмх█LлLKл▄NM█клMлмх█Lлл▄NMM▀лMлмх█L▌Nл▄NMMлMлмхB≥┬█LлLKл▄NM█клM▄LH█LлL▀л▄NM▌лM▄LH█Lл▀л▄NMNлM▄LH█Lлл▄NMM▀лM▄LHB≥┬█LлLкл▄NM▌KлM▄L┬█LлMл▄NMллM▄L┬█LлMKл▄NMлKлM▄L┬█LлKл▄NM▄KлM▄L┬B≥┬█LлM▀л▄NMл▀лM▄Lх█Lл▀л▄NM▄▀лM▄Lх█Lлл▄NM█лM▄Lх█LлMкл▄NMлклM▄LхB≥┬█LлNл▄NMмлMMнH█LлM▀л▄NMл▀лMMнH█LлMкл▄NMлклMMнH█LлNKл▄NMмKлMMнHB≥┬█LлM▀л▄NMл▀лMл▄█Lл▄л▄NMм▀лMл▄█LлKл▄NM█KлMл▄█Lл▀л▄NM▄▀лMл▄B≥┬█LлNл▄NMмлM▄MH█Lл▄Kл▄NMмклM▄MH█Lл▄л▄NMм▀лM▄MH█LлM▀л▄NMл▀лM▄MHB≥┬█Lл▄л▄NMм▀лM▄M┬█Lл▄▀л▄NMнлM▄M┬█LлLл▄NM█▀лM▄M┬█LлKл▄NM█KлM▄M┬B≥┬█Lл▄Kл▄NMмклM▄Mх█Lл▄кл▄NMнKлM▄Mх█Lл▄▀л▄NMнлM▄Mх█Lл▄л▄NMм▀лM▄MхB≥┬█Lл▄▀л▄NMнлMл▄H█Lл█л▄NNлMл▄H█LлLKл▄NM█клMл▄H█LлLл▄NM█▀лMл▄HB≥┬█Lл▄кл▄NMнKлM▄NH█Lл█Kл▄NNKлM▄NH█Lл█л▄NNлM▄NH█Lл▄▀л▄NMнлM▄NHB≥┬█Lл█л▄NNлM▄▄█Lл█▀л▄NN▀лM▄▄█LлL▀л▄NM▌лM▄▄█LлLKл▄NM█клM▄▄B≥┬█Lл█Kл▄NNKлMл┬█Lл█кл▄NNклMл┬█Lл█▀л▄NN▀лMл┬█Lл█л▄NNлMл┬B≥┬█Lл▌л▄NNлM▄▄┬█Lл▌Kл▄NNKлM▄▄┬█LлMл▄NMллM▄▄┬█LлLкл▄NM▌KлM▄▄┬B≥┬█Lллл▄NN▀лM▄▄х█LллKл▄NNклM▄▄х█Lл▌Kл▄NNKлM▄▄х█Lл▌л▄NNлM▄▄хB≥┬█Lл█Kл▄NNKлMMл┬█Lлл▀л▄NNлMMл┬█Lллкл▄NNKлMMл┬█Lл█кл▄NNклMMл┬B≥┬█Lл█кл▄NNклMMл┬█Lллкл▄NNKлMMл┬█Lлмл▄NNLлMMл┬█Lллл▄NN▀лMMл┬B≥┬█LлмKл▄NNLKлMMн█Lлм▀л▄NNL▀лMMн█Lлмкл▄NNLклMMн█Lлнл▄NNMлMMнB≥┬█LлнKл▄NNMKлMMн█Lллкл▄NNKлMMн█Lлл▀л▄NNлMMн█Lмл▄NNM▀лMMнB≥┬█LлнKл▄NNMKлMMл┬█Lмл▄NNM▀лMMл┬█LмKл▄NNMклMMл┬█Lм▀л▄NNNлMMл┬B≥┬█LлNKл▄NMмKлMMл┬█L█▀л▄NNлMMл┬█L█л▄NLлMMл┬█LмKл▄NNMклMMл┬B≥┬█Lмл▄NNM▀лMMн█Lлл▀л▄NNлMMн█Lл▄Kл▄NMмклMMн█LлNл▄NMмлMMнB≥┬█Lлл▀л▄NNлMMл┬█Lл█Kл▄NNKлMMл┬█Lл▄кл▄NMнKлMMл┬█Lл▄Kл▄NMмклMMл┬B≥┬█LлKл▄NM▄KлM▄██LлMKл▄NMлKлM▄██Lмкл▄NNNKлM▄██Lлл▄NM▄лM▄█B≥┬█LлL▀л▄NM▌лM▄█H█LлLкл▄NM▌KлM▄█H█LлKл▄NM▄KлM▄█H█Lл▀л▄NMNлM▄█HB≥┬█Lл█▀л▄NN▀лM▄█┬█Lл▌л▄NNлM▄█┬█LлLкл▄NM▌KлM▄█┬█LлL▀л▄NM▌лM▄█┬B≥┬█Lл█кл▄NNклM▄█х█Lллл▄NN▀лM▄█х█Lл▌л▄NNлM▄█х█Lл█▀л▄NN▀лM▄█хB≥┬█Lлмл▄NNLлMMл┬█Lлм▀л▄NNL▀лMMл┬█LллKл▄NNклMMл┬█Lллл▄NN▀лMMл┬B≥┬█LлнKл▄NNMKлMMн█Lмл▄▄лMMн█Lлмл▄NNLлMMн█Lллкл▄NNKлMMнB≥┬█LмKл▄▄KлMMл┬█Lм▀л▄▄▀лMMл┬█Lлмкл▄NNLклMMл┬█Lмл▄▄лMMл┬B≥┬█L▌Mл▄NMLлM▄▌█Lмкл▄▄клM▄▌█Lлкл▄NM▄клM▄▌█L▌MKл▄NMLKлM▄▌B≥┬█Lлкл▄NM▄клM▄х█LNкл▄NнKлM▄х█Lмл▄▄лM▄х█Lлл▄NM█лM▄хB≥┬█Lлл▄NM█лM▄Lх█Lмл▄▄лM▄Lх█L█кл▄NNKлM▄Lх█LлMкл▄NMлклM▄LхB≥┬█LлнKл▄NNMKлMMлх█Lм▀л▄NNNлMMлх█LмKл▄▄KлMMлх█Lмл▄▄лMMлхB≥┬█LлNл▄NMмлMMл┬█LлNKл▄NMмKлMMл┬█LмKл▄NNMклMMл┬█Lмл▄NNM▀лMMл┬B≥┬█LмKл▄▄KлMлх█L▌Lл▄NM▀лMлх█LмLл▄▄▀лMлх█LмLKл▄▄клMлхB≥┬█LмL▀л▄▄лMлн█LмLкл▄▄KлMлн█LмMл▄▄LлMлн█LмMKл▄▄LKлMлнB≥┬█LмLкл▄▄KлM▄лH█LмM▀л▄▄L▀лM▄лH█LмMкл▄▄LклM▄лH█LмMл▄▄LлM▄лHB≥┬█LмM▀л▄▄L▀лMл┬█LмNл▄▄MлMл┬█LмNKл▄▄MKлMл┬█LмMкл▄▄LклMл┬B≥┬█LмNл▄▄MлM▄лх█Lм▄л▄▄M▀лM▄лх█Lм▄Kл▄▄MклM▄лх█LмNKл▄▄MKлM▄лхB≥┬█Lм▄▀л▄▄NлM▄██Lм▄кл▄▄NKлM▄██Lм▄Kл▄▄MклM▄██Lм▄л▄▄M▀лM▄█B≥┬█Lм█л▄▄▄лM▄м█Lм█Kл▄▄▄KлM▄м█LмKл▄▄KлM▄м█LмMKл▄▄LKлM▄мB≥┬█Lм█л▄▄▄лMм█LмMKл▄▄LKлMм█LмMл▄▄LлMм█Lм█▀л▄▄▄▀лMмB≥┬█Lм█▀л▄▄▄▀лMм█LмMл▄▄LлMм█LмMкл▄▄LклMм█Lм█кл▄▄▄клMмB≥┬█Lм█кл▄▄▄клM▄мх█LмMкл▄▄LклM▄мх█LмNKл▄▄MKлM▄мх█Lм▌л▄▄█лM▄мхB≥┬█Lм▌л▄▄█лM▄н█LмNKл▄▄MKлM▄н█Lм▄Kл▄▄MклM▄н█Lм▌Kл▄▄█KлM▄нB≥┬█Lмлл▄▄█▀лM▄нH█LмлKл▄▄█клM▄нH█Lм█Kл▄▄▄KлM▄нH█Lм█л▄▄▄лM▄нHB≥┬█Lмл▀л▄▄▌лM▄H█Lмлкл▄▄▌KлM▄H█LмлKл▄▄█клM▄H█Lмлл▄▄█▀лM▄HB≥┬█Lмлл▄▄█▀лMлLH█Lм█л▄▄▄лMлLH█Lм█▀л▄▄▄▀лMлLH█Lммл▄▄ллMлLHB≥┬█Lмл▀л▄▄▌лM█H█Lмлл▄▄█▀лM█H█Lммл▄▄ллM█H█LммKл▄▄лKлM█HB≥┬█Lммл▄▄ллMлLх█Lм█▀л▄▄▄▀лMлLх█Lм█кл▄▄▄клMлLх█Lмм▀л▄▄л▀лMлLхB≥┬█LммKл▄▄лKлM█х█Lммл▄▄ллM█х█Lмм▀л▄▄л▀лM█х█Lммкл▄▄лклM█хB≥┬█Lмм▀л▄▄л▀лM██Lм█кл▄▄▄клM██Lм▌л▄▄█лM██Lмнл▄▄млM█B≥┬█Lммкл▄▄лклMмH█Lмм▀л▄▄л▀лMмH█Lмнл▄▄млMмH█LмнKл▄▄мKлMмHB≥┬█Lмнл▄▄млM█┬█Lм▌л▄▄█лM█┬█Lм▌Kл▄▄█KлM█┬█Lнл▄▄м▀лM█┬B≥┬█LмнKл▄▄мKлM█х█Lмнл▄▄млM█х█Lнл▄▄м▀лM█х█LнKл▄▄мклM█хB≥┬█LмнKл▄▄мKлMMл┬█LнKл▄▄мклMMл┬█Lн▀л▄▄нлMMл┬█Lнкл▄▄нKлMMл┬B≥┬█LнKл▄▄мклMMл┬█Lнл▄▄лMMл┬█LлмKл▄NNLKлMMл┬█Lн▀л▄▄нлMMл┬B≥┬█LнKл▄▄KлMMн█Lн▀л▄▄▀лMMн█Lнкл▄▄нKлMMн█Lн▀л▄▄нлMMнB≥┬█LнKл▄▄KлMMл┬█L▌Kл▄NMKлMMл┬█Lнкл▄▄клMMл┬█Lн▀л▄▄▀лMMл┬B≥┬█Lн▀л▄▄▀лMMн█Lмл▀л▄▄▌лMMн█LммKл▄▄лKлMMн█Lнкл▄▄нKлMMнB≥┬█Lнкл▄▄нKлMMл┬█LммKл▄▄лKлMMл┬█Lммкл▄▄лклMMл┬█LмнKл▄▄мKлMMл┬B≥┬█Lм▌Kл▄▄█KлM▄L┬█Lм▄Kл▄▄MклM▄L┬█Lм▄кл▄▄NKлM▄L┬█Lнл▄▄лM▄L┬B≥┬█Lнл▄▄м▀лM▄▄┬█Lм▌Kл▄▄█KлM▄▄┬█Lнл▄▄лM▄▄┬█LнKл▄▄KлM▄▄┬B≥┬█LнKл▄▄мклM▄▄х█Lнл▄▄м▀лM▄▄х█LнKл▄▄KлM▄▄х█Lнл▄▄лM▄▄хB≥┬█LнKл▄▄KлMMн█Lн▀л▄▄нлMMн█LлмKл▄NNLKлMMн█Lлнл▄NNMлMMнB≥┬█LмL▀л▄▄лMлх█LмMKл▄▄LKлMлх█LмKл▄▄KлMлх█LмLKл▄▄клMлхB≥┬█L▌L▀л▄NMлM▄нH█L▌LKл▄NMклM▄нH█Lм█Kл▄▄▄KлM▄нH█LмлKл▄▄█клM▄нHB≥┬█LнKл▄▄KлMMл┬█Lлнл▄NNMлMMл┬█L▌▀л▄NLнлMMл┬█L▌Kл▄NMKлMMл┬B≥┬█Lмл▀л▄▄▌лMMлх█Lн▀л▄▄▀лMMлх█Lнкл▄▄клMMлх█Lмлкл▄▄▌KлMMлхB≥┬█L▄м▀л▄NL▀лMMл┬█LнLл▄▄▀лMMл┬█Lм▀л▄▄▀лMMл┬█LмKл▄▄KлMMл┬B≥┬█L▄нKл▄NMKлMMNH█LNMкл▄NLклMMNH█L▄▀л▄N▄▀лMMNH█L▄Kл▄N▄KлMMNHB≥┬█L█л▄NM▀лMMл█L▄нKл▄NMKлMMл█L▄Kл▄N▄KлMMл█L▄▄Kл▄NмклMMлB≥┬█L▄█▀л▄N▀лMMлH█L█л▄NM▀лMMлH█L▄▄Kл▄NмклMMлH█L▄▄кл▄NнKлMMлHB≥┬█L█мкл▄NLлклMMл┬█L▌л▄NMлMMл┬█L▄▌Kл▄NKлMMл┬█L▄▌л▄NлMMл┬B≥┬█L█MKл▄NLLKлMMм█L▄кл▄N▄клMMм█L▄▀л▄N▄▀лMMм█L▄нл▄NMлMMмB≥┬█L▄▄▀л▄NнлMMл┬█L█мкл▄NLлклMMл┬█L▄▌л▄NлMMл┬█L▄▄кл▄NнKлMMл┬B≥┬█L▌л▄NMлMMн█L▌Lкл▄NMKлMMн█L█Kл▄NMклMMн█L▄▌Kл▄NKлMMнB≥┬█Lнл▄▄лM▄L┬█Lм▄кл▄▄NKлM▄L┬█LлMKл▄NMлKлM▄L┬█LлMл▄NMллM▄L┬B≥┬█LнKл▄▄KлM▄▄┬█Lнл▄▄лM▄▄┬█LлMл▄NMллM▄▄┬█Lл▌Kл▄NNKлM▄▄┬B≥┬█Lнл▄▄лM▄▄х█LнKл▄▄KлM▄▄х█Lл▌Kл▄NNKлM▄▄х█LллKл▄NNклM▄▄хB≥┬█Lлмл▄NNLлMMн█Lмл▄▄лMMн█Lлмкл▄NNLклMMн█Lлм▀л▄NNL▀лMMнB≥┬█Lм▄кл▄▄NKлM▄██Lм▄▀л▄▄NлM▄██Lмкл▄NNNKлM▄██LлMKл▄NMлKлM▄█B≥┬█LлмKл▄NNLKлMMл┬█Lнл▄▄лMMл┬█LллKл▄NNклMMл┬█Lлм▀л▄NNL▀лMMл┬B≥┬█L▌▀л▄NLнлMMл┬█Lлнл▄NNMлMMл┬█Lлмкл▄NNLклMMл┬█Lм▀л▄▄▀лMMл┬B≥┬█L▌Lкл▄NMKлMMл┬█L▌кл▄NLнKлMMл┬█LнLл▄▄▀лMMл┬█L█Kл▄NMклMMл┬B≥┬█Lлкл▄NM▄клM▄▌█Lмкл▄▄клM▄▌█LNл▄NлM▄▌█LNкл▄NнKлM▄▌B≥┬█LмKл▄▄KлMMлх█Lм▀л▄NNNлMMлх█L▄мкл▄NLклMMлх█L▄м▀л▄NL▀лMMлхB≥┬█LлNKл▄NMмKлMMнH█LлMкл▄NMлклMMнH█L█кл▄NNKлMMнH█L█▀л▄NNлMMнHB≥┬█Lм▀л▄NNNлMMл┬█LмKл▄NNMклMMл┬█L█л▄NLлMMл┬█L▄мкл▄NLклMMл┬B≥┬█L▌Lкл▄NMKлMMл┬█L▌Kл▄NLмклMMл┬█L▌л▄NMлMMл┬█L▌кл▄NLнKлMMл┬B≥┬█Lмлкл▄▄▌KлMMлх█Lнкл▄▄клMMлх█L▌кл▄NMклMMлх█L▌▀л▄NM▀лMMлхB≥┬█LмKл▄▄KлM▄м█Lм█Kл▄▄▄KлM▄м█L▌LKл▄NMклM▄м█L▌Lл▄NM▀лM▄мB≥┬█LмлKл▄▄█клM▄H█Lмлкл▄▄▌KлM▄H█L▌▀л▄NM▀лM▄H█L▌L▀л▄NMлM▄HB≥┬█Lнкл▄▄клMMл┬█L▌Kл▄NMKлMMл┬█L▌л▄NMлMMл┬█L▌кл▄NMклMMл┬B≥┬█L▄LKл▄N█клMMл┬█L▄мл▄NLлMMл┬█L█л▄NLлMMл┬█L█▀л▄NNлMMл┬B≥┬█LN▀л▄NнлMMM█LNNKл▄NMKлMMM█Lмл▄▄лMMM█LNкл▄NнKлMMMB≥┬█LNNKл▄NMKлM▄Lх█L▄Kл▄N█KлM▄Lх█L█кл▄NNKлM▄Lх█Lмл▄▄лM▄LхB≥┬█L█Mкл▄NLLклM▌L█L▌Kл▄NMKлM▌L█LмLл▄▄▀лM▌L█L▌Lл▄NM▀лM▌LB≥┬█L██л▄NL▄лM▄нH█L█Nл▄NLMлM▄нH█L▌LKл▄NMклM▄нH█L▌L▀л▄NMлM▄нHB≥┬█L▄мKл▄NLKлMMл┬█L█Kл▄NMклMMл┬█LнLл▄▄▀лMMл┬█L▄м▀л▄NL▀лMMл┬B≥┬█L▌▀л▄NLнлMMл┬█Lм▀л▄▄▀лMMл┬█LнLл▄▄▀лMMл┬█L▌кл▄NLнKлMMл┬B≥┬█LнLKл▄▄клMM█LнL▀л▄▄лMM█LнLкл▄▄KлMM█LнMл▄▄LлMMB≥┬█LнMKл▄▄LKлMMH█LнM▀л▄▄L▀лMMH█LнMкл▄▄LклMMH█LнNл▄▄MлMMHB≥┬█LнM▀л▄▄L▀лMML█LнNKл▄▄MKлMML█Mл▄▄M▀лMML█LнMкл▄▄LклMMLB≥┬█LнNKл▄▄MKлMMLH█MKл▄▄MклMMLH█M▀л▄▄NлMMLH█Mл▄▄M▀лMMLHB≥┬█MKл▄▄MклMML┬█Mкл▄▄NKлMML┬█Mл▄▄▄лMML┬█M▀л▄▄NлMML┬B≥┬█MKл▄▄▄KлMMLх█M▀л▄▄▄▀лMMLх█Mл▄▄▄лMMLх█Mкл▄▄NKлMMLхB≥┬█Mкл▄▄▄клMMM█Mл▄▄█лMMM█LнLKл▄▄клMMM█LнNл▄▄MлMMMB≥┬█Mкл▄▄▄клMMMH█LнNл▄▄MлMMMH█LнMкл▄▄LклMMMH█MKл▄▄█KлMMMHB≥┬█MKл▄▄█KлMMM┬█LнMкл▄▄LклMMM┬█Mл▄▄M▀лMMM┬█MLл▄▄█▀лMMM┬B≥┬█MLл▄▄█▀лMMMх█Mл▄▄M▀лMMMх█M▀л▄▄NлMMMх█MLKл▄▄█клMMMхB≥┬█MLKл▄▄█клMMN█M▀л▄▄NлMMN█Mл▄▄▄лMMN█ML▀л▄▄▌лMMNB≥┬█MLкл▄▄▌KлMMNH█MMл▄▄ллMMNH█MMKл▄▄лKлMMNH█MM▀л▄▄л▀лMMNHB≥┬█MMкл▄▄лклMM▄█MNл▄▄млMM▄█Mл▄▄█лMM▄█Mкл▄▄▄клMM▄B≥┬█MNKл▄▄мKлMM▄H█M▄л▄▄м▀лMM▄H█MNл▄▄млMM▄H█MMкл▄▄лклMM▄HB≥┬█MMкл▄▄лклMM▄┬█Mкл▄▄▄клMM▄┬█MKл▄▄█KлMM▄┬█M▄Kл▄▄мклMM▄┬B≥┬█MNKл▄▄мKлMM▄х█MMкл▄▄лклMM▄х█M▄Kл▄▄мклMM▄х█M▄▀л▄▄нлMM▄хB≥┬█M▄Kл▄▄мклMM██MKл▄▄█KлMM██MLл▄▄█▀лMM██M▄кл▄▄нKлMM█B≥┬█M▄▀л▄▄нлMM█H█M▄Kл▄▄мклMM█H█M▄кл▄▄нKлMM█H█M█л▄▄лMM█HB≥┬█M▄кл▄▄нKлMм█MLл▄▄█▀лMм█MLKл▄▄█клMм█M█Kл▄▄KлMмB≥┬█M█л▄▄лMM█х█M▄кл▄▄нKлMM█х█M█Kл▄▄KлMM█х█M█▀л▄▄▀лMM█хB≥┬█M█Kл▄▄KлMM▌█MLKл▄▄█клMM▌█ML▀л▄▄▌лMM▌█M█кл▄▄клMM▌B≥┬█M█▀л▄▄▀лMM▌H█M█Kл▄▄KлMM▌H█M█кл▄▄клMM▌H█M▌л▄▄лMM▌HB≥┬█M▌Kл▄▄KлMMл█Mлл▄▄▀лMMл█MMл▄▄ллMMл█MLкл▄▄▌KлMMлB≥┬█MлKл▄▄клMMлH█Mл▀л▄▄лMMлH█Mлл▄▄▀лMMлH█M▌Kл▄▄KлMMлHB≥┬█M█▀л▄▄▀лMMл┬█M▌л▄▄лMMл┬█Mлкл▄▄KлMMл┬█Mмл▄▄LлMMл┬B≥┬█M▌л▄▄лMMл┬█MмKл▄▄LKлMMл┬█Mм▀л▄▄L▀лMMл┬█Mлкл▄▄KлMMл┬B≥┬█Mм▀л▄▄L▀лMMл┬█Mмкл▄▄LклMMл┬█Mнл▄▄MлMMл┬█MнKл▄▄MKлMMл┬B≥┬█Mл▄▄M▀лMMл┬█MKл▄▄MклMMл┬█Mмл▄▄LлMMл┬█Mлкл▄▄KлMMл┬B≥┬█Mл▄▄M▀лMMл┬█M▀л▄▄NлMMл┬█Mкл▄▄NKлMMл┬█MKл▄▄MклMMл┬B≥┬█Mл▄▄LлMMлх█MKл▄▄LKлMMлх█M▀л▄▄L▀лMMлх█M▀л▄▄NлMMлхB≥┬█MKл▄▄MклMMл┬█MNKл▄▄мKлMMл┬█M▄▀л▄▄нлMMл┬█Mмл▄▄LлMMл┬B≥┬█Mмл▄▄LлMMл┬█M▄▀л▄▄нлMMл┬█M█л▄▄лMMл┬█M█▀л▄▄▀лMMл┬B≥┬█Mкл▄▄LклMMм█MMKл▄▄лKлMMм█M▀л▄▄▄▀лMMм█MKл▄▄▄KлMMмB≥┬█ML▀л▄▄▌лMMмH█Mл▄▄▄лMMмH█M▀л▄▄▄▀лMMмH█Mл▄▄LлMMмHB≥┬█M█кл▄▄клMMм┬█ML▀л▄▄▌лMMм┬█Mл▄▄LлMMм┬█MKл▄▄LKлMMм┬B≥┬█M▌л▄▄лMMмх█M█кл▄▄клMMмх█MKл▄▄LKлMMмх█MмKл▄▄LKлMMмхB≥┬█Mл▀л▄▄лMMл┬█Mмкл▄▄LклMMл┬█Mм▀л▄▄L▀лMMл┬█MмKл▄▄LKлMMл┬B≥┬█Mл▄▄M▀лMMл┬█Mлкл▄▄KлMMл┬█Mм▀л▄▄L▀лMMл┬█MнKл▄▄MKлMMл┬B≥┬█Mнл▄▄MлMMн█MLл▄▄L▀лMMн█Mл▄▄LлMMн█MнKл▄▄MKлMMнB≥┬█LнMKл▄▄LKлMM█LнNл▄▄MлMM█LнLKл▄▄клMM█LнMл▄▄LлMMB≥┬█MLKл▄▄LклMMнH█ML▀л▄▄LлMMнH█MNл▄▄млMMнH█M▄л▄▄м▀лMMнHB≥┬█M▀л▄▄L▀лMMл┬█MLкл▄▄LKлMMл┬█Mкл▄▄NKлMMл┬█M▀л▄▄NлMMл┬B≥┬█Mл▄▄M▀лMN█MнKл▄▄MKлMN█Mл▄▄LлMN█M▀л▄▄NлMNB≥┬█MNKл▄▄мKлMMн█MKл▄▄MклMMн█Mкл▄▄NKлMMн█M▄л▄▄м▀лMMнB≥┬█MMл▄▄LLлMлл┬█MMKл▄▄LLKлMлл┬█MM▀л▄▄LL▀лMлл┬█MMкл▄▄LLклMлл┬B≥┬█MMкл▄▄LLклMN┬█MM▀л▄▄LL▀лMN┬█MNл▄▄LMлMN┬█MNKл▄▄LMKлMN┬B≥┬█MNKл▄▄LMKлMмH█MNл▄▄LMлMмH█M▄л▄▄LM▀лMмH█M▄Kл▄▄LMклMмHB≥┬█M▄Kл▄▄LMклMN█M▄л▄▄LM▀лMN█M▄▀л▄▄LNлMN█M▄кл▄▄LNKлMNB≥┬█M█л▄▄L▄лMMм█M▄кл▄▄LNKлMMм█M▄▀л▄▄LNлMMм█MM▀л▄▄л▀лMMмB≥┬█M█Kл▄▄L▄KлMNH█MMKл▄▄LLKлMNH█M█▀л▄▄L▄▀лMNH█M█кл▄▄L▄клMNHB≥┬█M█Kл▄▄L▄KлMлм█M▌л▄▄L█лMлм█MM▀л▄▄LL▀лMлм█MMKл▄▄LLKлMлмB≥┬█M▌л▄▄L█лMм┬█M▌Kл▄▄L█KлMм┬█MNл▄▄LMлMм┬█MM▀л▄▄LL▀лMм┬B≥┬█M▌Kл▄▄L█KлMN█Mлл▄▄L█▀лMN█M▄л▄▄LM▀лMN█MNл▄▄LMлMNB≥┬█Mлл▄▄L█▀лMNH█MлKл▄▄L█клMNH█M▄▀л▄▄LNлMNH█M▄л▄▄LM▀лMNHB≥┬█Mл▀л▄▄L▌лMNL█M█Kл▄▄L▄KлMNL█M█кл▄▄L▄клMNL█Mлкл▄▄L▌KлMNLB≥┬█Mмл▄▄LллMNLH█Mл▀л▄▄L▌лMNLH█Mлкл▄▄L▌KлMNLH█MмKл▄▄LлKлMNLHB≥┬█Mл▀л▄▄L▌лMNL┬█Mм▀л▄▄Lл▀лMNL┬█M▌л▄▄L█лMNL┬█M█Kл▄▄L▄KлMNL┬B≥┬█Mмл▄▄LллMNLх█Mмкл▄▄LлклMNLх█Mм▀л▄▄Lл▀лMNLх█Mл▀л▄▄L▌лMNLхB≥┬█Mм▀л▄▄Lл▀лM▌H█Mнл▄▄LмлM▌H█M▌Kл▄▄L█KлM▌H█M▌л▄▄L█лM▌HB≥┬█Mмкл▄▄LлклMNMH█MнKл▄▄LмKлMNMH█Mнл▄▄LмлMNMH█Mм▀л▄▄Lл▀лMNMHB≥┬█Mнл▄▄LмлMNM┬█Mл▄▄Lм▀лMNM┬█Mлл▄▄L█▀лMNM┬█M▌Kл▄▄L█KлMNM┬B≥┬█MнKл▄▄LмKлMмх█MKл▄▄LмклMмх█Mл▄▄Lм▀лMмх█Mнл▄▄LмлMмхB≥┬█Mл▄▄Lм▀лMNN█M▀л▄▄LнлMNN█MлKл▄▄L█клMNN█Mлл▄▄L█▀лMNNB≥┬█MKл▄▄LмклMлMH█Mкл▄▄LнKлMлMH█M▀л▄▄LнлMлMH█Mл▄▄Lм▀лMлMHB≥┬█MKл▄▄LмклMMлх█Mл▄▄MлMMлх█MKл▄▄MKлMMлх█Mкл▄▄LнKлMMлхB≥┬█Mкл▄▄LнKлMMл┬█MKл▄▄MKлMMл┬█M▀л▄▄M▀лMMл┬█MлKл▄▄клMMл┬B≥┬█Mкл▄▄MклMMл┬█MKл▄▄MKлMMл┬█Mл▄▄MлMMл┬█Mл▄▄MлMMл┬B≥┬█Mкл▄▄MклMMл┬█Mл▄▄MлMMл┬█MKл▄▄MKлMMл┬█MLл▄▄M▀лMMл┬B≥┬█MLKл▄▄MклMMл┬█ML▀л▄▄MлMMл┬█MLкл▄▄MKлMMл┬█MMл▄▄MLлMMл┬B≥┬█MмKл▄▄LлKлMMлх█MMKл▄▄MLKлMMлх█MM▀л▄▄ML▀лMMлх█MKл▄▄MKлMMлхB≥┬█Mл▄▄MлMMл┬█Mл▄▄MлMMл┬█Mмкл▄▄LлклMMл┬█Mмл▄▄LллMMл┬B≥┬█Mл▄▄MлMMлх█MKл▄▄LмклMMлх█MнKл▄▄LмKлMMлх█Mмкл▄▄LлклMMлхB≥┬█MлKл▄▄L█клMMNH█MLкл▄▄▌KлMMNH█MM▀л▄▄л▀лMMNH█M▄▀л▄▄LNлMMNHB≥┬█M▀л▄▄LнлMMл█M▌Kл▄▄KлMMл█MLкл▄▄▌KлMMл█MлKл▄▄L█клMMлB≥┬█Mкл▄▄LнKлMMлH█MлKл▄▄клMMлH█M▌Kл▄▄KлMMлH█M▀л▄▄LнлMMлHB≥┬█Mкл▄▄MклMMл┬█MMкл▄▄MLклMMл┬█M▀л▄▄M▀лMMл┬█MKл▄▄MKлMMл┬B≥┬█MMл▄▄LLлM▌L█MNл▄▄MMлM▌L█M█▀л▄▄L▄▀лM▌L█MMKл▄▄LLKлM▌LB≥┬█M█▀л▄▄L▄▀лMNH█MNKл▄▄MMKлMNH█MLл▄▄MM▀лMNH█M█кл▄▄L▄клMNHB≥┬█Mлкл▄▄L▌KлM▄H█MLKл▄▄MMклM▄H█MMKл▄▄MLKлM▄H█MмKл▄▄LлKлM▄HB≥┬█MKл▄▄MKлMMл┬█MM▀л▄▄ML▀лMMл┬█MLкл▄▄MKлMMл┬█MLл▄▄M▀лMMл┬B≥┬█Mкл▄▄MклMMн█MLл▄▄M▀лMMн█ML▀л▄▄MNлMMн█MMкл▄▄MLклMMнB≥┬█Mмл▄▄LллMN█MмKл▄▄LлKлMN█MKл▄▄MKлMN█Mл▄▄MлMNB≥┬█MLкл▄▄MNKлM▄┬█MLл▄▄M▄лM▄┬█MLKл▄▄M▄KлM▄┬█ML▀л▄▄M▄▀лM▄┬B≥┬█ML▀л▄▄M▄▀лM▄х█MLKл▄▄M▄KлM▄х█MLкл▄▄M▄клM▄х█MLл▄▄M█лM▄хB≥┬█MLл▄▄M█лM▄█MLкл▄▄M▄клM▄█MLKл▄▄M█KлM▄█MLLл▄▄M█▀лM▄B≥┬█MLLл▄▄M█▀лM▄H█MLKл▄▄M█KлM▄H█MLLKл▄▄M█клM▄H█MLL▀л▄▄M▌лM▄HB≥┬█MLLкл▄▄M▌KлM▄┬█MLL▀л▄▄M▌лM▄┬█MLLKл▄▄M█клM▄┬█MLMл▄▄MллM▄┬B≥┬█MLMKл▄▄MлKлM▄х█MLл▄▄M▄лM▄х█MLM▀л▄▄Mл▀лM▄х█MLMкл▄▄MлклM▄хB≥┬█MLMKл▄▄MлKлM▄█MLNл▄▄MмлM▄█MLKл▄▄M▄KлM▄█MLл▄▄M▄лM▄B≥┬█MLNл▄▄MмлM▄H█MLNKл▄▄MмKлM▄H█MLкл▄▄M▄клM▄H█MLKл▄▄M▄KлM▄HB≥┬█MLNKл▄▄MмKлMлмх█ML▄л▄▄Mм▀лMлмх█MLKл▄▄M█KлMлмх█MLкл▄▄M▄клMлмхB≥┬█ML▄л▄▄Mм▀лM▄LH█ML▄Kл▄▄MмклM▄LH█MLLKл▄▄M█клM▄LH█MLKл▄▄M█KлM▄LHB≥┬█ML▄▀л▄▄MнлM▄L┬█ML▄кл▄▄MнKлM▄L┬█ML█л▄▄NлM▄L┬█MLMл▄▄MллM▄L┬B≥┬█ML█Kл▄▄NKлM▄Lх█MLMKл▄▄MлKлM▄Lх█MLMкл▄▄MлклM▄Lх█ML█▀л▄▄N▀лM▄LхB≥┬█ML█кл▄▄NклMMнH█ML█Kл▄▄NKлMMнH█ML█▀л▄▄N▀лMMнH█ML▌л▄▄NлMMнHB≥┬█ML█Kл▄▄NKлMл▄█ML▌Kл▄▄NKлMл▄█MLNл▄▄MмлMл▄█MLMKл▄▄MлKлMл▄B≥┬█ML█кл▄▄NклM▄MH█MLлл▄▄N▀лM▄MH█ML▌Kл▄▄NKлM▄MH█ML█Kл▄▄NKлM▄MHB≥┬█ML▌Kл▄▄NKлM▄M┬█MLлKл▄▄NклM▄M┬█MLNKл▄▄MмKлM▄M┬█MLNл▄▄MмлM▄M┬B≥┬█MLлл▄▄N▀лM▄Mх█MLл▀л▄▄NлM▄Mх█MLлKл▄▄NклM▄Mх█ML▌Kл▄▄NKлM▄MхB≥┬█MLлKл▄▄NклMл▄H█MLлкл▄▄NKлMл▄H█ML▄л▄▄Mм▀лMл▄H█MLNKл▄▄MмKлMл▄HB≥┬█MLл▀л▄▄NлM▄NH█MLмл▄▄NLлM▄NH█MLлкл▄▄NKлM▄NH█MLлKл▄▄NклM▄NHB≥┬█MLлкл▄▄NKлM▄▄█MLмKл▄▄NLKлM▄▄█ML▄Kл▄▄MмклM▄▄█ML▄л▄▄Mм▀лM▄▄B≥┬█MLмл▄▄NLлMл┬█MLм▀л▄▄NL▀лMл┬█MLмKл▄▄NLKлMл┬█MLлкл▄▄NKлMл┬B≥┬█MLмкл▄▄NLклM▄▄┬█MLнл▄▄NMлM▄▄┬█ML▄кл▄▄MнKлM▄▄┬█ML▄▀л▄▄MнлM▄▄┬B≥┬█MLнKл▄▄NMKлM▄▄х█MMл▄▄NM▀лM▄▄х█MLнл▄▄NMлM▄▄х█MLмкл▄▄NLклM▄▄хB≥┬█MLмл▄▄NLлMMл┬█MMKл▄▄NMклMMл┬█MM▀л▄▄NNлMMл┬█MLм▀л▄▄NL▀лMMл┬B≥┬█MLм▀л▄▄NL▀лMMл┬█MM▀л▄▄NNлMMл┬█MMкл▄▄NNKлMMл┬█MLнKл▄▄NMKлMMл┬B≥┬█MMл▄▄▄лMMн█MMKл▄▄▄KлMMн█MM▀л▄▄▄▀лMMн█MMкл▄▄▄клMMнB≥┬█MMл▄▄▄лMMн█MM▀л▄▄NNлMMн█MMKл▄▄NMклMMн█MMKл▄▄▄KлMMнB≥┬█MMл▄▄▄лMMл┬█MMKл▄▄▄KлMMл┬█MMLл▄▄▄▀лMMл┬█MMLKл▄▄▄клMMл┬B≥┬█ML▌л▄▄NлMMл┬█MLKл▄▄LклMMл┬█MLкл▄▄LKлMMл┬█MMLл▄▄▄▀лMMл┬B≥┬█MMKл▄▄▄KлMMн█MMKл▄▄NMклMMн█MLлл▄▄N▀лMMн█ML█кл▄▄NклMMнB≥┬█MMKл▄▄NMклMMл┬█MLмл▄▄NLлMMл┬█MLл▀л▄▄NлMMл┬█MLлл▄▄N▀лMMл┬B≥┬█MLMл▄▄MллM▄██ML█л▄▄NлM▄██MML▀л▄▄▄лM▄██MLLкл▄▄M▌KлM▄█B≥┬█ML▄Kл▄▄MмклM▄█H█ML▄▀л▄▄MнлM▄█H█MLMл▄▄MллM▄█H█MLLKл▄▄M█клM▄█HB≥┬█MLмKл▄▄NLKлM▄█┬█MLмкл▄▄NLклM▄█┬█ML▄▀л▄▄MнлM▄█┬█ML▄Kл▄▄MмклM▄█┬B≥┬█MLм▀л▄▄NL▀лM▄█х█MLнKл▄▄NMKлM▄█х█MLмкл▄▄NLклM▄█х█MLмKл▄▄NLKлM▄█хB≥┬█MMкл▄▄NNKлMMл┬█MMKл▄▄▄KлMMл┬█MMл▄▄NM▀лMMл┬█MLнKл▄▄NMKлMMл┬B≥┬█MMл▄▄▄лMMн█MMLкл▄▄▄KлMMн█MMкл▄▄NNKлMMн█MM▀л▄▄NNлMMнB≥┬█MMMл▄▄▄LлMMл┬█MMMKл▄▄▄LKлMMл┬█MM▀л▄▄▄▀лMMл┬█MMLкл▄▄▄KлMMл┬B≥┬█MLкл▄▄MNKлM▄▌█MMM▀л▄▄▄L▀лM▄▌█MLM▀л▄▄Mл▀лM▄▌█MLл▄▄M▄лM▄▌B≥┬█MLM▀л▄▄Mл▀лM▄х█LнL▀л▄▄лM▄х█MMMкл▄▄▄LклM▄х█MLMкл▄▄MлклM▄хB≥┬█MLMкл▄▄MлклM▄Lх█MMMкл▄▄▄LклM▄Lх█ML▀л▄▄LлM▄Lх█ML█▀л▄▄N▀лM▄LхB≥┬█MMл▄▄▄лMMлх█MMLKл▄▄▄клMMлх█MMMл▄▄▄LлMMлх█MMLкл▄▄▄KлMMлхB≥┬█ML█кл▄▄NклMMл┬█ML▌л▄▄NлMMл┬█MMLл▄▄▄▀лMMл┬█MMKл▄▄▄KлMMл┬B≥┬█MMNл▄▄▄MлMлх█MNKл▄▄MMKлMлх█MMNKл▄▄▄MKлMлх█MM▄л▄▄▄M▀лMлхB≥┬█MM▄Kл▄▄▄MклMлн█MM▄▀л▄▄▄NлMлн█MM▄кл▄▄▄NKлMлн█MM█л▄▄▄▄лMлнB≥┬█MM▄▀л▄▄▄NлM▄лH█MM█Kл▄▄▄▄KлM▄лH█MM█▀л▄▄▄▄▀лM▄лH█MM▄кл▄▄▄NKлM▄лHB≥┬█MM█Kл▄▄▄▄KлMл┬█MM█кл▄▄▄▄клMл┬█MM▌л▄▄▄█лMл┬█MM█▀л▄▄▄▄▀лMл┬B≥┬█MM█кл▄▄▄▄клM▄лх█MM▌Kл▄▄▄█KлM▄лх█MMлл▄▄▄█▀лM▄лх█MM▌л▄▄▄█лM▄лхB≥┬█MMлKл▄▄▄█клM▄██MMл▀л▄▄▄▌лM▄██MMлл▄▄▄█▀лM▄██MM▌Kл▄▄▄█KлM▄█B≥┬█MMлкл▄▄▄▌KлM▄м█MMмл▄▄▄ллM▄м█MMNл▄▄▄MлM▄м█MM█л▄▄▄▄лM▄мB≥┬█MMлкл▄▄▄▌KлMм█MM█л▄▄▄▄лMм█MM▄кл▄▄▄NKлMм█MMмKл▄▄▄лKлMмB≥┬█MMмKл▄▄▄лKлMм█MM▄кл▄▄▄NKлMм█MM█▀л▄▄▄▄▀лMм█MMм▀л▄▄▄л▀лMмB≥┬█MMм▀л▄▄▄л▀лM▄мх█MM█▀л▄▄▄▄▀лM▄мх█MM▌л▄▄▄█лM▄мх█MMмкл▄▄▄лклM▄мхB≥┬█MMмкл▄▄▄лклM▄н█MM▌л▄▄▄█лM▄н█MMлл▄▄▄█▀лM▄н█MMнл▄▄▄млM▄нB≥┬█MMнKл▄▄▄мKлM▄нH█MNл▄▄▄м▀лM▄нH█MMмл▄▄▄ллM▄нH█MMлкл▄▄▄▌KлM▄нHB≥┬█MNKл▄▄▄мклM▄H█MN▀л▄▄▄нлM▄H█MNл▄▄▄м▀лM▄H█MMнKл▄▄▄мKлM▄HB≥┬█MMнKл▄▄▄мKлMлLH█MMлкл▄▄▄▌KлMлLH█MMмKл▄▄▄лKлMлLH█MNкл▄▄▄нKлMлLHB≥┬█MNKл▄▄▄мклM█H█MMнKл▄▄▄мKлM█H█MNкл▄▄▄нKлM█H█MNл▄▄█лM█HB≥┬█MNкл▄▄▄нKлMлLх█MMмKл▄▄▄лKлMлLх█MMм▀л▄▄▄л▀лMлLх█MNKл▄▄█KлMлLхB≥┬█MNл▄▄█лM█х█MNкл▄▄▄нKлM█х█MNKл▄▄█KлM█х█MN▀л▄▄█▀лM█хB≥┬█MNKл▄▄█KлM██MMм▀л▄▄▄л▀лM██MMмкл▄▄▄лклM██MNкл▄▄█клM█B≥┬█MN▀л▄▄█▀лMмH█MNKл▄▄█KлMмH█MNкл▄▄█клMмH█MNл▄▄█лMмHB≥┬█MNкл▄▄█клM█┬█MMмкл▄▄▄лклM█┬█MMнл▄▄▄млM█┬█MNKл▄▄█KлM█┬B≥┬█MNл▄▄█лM█х█MNкл▄▄█клM█х█MNKл▄▄█KлM█х█MNLл▄▄█▀лM█хB≥┬█MNл▄▄█лMMл┬█MNLл▄▄█▀лMMл┬█MNLKл▄▄█клMMл┬█MNL▀л▄▄█лMMл┬B≥┬█MNLл▄▄█▀лMMл┬█MNLкл▄▄█KлMMл┬█MMл▄▄▄лMMл┬█MNLKл▄▄█клMMл┬B≥┬█MNMл▄▄█LлMMн█MNMKл▄▄█LKлMMн█MNL▀л▄▄█лMMн█MNLKл▄▄█клMMнB≥┬█MNMл▄▄█LлMMл┬█MMл▄▄MLлMMл┬█MNM▀л▄▄█L▀лMMл┬█MNMKл▄▄█LKлMMл┬B≥┬█MNMKл▄▄█LKлMMн█MNKл▄▄▄мклMMн█MNл▄▄█лMMн█MNL▀л▄▄█лMMнB≥┬█MNL▀л▄▄█лMMл┬█MNл▄▄█лMMл┬█MN▀л▄▄█▀лMMл┬█MNл▄▄█лMMл┬B≥┬█MMнл▄▄▄млM▄L┬█MMлл▄▄▄█▀лM▄L┬█MMл▀л▄▄▄▌лM▄L┬█MNMкл▄▄█LклM▄L┬B≥┬█MNKл▄▄█KлM▄▄┬█MMнл▄▄▄млM▄▄┬█MNMкл▄▄█LклM▄▄┬█MNNл▄▄█MлM▄▄┬B≥┬█MNLл▄▄█▀лM▄▄х█MNKл▄▄█KлM▄▄х█MNNл▄▄█MлM▄▄х█MNLкл▄▄█KлM▄▄хB≥┬█MNMл▄▄█LлMMн█MNLKл▄▄█клMMн█MMл▄▄▄лMMн█MMкл▄▄▄клMMнB≥┬█MM▄Kл▄▄▄MклMлх█MM█л▄▄▄▄лMлх█MMNл▄▄▄MлMлх█MM▄л▄▄▄M▀лMлхB≥┬█MLKл▄▄MMклM▄нH█MLл▄▄MM▀лM▄нH█MMмл▄▄▄ллM▄нH█MNл▄▄▄м▀лM▄нHB≥┬█MNMл▄▄█LлMMл┬█MMкл▄▄▄клMMл┬█MLKл▄▄MклMMл┬█MMл▄▄MLлMMл┬B≥┬█MNKл▄▄▄мклMMлх█MNMKл▄▄█LKлMMлх█MNM▀л▄▄█L▀лMMлх█MN▀л▄▄▄нлMMлхB≥┬█MKл▄▄LKлMMл┬█MNNKл▄▄█MKлMMл┬█MMMKл▄▄▄LKлMMл┬█MMMл▄▄▄LлMMл┬B≥┬█Mл▄▄LлMMNH█M▀л▄▄▄▀лMMNH█MMKл▄▄лKлMMNH█MMл▄▄ллMMNHB≥┬█MKл▄▄LKлMMл█Mл▄▄LлMMл█MMл▄▄ллMMл█Mлл▄▄▀лMMлB≥┬█MмKл▄▄LKлMMлH█MKл▄▄LKлMMлH█Mлл▄▄▀лMMлH█Mл▀л▄▄лMMлHB≥┬█M▀л▄▄M▀лMMл┬█MMкл▄▄MLклMMл┬█Mнл▄▄MлMMл┬█Mмкл▄▄LклMMл┬B≥┬█M█л▄▄L▄лMMм█MM▀л▄▄л▀лMMм█MMKл▄▄лKлMMм█Mкл▄▄LклMMмB≥┬█MлKл▄▄клMMл┬█M▀л▄▄M▀лMMл┬█Mмкл▄▄LклMMл┬█Mл▀л▄▄лMMл┬B≥┬█MMкл▄▄MLклMMн█ML▀л▄▄MNлMMн█MLл▄▄L▀лMMн█Mнл▄▄MлMMнB≥┬█MNMкл▄▄█LклM▄L┬█MMл▀л▄▄▄▌лM▄L┬█ML█л▄▄NлM▄L┬█ML▄кл▄▄MнKлM▄L┬B≥┬█MNNл▄▄█MлM▄▄┬█MNMкл▄▄█LклM▄▄┬█ML▄кл▄▄MнKлM▄▄┬█MLнл▄▄NMлM▄▄┬B≥┬█MNLкл▄▄█KлM▄▄х█MNNл▄▄█MлM▄▄х█MLнл▄▄NMлM▄▄х█MMл▄▄NM▀лM▄▄хB≥┬█MMкл▄▄NNKлMMн█MMLкл▄▄▄KлMMн█MM▀л▄▄▄▀лMMн█MMKл▄▄▄KлMMнB≥┬█MMл▀л▄▄▄▌лM▄██MMлKл▄▄▄█клM▄██MML▀л▄▄▄лM▄██ML█л▄▄NлM▄█B≥┬█MMл▄▄▄лMMл┬█MNLкл▄▄█KлMMл┬█MMл▄▄NM▀лMMл┬█MMKл▄▄▄KлMMл┬B≥┬█MLKл▄▄MклMMл┬█MMкл▄▄▄клMMл┬█MM▀л▄▄▄▀лMMл┬█MMMKл▄▄▄LKлMMл┬B≥┬█ML▀л▄▄MNлMMл┬█ML▀л▄▄MлMMл┬█MNNKл▄▄█MKлMMл┬█MLл▄▄L▀лMMл┬B≥┬█MLM▀л▄▄Mл▀лM▄▌█MMM▀л▄▄▄L▀лM▄▌█LнLкл▄▄KлM▄▌█LнL▀л▄▄лM▄▌B≥┬█MMMл▄▄▄LлMMлх█MMLKл▄▄▄клMMлх█M▀л▄▄L▀лMMлх█MKл▄▄LKлMMлхB≥┬█ML▌л▄▄NлMMнH█ML█▀л▄▄N▀лMMнH█ML▀л▄▄LлMMнH█MLKл▄▄LклMMнHB≥┬█MMLKл▄▄▄клMMл┬█MMLл▄▄▄▀лMMл┬█MLкл▄▄LKлMMл┬█M▀л▄▄L▀лMMл┬B≥┬█ML▀л▄▄MNлMMл┬█MLл▄▄M▀лMMл┬█MLкл▄▄MKлMMл┬█ML▀л▄▄MлMMл┬B≥┬█MN▀л▄▄▄нлMMлх█MNM▀л▄▄█L▀лMMлх█MM▀л▄▄ML▀лMMлх█MMKл▄▄MLKлMMлхB≥┬█MMNл▄▄▄MлM▄м█MMмл▄▄▄ллM▄м█MLл▄▄MM▀лM▄м█MNKл▄▄MMKлM▄мB≥┬█MNл▄▄▄м▀лM▄H█MN▀л▄▄▄нлM▄H█MMKл▄▄MLKлM▄H█MLKл▄▄MMклM▄HB≥┬█MNM▀л▄▄█L▀лMMл┬█MMл▄▄MLлMMл┬█MLкл▄▄MKлMMл┬█MM▀л▄▄ML▀лMMл┬B≥┬█M▄л▄▄м▀лMMл┬█Mкл▄▄NKлMMл┬█MLкл▄▄LKлMMл┬█MLKл▄▄LклMMл┬B≥┬█LнLKл▄▄клMMM█Mл▄▄█лMMM█MMMкл▄▄▄LклMMM█LнL▀л▄▄лMMMB≥┬█Mл▄▄█лM▄Lх█MNл▄▄млM▄Lх█ML▀л▄▄LлM▄Lх█MMMкл▄▄▄LклM▄LхB≥┬█M█▀л▄▄L▄▀лM▌L█MNл▄▄MMлM▌L█MMNKл▄▄▄MKлM▌L█MNKл▄▄MMKлM▌LB≥┬█Mлкл▄▄L▌KлM▄нH█M█кл▄▄L▄клM▄нH█MLл▄▄MM▀лM▄нH█MLKл▄▄MMклM▄нHB≥┬█Mл▄▄LлMMл┬█MLл▄▄L▀лMMл┬█MNNKл▄▄█MKлMMл┬█MKл▄▄LKлMMл┬B≥┬█MLKл▄▄MклMMл┬█MMMKл▄▄▄LKлMMл┬█MNNKл▄▄█MKлMMл┬█ML▀л▄▄MлMMл┬B≥┬█M▄л▄▄█M▀лMM█M▄Kл▄▄█MклMM█M▄▀л▄▄█NлMM█M▄кл▄▄█NKлMMB≥┬█M▄л▄▄█▄лMMH█M▄Kл▄▄█▄KлMMH█M▄▀л▄▄█▄▀лMMH█M▄кл▄▄█▄клMMHB≥┬█M▄Kл▄▄█▄KлMML█M▄л▄▄██лMML█M▄Kл▄▄██KлMML█M▄▀л▄▄█▄▀лMMLB≥┬█M▄л▄▄██лMMLH█M▄Lл▄▄██▀лMMLH█M▄LKл▄▄██клMMLH█M▄Kл▄▄██KлMMLHB≥┬█M▄Lл▄▄██▀лMML┬█M▄L▀л▄▄█▌лMML┬█M▄Lкл▄▄█▌KлMML┬█M▄LKл▄▄██клMML┬B≥┬█M▄Mл▄▄█ллMMLх█M▄MKл▄▄█лKлMMLх█M▄Lкл▄▄█▌KлMMLх█M▄L▀л▄▄█▌лMMLхB≥┬█M▄M▀л▄▄█л▀лMMM█M▄Mкл▄▄█лклMMM█M▄л▄▄█M▀лMMM█M▄кл▄▄█▄клMMMB≥┬█M▄M▀л▄▄█л▀лMMMH█M▄кл▄▄█▄клMMMH█M▄▀л▄▄█▄▀лMMMH█M▄Nл▄▄█млMMMHB≥┬█M▄Nл▄▄█млMMM┬█M▄▀л▄▄█▄▀лMMM┬█M▄Kл▄▄██KлMMM┬█M▄NKл▄▄█мKлMMM┬B≥┬█M▄NKл▄▄█мKлMMMх█M▄Kл▄▄██KлMMMх█M▄LKл▄▄██клMMMх█M▄▄л▄▄█м▀лMMMхB≥┬█M▄▄л▄▄█м▀лMMN█M▄LKл▄▄██клMMN█M▄Lкл▄▄█▌KлMMN█M▄▄Kл▄▄█мклMMNB≥┬█M▄▄▀л▄▄█нлMMNH█M▄▄кл▄▄█нKлMMNH█M▄█л▄▄▌лMMNH█M▄█Kл▄▄▌KлMMNHB≥┬█M▄█▀л▄▄▌▀лMM▄█M▄█кл▄▄▌клMM▄█M▄Mкл▄▄█лклMM▄█M▄M▀л▄▄█л▀лMM▄B≥┬█M▄▌л▄▄▌лMM▄H█M▄▌Kл▄▄▌KлMM▄H█M▄█кл▄▄▌клMM▄H█M▄█▀л▄▄▌▀лMM▄HB≥┬█M▄█▀л▄▄▌▀лMM▄┬█M▄M▀л▄▄█л▀лMM▄┬█M▄Nл▄▄█млMM▄┬█M▄лл▄▄▌▀лMM▄┬B≥┬█M▄▌л▄▄▌лMM▄х█M▄█▀л▄▄▌▀лMM▄х█M▄лл▄▄▌▀лMM▄х█M▄лKл▄▄▌клMM▄хB≥┬█M▄лл▄▄▌▀лMM██M▄Nл▄▄█млMM██M▄NKл▄▄█мKлMM██M▄л▀л▄▄▌лMM█B≥┬█M▄лKл▄▄▌клMM█H█M▄лл▄▄▌▀лMM█H█M▄л▀л▄▄▌лMM█H█M▄лкл▄▄▌KлMM█HB≥┬█M▄л▀л▄▄▌лMм█M▄NKл▄▄█мKлMм█M▄▄л▄▄█м▀лMм█M▄мл▄▄▌LлMмB≥┬█M▄лкл▄▄▌KлMM█х█M▄л▀л▄▄▌лMM█х█M▄мл▄▄▌LлMM█х█M▄мKл▄▄▌LKлMM█хB≥┬█M▄мл▄▄▌LлMM▌█M▄▄л▄▄█м▀лMM▌█M▄▄Kл▄▄█мклMM▌█M▄м▀л▄▄▌L▀лMM▌B≥┬█M▄мKл▄▄▌LKлMM▌H█M▄мл▄▄▌LлMM▌H█M▄м▀л▄▄▌L▀лMM▌H█M▄мкл▄▄▌LклMM▌HB≥┬█M▄нл▄▄▌MлMMл█M▄нKл▄▄▌MKлMMл█M▄▄кл▄▄█нKлMMл█M▄▄▀л▄▄█нлMMлB≥┬█M█л▄▄▌M▀лMMлH█M█Kл▄▄▌MклMMлH█M▄нKл▄▄▌MKлMMлH█M▄нл▄▄▌MлMMлHB≥┬█M▄мKл▄▄▌LKлMMл┬█M▄мкл▄▄▌LклMMл┬█M█▀л▄▄▌NлMMл┬█M█кл▄▄▌NKлMMл┬B≥┬█M▄мкл▄▄▌LклMMл┬█M█л▄▄ллMMл┬█M█Kл▄▄лKлMMл┬█M█▀л▄▄▌NлMMл┬B≥┬█M█Kл▄▄лKлMMл┬█M█▀л▄▄л▀лMMл┬█M█кл▄▄лклMMл┬█M█л▄▄ллMMл┬B≥┬█M█Kл▄▄лKлMMл┬█M█Lл▄▄л▀лMMл┬█M█кл▄▄▌NKлMMл┬█M█▀л▄▄▌NлMMл┬B≥┬█M█Kл▄▄лKлMMл┬█M█LKл▄▄лклMMл┬█M█L▀л▄▄ллMMл┬█M█Lл▄▄л▀лMMл┬B≥┬█M█Lкл▄▄лKлMMлх█M█Mл▄▄лLлMMлх█M█MKл▄▄лLKлMMлх█M█LKл▄▄лклMMлхB≥┬█M█Lл▄▄л▀лMMл┬█M▄▌л▄▄▌лMMл┬█M▄лKл▄▄▌клMMл┬█M█кл▄▄▌NKлMMл┬B≥┬█M█кл▄▄▌NKлMMл┬█M▄лKл▄▄▌клMMл┬█M▄лкл▄▄▌KлMMл┬█M▄мKл▄▄▌LKлMMл┬B≥┬█M█M▀л▄▄лL▀лMMм█M▄█л▄▄▌лMMм█M▄MKл▄▄█лKлMMм█M▄Mл▄▄█ллMMмB≥┬█M▄▄Kл▄▄█мклMMмH█M▄Lкл▄▄█▌KлMMмH█M▄MKл▄▄█лKлMMмH█M█Mкл▄▄лLклMMмHB≥┬█M▄м▀л▄▄▌L▀лMMм┬█M▄▄Kл▄▄█мклMMм┬█M█Mкл▄▄лLклMMм┬█M█Nл▄▄лMлMMм┬B≥┬█M▄мкл▄▄▌LклMMмх█M▄м▀л▄▄▌L▀лMMмх█M█Nл▄▄лMлMMмх█M█л▄▄ллMMмхB≥┬█M█Kл▄▄▌MклMMл┬█M█▀л▄▄л▀лMMл┬█M█Kл▄▄лKлMMл┬█M█л▄▄ллMMл┬B≥┬█M█Kл▄▄лKлMMл┬█M█▀л▄▄▌NлMMл┬█M█Kл▄▄лKлMMл┬█M█л▄▄ллMMл┬B≥┬█M█кл▄▄лклMMн█M█NKл▄▄лMKлMMн█M█Lкл▄▄лKлMMн█M█л▄▄ллMMнB≥┬█M▄л▄▄█▄лMM█M▄кл▄▄█▄клMM█M▄л▄▄█M▀лMM█M▄кл▄▄█NKлMMB≥┬█M█▄л▄▄лM▀лMMнH█M█▄Kл▄▄лMклMMнH█M▄█кл▄▄▌клMMнH█M▄▌Kл▄▄▌KлMMнHB≥┬█M█MKл▄▄лLKлMMл┬█M█▄▀л▄▄лNлMMл┬█M█L▀л▄▄ллMMл┬█M█LKл▄▄лклMMл┬B≥┬█M█Kл▄▄лKлMN█M█л▄▄ллMN█M█Lкл▄▄лKлMN█M█LKл▄▄лклMNB≥┬█M▄▌л▄▄▌лMMн█M█Lл▄▄л▀лMMн█M█L▀л▄▄ллMMн█M▄▌Kл▄▄▌KлMMнB≥┬█M█▄кл▄▄лNKлMлл┬█M██л▄▄л▄лMлл┬█M██Kл▄▄л▄KлMлл┬█M██▀л▄▄л▄▀лMлл┬B≥┬█M██▀л▄▄л▄▀лMN┬█M██Kл▄▄л▄KлMN┬█M██кл▄▄л▄клMN┬█M█▌л▄▄л█лMN┬B≥┬█M█▌л▄▄л█лMмH█M██кл▄▄л▄клMмH█M█▌Kл▄▄л█KлMмH█M█лл▄▄л█▀лMмHB≥┬█M█лл▄▄л█▀лMN█M█▌Kл▄▄л█KлMN█M█лKл▄▄л█клMN█M█л▀л▄▄л▌лMNB≥┬█M█лкл▄▄л▌KлMMм█M█л▀л▄▄л▌лMMм█M█лKл▄▄л█клMMм█M▄█Kл▄▄▌KлMMмB≥┬█M█мл▄▄лллMNH█M██л▄▄л▄лMNH█M█мKл▄▄ллKлMNH█M█м▀л▄▄лл▀лMNHB≥┬█M█мл▄▄лллMлм█M█мкл▄▄ллклMлм█M██Kл▄▄л▄KлMлм█M██л▄▄л▄лMлмB≥┬█M█мкл▄▄ллклMм┬█M█нл▄▄лмлMм┬█M██кл▄▄л▄клMм┬█M██Kл▄▄л▄KлMм┬B≥┬█M█нл▄▄лмлMN█M█нKл▄▄лмKлMN█M█▌Kл▄▄л█KлMN█M██кл▄▄л▄клMNB≥┬█M█нKл▄▄лмKлMNH█M▌л▄▄лм▀лMNH█M█лKл▄▄л█клMNH█M█▌Kл▄▄л█KлMNHB≥┬█M▌Kл▄▄лмклMNL█M█мл▄▄лллMNL█M█м▀л▄▄лл▀лMNL█M▌▀л▄▄лнлMNLB≥┬█M▌кл▄▄лнKлMNLH█M▌Kл▄▄лмклMNLH█M▌▀л▄▄лнлMNLH█M▌л▄▄млMNLHB≥┬█M▌Kл▄▄лмклMNL┬█M▌Kл▄▄мKлMNL┬█M█мкл▄▄ллклMNL┬█M█мл▄▄лллMNL┬B≥┬█M▌кл▄▄лнKлMNLх█M▌▀л▄▄м▀лMNLх█M▌Kл▄▄мKлMNLх█M▌Kл▄▄лмклMNLхB≥┬█M▌Kл▄▄мKлM▌H█M▌кл▄▄мклM▌H█M█нл▄▄лмлM▌H█M█мкл▄▄ллклM▌HB≥┬█M▌▀л▄▄м▀лMNMH█M▌л▄▄млMNMH█M▌кл▄▄мклMNMH█M▌Kл▄▄мKлMNMHB≥┬█M▌кл▄▄мклMNM┬█M▌Kл▄▄мKлMNM┬█M█нKл▄▄лмKлMNM┬█M█нл▄▄лмлMNM┬B≥┬█M▌л▄▄млMмх█M▌Lл▄▄м▀лMмх█M▌Kл▄▄мKлMмх█M▌кл▄▄мклMмхB≥┬█M▌Kл▄▄мKлMNN█M▌LKл▄▄мклMNN█M▌л▄▄лм▀лMNN█M█нKл▄▄лмKлMNNB≥┬█M▌Lл▄▄м▀лMлMH█M▌L▀л▄▄млMлMH█M▌LKл▄▄мклMлMH█M▌Kл▄▄мKлMлMHB≥┬█M▌Lл▄▄м▀лMMлх█M▌Lкл▄▄мKлMMлх█M▌Mл▄▄мLлMMлх█M▌L▀л▄▄млMMлхB≥┬█M▌L▀л▄▄млMMл┬█M▌Mл▄▄мLлMMл┬█M▌MKл▄▄мLKлMMл┬█M█л▄▄▌M▀лMMл┬B≥┬█M▌M▀л▄▄мL▀лMMл┬█M▌Mл▄▄мLлMMл┬█M▌Lкл▄▄мKлMMл┬█M▌Mкл▄▄мLклMMл┬B≥┬█M▌M▀л▄▄мL▀лMMл┬█M▌Mкл▄▄мLклMMл┬█M▌Nл▄▄мMлMMл┬█M▌NKл▄▄мMKлMMл┬B≥┬█Mлл▄▄мM▀лMMл┬█MлKл▄▄мMклMMл┬█Mл▀л▄▄мNлMMл┬█Mлкл▄▄мNKлMMл┬B≥┬█M▌л▄▄млMMлх█Mлл▄▄м▄лMMлх█MлKл▄▄м▄KлMMлх█M▌Nл▄▄мMлMMлхB≥┬█M▌Mкл▄▄мLклMMл┬█M▌Lкл▄▄мKлMMл┬█M▌▀л▄▄м▀лMMл┬█M▌кл▄▄лнKлMMл┬B≥┬█M▌Lкл▄▄мKлMMлх█M▌Lл▄▄м▀лMMлх█M▌л▄▄млMMлх█M▌▀л▄▄м▀лMMлхB≥┬█M▌л▄▄лм▀лMMNH█M▄▄▀л▄▄█нлMMNH█M▄█Kл▄▄▌KлMMNH█M█лKл▄▄л█клMMNHB≥┬█M▌LKл▄▄мклMMл█M▄нл▄▄▌MлMMл█M▄▄▀л▄▄█нлMMл█M▌л▄▄лм▀лMMлB≥┬█M▌L▀л▄▄млMMлH█M█л▄▄▌M▀лMMлH█M▄нл▄▄▌MлMMлH█M▌LKл▄▄мклMMлHB≥┬█M▌M▀л▄▄мL▀лMMл┬█Mл▀л▄▄м▄▀лMMл┬█M▌MKл▄▄мLKлMMл┬█M▌Mл▄▄мLлMMл┬B≥┬█M█▄кл▄▄лNKлM▌L█Mлкл▄▄м▄клM▌L█M█мKл▄▄ллKлM▌L█M██л▄▄л▄лM▌LB≥┬█M█мKл▄▄ллKлMNH█Mлл▄▄м█лMNH█MлKл▄▄м█KлMNH█M█м▀л▄▄лл▀лMNHB≥┬█M▌▀л▄▄лнлM▄H█MлLл▄▄м█▀лM▄H█Mлл▄▄м▄лM▄H█M▌л▄▄млM▄HB≥┬█M▌Nл▄▄мMлMMл┬█MлKл▄▄м▄KлMMл┬█Mл▀л▄▄мNлMMл┬█M▌NKл▄▄мMKлMMл┬B≥┬█M▌M▀л▄▄мL▀лMMн█M▌NKл▄▄мMKлMMн█MлLKл▄▄м█клMMн█Mл▀л▄▄м▄▀лMMнB≥┬█M▌кл▄▄лнKлMN█M▌л▄▄млMN█M▌Nл▄▄мMлMN█M▌Mкл▄▄мLклMNB≥┬█MлL▀л▄▄м▌лM▄┬█MлLкл▄▄м▌KлM▄┬█MлMл▄▄мллM▄┬█MлMKл▄▄млKлM▄┬B≥┬█MлMKл▄▄млKлM▄х█MлMл▄▄мллM▄х█MлM▀л▄▄мл▀лM▄х█MлMкл▄▄млклM▄хB≥┬█MлMкл▄▄млклM▄█MлM▀л▄▄мл▀лM▄█MлNл▄▄ммлM▄█MлNKл▄▄ммKлM▄B≥┬█MлNKл▄▄ммKлM▄H█MлNл▄▄ммлM▄H█Mл▄л▄▄мм▀лM▄H█Mл▄Kл▄▄ммклM▄HB≥┬█Mл▄▀л▄▄мнлM▄┬█Mл▄Kл▄▄ммклM▄┬█Mл▄л▄▄мм▀лM▄┬█Mл▄кл▄▄мнKлM▄┬B≥┬█Mл█л▄▄нлM▄х█MлLкл▄▄м▌KлM▄х█Mл█Kл▄▄нKлM▄х█Mл█▀л▄▄н▀лM▄хB≥┬█Mл█л▄▄нлM▄█Mл█кл▄▄нклM▄█MлMл▄▄мллM▄█MлLкл▄▄м▌KлM▄B≥┬█Mл█кл▄▄нклM▄H█Mл▌л▄▄нлM▄H█MлM▀л▄▄мл▀лM▄H█MлMл▄▄мллM▄HB≥┬█Mл▌л▄▄нлMлмх█Mл▌Kл▄▄нKлMлмх█MлNл▄▄ммлMлмх█MлM▀л▄▄мл▀лMлмхB≥┬█Mл▌Kл▄▄нKлM▄LH█Mллл▄▄н▀лM▄LH█Mл▄л▄▄мм▀лM▄LH█MлNл▄▄ммлM▄LHB≥┬█MллKл▄▄нклM▄L┬█Mлл▀л▄▄нлM▄L┬█Mллкл▄▄нKлM▄L┬█Mл▄кл▄▄мнKлM▄L┬B≥┬█Mлмл▄▄нLлM▄Lх█Mл█л▄▄нлM▄Lх█Mл█▀л▄▄н▀лM▄Lх█MлмKл▄▄нLKлM▄LхB≥┬█Mлм▀л▄▄нL▀лMMнH█Mлмл▄▄нLлMMнH█MлмKл▄▄нLKлMMнH█Mлмкл▄▄нLклMMнHB≥┬█Mлмл▄▄нLлMл▄█Mлнл▄▄нMлMл▄█Mл█кл▄▄нклMл▄█Mл█л▄▄нлMл▄B≥┬█Mлм▀л▄▄нL▀лM▄MH█MлнKл▄▄нMKлM▄MH█Mлнл▄▄нMлM▄MH█Mлмл▄▄нLлM▄MHB≥┬█Mлнл▄▄нMлM▄M┬█Mмл▄▄нM▀лM▄M┬█Mл▌л▄▄нлM▄M┬█Mл█кл▄▄нклM▄M┬B≥┬█MлнKл▄▄нMKлM▄Mх█MмKл▄▄нMклM▄Mх█Mмл▄▄нM▀лM▄Mх█Mлнл▄▄нMлM▄MхB≥┬█Mмл▄▄нM▀лMл▄H█Mм▀л▄▄нNлMл▄H█Mл▌Kл▄▄нKлMл▄H█Mл▌л▄▄нлMл▄HB≥┬█MмKл▄▄нMклM▄NH█Mмкл▄▄нNKлM▄NH█Mм▀л▄▄нNлM▄NH█Mмл▄▄нM▀лM▄NHB≥┬█Mм▀л▄▄нNлM▄▄█Mмл▄█лM▄▄█Mллл▄▄н▀лM▄▄█Mл▌Kл▄▄нKлM▄▄B≥┬█Mмкл▄▄нNKлMл┬█MмKл▄█KлMл┬█Mмл▄█лMл┬█Mм▀л▄▄нNлMл┬B≥┬█Mм▀л▄█▀лM▄▄┬█Mмкл▄█клM▄▄┬█Mлл▀л▄▄нлM▄▄┬█MллKл▄▄нклM▄▄┬B≥┬█Mмл▄█лM▄▄х█MмKл▄█KлM▄▄х█Mмкл▄█клM▄▄х█Mм▀л▄█▀лM▄▄хB≥┬█Mмкл▄▄нNKлMMл┬█MмLл▄█▀лMMл┬█MмLKл▄█клMMл┬█MмKл▄█KлMMл┬B≥┬█MмKл▄█KлMMл┬█MмLKл▄█клMMл┬█MмL▀л▄█лMMл┬█Mмл▄█лMMл┬B≥┬█MмLкл▄█KлMMн█MмMл▄█LлMMн█MмMKл▄█LKлMMн█MмM▀л▄█L▀лMMнB≥┬█MмMкл▄█LклMMн█MмLKл▄█клMMн█MмLл▄█▀лMMн█MмNл▄█MлMMнB≥┬█MмMкл▄█LклMMл┬█MмNл▄█MлMMл┬█MмNKл▄█MKлMMл┬█Mм▄л▄█M▀лMMл┬B≥┬█Mлмкл▄▄нLклMMл┬█M█▄л▄▄лM▀лMMл┬█M█▄▀л▄▄лNлMMл┬█MмNKл▄█MKлMMл┬B≥┬█MмNл▄█MлMMн█MмLл▄█▀лMMн█MлнKл▄▄нMKлMMн█Mлм▀л▄▄нL▀лMMнB≥┬█MмLл▄█▀лMMл┬█Mмкл▄▄нNKлMMл┬█MмKл▄▄нMклMMл┬█MлнKл▄▄нMKлMMл┬B≥┬█Mл▄кл▄▄мнKлM▄██Mллкл▄▄нKлM▄██Mм▄Kл▄█MклM▄██Mл▄▀л▄▄мнлM▄█B≥┬█Mллл▄▄н▀лM▄█H█MллKл▄▄нклM▄█H█Mл▄кл▄▄мнKлM▄█H█Mл▄л▄▄мм▀лM▄█HB≥┬█Mмл▄█лM▄█┬█Mм▀л▄█▀лM▄█┬█MллKл▄▄нклM▄█┬█Mллл▄▄н▀лM▄█┬B≥┬█MмKл▄█KлM▄█х█Mмл▄█лM▄█х█Mм▀л▄█▀лM▄█х█Mмл▄█лM▄█хB≥┬█MмL▀л▄█лMMл┬█MмMл▄█LлMMл┬█MмKл▄█KлMMл┬█Mмл▄█лMMл┬B≥┬█MмMкл▄█LклMMн█Mм▄▀л▄█NлMMн█MмL▀л▄█лMMн█MмLKл▄█клMMнB≥┬█Mм▄кл▄█NKлMMл┬█Mм█л▄█▄лMMл┬█MмMKл▄█LKлMMл┬█Mм▄▀л▄█NлMMл┬B≥┬█MлL▀л▄▄м▌лM▄▌█Mм█Kл▄█▄KлM▄▌█Mл█Kл▄▄нKлM▄▌█MлLкл▄▄м▌KлM▄▌B≥┬█Mл█Kл▄▄нKлM▄х█M▄Kл▄▄█MклM▄х█Mм█▀л▄█▄▀лM▄х█Mл█▀л▄▄н▀лM▄хB≥┬█Mл█▀л▄▄н▀лM▄Lх█Mм█▀л▄█▄▀лM▄Lх█M█▄Kл▄▄лMклM▄Lх█MлмKл▄▄нLKлM▄LхB≥┬█MмMкл▄█LклMMлх█Mм▄л▄█M▀лMMлх█Mм▄кл▄█NKлMMлх█Mм▄▀л▄█NлMMлхB≥┬█Mлм▀л▄▄нL▀лMMл┬█Mлмкл▄▄нLклMMл┬█MмNKл▄█MKлMMл┬█MмNл▄█MлMMл┬B≥┬█Mм█кл▄█▄клMлх█Mлл▄▄м█лMлх█Mм▌л▄██лMлх█Mм▌Kл▄██KлMлхB≥┬█Mмлл▄██▀лMлн█MмлKл▄██клMлн█Mмл▀л▄█▌лMлн█Mмлкл▄█▌KлMлнB≥┬█MмлKл▄██клM▄лH█Mммл▄█ллM▄лH█MммKл▄█лKлM▄лH█Mмл▀л▄█▌лM▄лHB≥┬█Mммл▄█ллMл┬█Mмм▀л▄█л▀лMл┬█Mммкл▄█лклMл┬█MммKл▄█лKлMл┬B≥┬█Mмм▀л▄█л▀лM▄лх█Mмнл▄█млM▄лх█MмнKл▄█мKлM▄лх█Mммкл▄█лклM▄лхB≥┬█Mнл▄█м▀лM▄██MнKл▄█мклM▄██MмнKл▄█мKлM▄██Mмнл▄█млM▄█B≥┬█Mн▀л▄█нлM▄м█Mнкл▄█нKлM▄м█Mм█кл▄█▄клM▄м█Mмлкл▄█▌KлM▄мB≥┬█Mн▀л▄█нлMм█Mмлкл▄█▌KлMм█Mмл▀л▄█▌лMм█Mнл▄█лMмB≥┬█Mнл▄█лMм█Mмл▀л▄█▌лMм█MммKл▄█лKлMм█MнKл▄█KлMмB≥┬█MнKл▄█KлM▄мх█MммKл▄█лKлM▄мх█Mммкл▄█лклM▄мх█Mн▀л▄█▀лM▄мхB≥┬█Mн▀л▄█▀лM▄н█Mммкл▄█лклM▄н█MмнKл▄█мKлM▄н█Mнкл▄█клM▄нB≥┬█Mнл▄█лM▄нH█MнKл▄█KлM▄нH█Mнкл▄█нKлM▄нH█Mн▀л▄█нлM▄нHB≥┬█MнLл▄█▀лM▄H█MнLKл▄█клM▄H█MнKл▄█KлM▄H█Mнл▄█лM▄HB≥┬█Mнл▄█лMлLH█Mн▀л▄█нлMлLH█Mнл▄█лMлLH█MнL▀л▄█лMлLHB≥┬█MнLл▄█▀лM█H█Mнл▄█лM█H█MнL▀л▄█лM█H█MнLкл▄█KлM█HB≥┬█MнL▀л▄█лMлLх█Mнл▄█лMлLх█MнKл▄█KлMлLх█MнMл▄█LлMлLхB≥┬█MнLкл▄█KлM█х█MнL▀л▄█лM█х█MнMл▄█LлM█х█MнMKл▄█LKлM█хB≥┬█MнMл▄█LлM██MнKл▄█KлM██Mн▀л▄█▀лM██MнM▀л▄█L▀лM█B≥┬█MнMKл▄█LKлMмH█MнMл▄█LлMмH█MнM▀л▄█L▀лMмH█MнMкл▄█LклMмHB≥┬█MнM▀л▄█L▀лM█┬█Mн▀л▄█▀лM█┬█Mнкл▄█клM█┬█MнNл▄█MлM█┬B≥┬█MнMкл▄█LклM█х█MнM▀л▄█L▀лM█х█MнNл▄█MлM█х█MнNKл▄█MKлM█хB≥┬█MнMкл▄█LклMMл┬█MнNKл▄█MKлMMл┬█Nл▄█M▀лMMл┬█NKл▄█MклMMл┬B≥┬█MнNKл▄█MKлMMл┬█N▀л▄█NлMMл┬█MмLкл▄█KлMMл┬█Nл▄█M▀лMMл┬B≥┬█Nкл▄█NKлMMн█Nл▄█▄лMMн█NKл▄█MклMMн█Nл▄█M▀лMMнB≥┬█Nкл▄█NKлMMл┬█Mлкл▄▄мNKлMMл┬█NKл▄█▄KлMMл┬█Nл▄█▄лMMл┬B≥┬█Nл▄█▄лMMн█MнLл▄█▀лMMн█MнLкл▄█KлMMн█NKл▄█MклMMнB≥┬█NKл▄█MклMMл┬█MнLкл▄█KлMMл┬█MнMKл▄█LKлMMл┬█MнMкл▄█LклMMл┬B≥┬█Mнкл▄█клM▄L┬█MмнKл▄█мKлM▄L┬█MнKл▄█мклM▄L┬█N▀л▄█▄▀лM▄L┬B≥┬█MнNл▄█MлM▄▄┬█Mнкл▄█клM▄▄┬█N▀л▄█▄▀лM▄▄┬█Nкл▄█▄клM▄▄┬B≥┬█MнNKл▄█MKлM▄▄х█MнNл▄█MлM▄▄х█Nкл▄█▄клM▄▄х█N▀л▄█NлM▄▄хB≥┬█Nкл▄█NKлMMн█Nл▄█M▀лMMн█MмLкл▄█KлMMн█MмM▀л▄█L▀лMMнB≥┬█Mмлл▄██▀лMлх█Mмлкл▄█▌KлMлх█Mм█кл▄█▄клMлх█Mм▌Kл▄██KлMлхB≥┬█MлLл▄▄м█▀лM▄нH█MлKл▄▄м█KлM▄нH█Mнкл▄█нKлM▄нH█MнKл▄█KлM▄нHB≥┬█Nкл▄█NKлMMл┬█MмM▀л▄█L▀лMMл┬█Mлл▄▄мM▀лMMл┬█Mлкл▄▄мNKлMMл┬B≥┬█MнLл▄█▀лMMлх█Nл▄█▄лMMлх█NKл▄█▄KлMMлх█MнLKл▄█клMMлхB≥┬█M█Mл▄▄лLлMMл┬█Nл▄██лMMл┬█Mм█л▄█▄лMMл┬█Mм▄кл▄█NKлMMл┬B≥┬█M█Mкл▄▄лLклMMNH█M▄MKл▄▄█лKлMMNH█M▄█л▄▄▌лMMNH█M▄▄кл▄▄█нKлMMNHB≥┬█M█Nл▄▄лMлMMл█M█Mкл▄▄лLклMMл█M▄▄кл▄▄█нKлMMл█M▄нKл▄▄▌MKлMMлB≥┬█M█л▄▄ллMMлH█M█Nл▄▄лMлMMлH█M▄нKл▄▄▌MKлMMлH█M█Kл▄▄▌MклMMлHB≥┬█M▌MKл▄▄мLKлMMл┬█Mл▀л▄▄м▄▀лMMл┬█M█кл▄▄лклMMл┬█M█▀л▄▄л▀лMMл┬B≥┬█M█лкл▄▄л▌KлMMм█M▄█Kл▄▄▌KлMMм█M▄█л▄▄▌лMMм█M█M▀л▄▄лL▀лMMмB≥┬█M█л▄▄▌M▀лMMл┬█M▌MKл▄▄мLKлMMл┬█M█▀л▄▄л▀лMMл┬█M█Kл▄▄▌MклMMл┬B≥┬█Mл▀л▄▄м▄▀лMMн█MлLKл▄▄м█клMMн█M█NKл▄▄лMKлMMн█M█кл▄▄лклMMнB≥┬█N▀л▄█▄▀лM▄L┬█MнKл▄█мклM▄L┬█Mллкл▄▄нKлM▄L┬█Mлл▀л▄▄нлM▄L┬B≥┬█Nкл▄█▄клM▄▄┬█N▀л▄█▄▀лM▄▄┬█Mлл▀л▄▄нлM▄▄┬█Mмкл▄█клM▄▄┬B≥┬█N▀л▄█NлM▄▄х█Nкл▄█▄клM▄▄х█Mмкл▄█клM▄▄х█MмKл▄█KлM▄▄хB≥┬█MмL▀л▄█лMMн█Mм▄▀л▄█NлMMн█MмMKл▄█LKлMMн█MмMл▄█LлMMнB≥┬█MнKл▄█мклM▄██Mнл▄█м▀лM▄██Mм▄Kл▄█MклM▄██Mллкл▄▄нKлM▄█B≥┬█MмLкл▄█KлMMл┬█N▀л▄█NлMMл┬█MмKл▄█KлMMл┬█MмMл▄█LлMMл┬B≥┬█Mлл▄▄мM▀лMMл┬█MмM▀л▄█L▀лMMл┬█MмMKл▄█LKлMMл┬█Mм█л▄█▄лMMл┬B≥┬█MлLKл▄▄м█клMMл┬█MлKл▄▄мMклMMл┬█Nл▄██лMMл┬█M█NKл▄▄лMKлMMл┬B≥┬█Mл█Kл▄▄нKлM▄▌█Mм█Kл▄█▄KлM▄▌█M▄▀л▄▄█NлM▄▌█M▄Kл▄▄█MклM▄▌B≥┬█Mм▄кл▄█NKлMMлх█Mм▄л▄█M▀лMMлх█M█MKл▄▄лLKлMMлх█M█Mл▄▄лLлMMлхB≥┬█Mлмкл▄▄нLклMMнH█MлмKл▄▄нLKлMMнH█M█▄Kл▄▄лMклMMнH█M█▄л▄▄лM▀лMMнHB≥┬█Mм▄л▄█M▀лMMл┬█MмNKл▄█MKлMMл┬█M█▄▀л▄▄лNлMMл┬█M█MKл▄▄лLKлMMл┬B≥┬█MлLKл▄▄м█клMMл┬█M▌NKл▄▄мMKлMMл┬█Mл▀л▄▄мNлMMл┬█MлKл▄▄мMклMMл┬B≥┬█MнLKл▄█клMMлх█NKл▄█▄KлMMлх█MлKл▄▄м▄KлMMлх█Mлл▄▄м▄лMMлхB≥┬█Mм█кл▄█▄клM▄м█Mнкл▄█нKлM▄м█MлKл▄▄м█KлM▄м█Mлл▄▄м█лM▄мB≥┬█MнKл▄█KлM▄H█MнLKл▄█клM▄H█Mлл▄▄м▄лM▄H█MлLл▄▄м█▀лM▄HB≥┬█NKл▄█▄KлMMл┬█Mлкл▄▄мNKлMMл┬█Mл▀л▄▄мNлMMл┬█MлKл▄▄м▄KлMMл┬B≥┬█M▄▌Kл▄▄▌KлMMл┬█M█L▀л▄▄ллMMл┬█M█▄▀л▄▄лNлMMл┬█M█▄л▄▄лM▀лMMл┬B≥┬█M▄л▄▄█M▀лMMM█M▄Mкл▄▄█лклMMM█Mм█▀л▄█▄▀лMMM█M▄Kл▄▄█MклMMMB≥┬█M▄Mкл▄▄█лклM▄Lх█M▄█кл▄▄▌клM▄Lх█M█▄Kл▄▄лMклM▄Lх█Mм█▀л▄█▄▀лM▄LхB≥┬█M█мKл▄▄ллKлM▌L█Mлкл▄▄м▄клM▌L█Mм▌л▄██лM▌L█Mлл▄▄м█лM▌LB≥┬█M▌▀л▄▄лнлM▄нH█M█м▀л▄▄лл▀лM▄нH█MлKл▄▄м█KлM▄нH█MлLл▄▄м█▀лM▄нHB≥┬█M█Lкл▄▄лKлMMл┬█M█NKл▄▄лMKлMMл┬█Nл▄██лMMл┬█M█Mл▄▄лLлMMл┬B≥┬█Mлл▄▄мM▀лMMл┬█Mм█л▄█▄лMMл┬█Nл▄██лMMл┬█MлKл▄▄мMклMMл┬B┬хL▄▌шYшш°цB┐B┬цB┬хь ≥Xщь ≥Xщ█CB┬цB┐B²┬L██L▌HLLM▄LлхLMк██L┐B²┬L██L▌HLLM▄LлхLM▀██L┐B²┬L▄▌HLLM▄LлхLM▀██L┐B²┬L▄▌HLLM▄LлхLMк██L┐B²┬L▄▌HLLM▄LлхMк▌нNB²┬L▄▌HLLM▄LлхN▌нNB²┬L██L▌HLLM▄LлхN▌нNB²┬L██L▌HLLM▄LлхMк▌нNB²┬Mм▀█LхLLM▄LлхN▌нNB²┬Mм▀█LхLLM▄LлхMк▌нNB²┬Mн▄лHLLM▄LлхN▌нNB²┬MнK▄лHLLM▄LлхMк▌нNB²┬Mн▄лHLLM▄Lлх▄▄мM┐B²┬MнK▄лHLLM▄Lлх▄▄мM┐B²┬Mн▄лHLLM▄LлхL█▌MMCB²┬MнK▄лHLLM▄LлхL█▌MMCB²┬Mн▄лHLLM▄LлхLK█мLB²┬MнK▄лHLLM▄LлхLK█мLB²┬Mн▄лHLLM▄LлхLM█M▄LцB²┬MнK▄лHLLM▄LлхLM█M▄LцB²┬Mн▄лHLLM▄LлхLM▀██LCB²┬MнK▄лHLLM▄LлхLMк██LCB²┬Mм▀█LхLLM▄LлхLM▀██LCB²┬Mм▀█LхLLM▄LлхLMк██LCB²┬L▄▌HLLLк██л▄HLMк██L┐B²┬L██L▌HLLLк██л▄HLMк██L┐B²┬L██L▌HLLLк██л▄HMк▌нNB²┬L▄▌HLLLк██л▄HMк▌нNB²┬Mм▀█LхLLLк██л▄HMк▌нNB²┬MнK▄лHLLLк██л▄HMк▌нNB²┬MнK▄лHLLLк██л▄H▄▄мM┐B²┬MнK▄лHLLLк██л▄HL█▌MMCB²┬MнK▄лHLLLк██л▄HLK█мLB²┬MнK▄лHLLLк██л▄HLM█M▄LцB²┬MнK▄лHLLLк██л▄HLMк██LCB²┬Mм▀█LхLLLк██л▄HLMк██LCB²┬L██L▌HLLM▄LлхLM█M▄LцB²┬L▄▌HLLM▄LлхLM█M▄LцB²┬L▄▌HLLM▄LлхLK█мLB²┬L██L▌HLLM▄LлхLK█мLB²┬L▄▌HLLM▄LлхL█▌MMCB²┬L██L▌HLLM▄LлхL█▌MMCB²┬L▄▌HLLM▄Lлх▄▄мM┐B²┬L██L▌HLLM▄Lлх▄▄мM┐B²┬Mм▀█LхLLM▄LлхLM█M▄LцB²┬Mм▀█LхLLM▄LлхLK█мLB²┬Mм▀█LхLLM▄LлхL█▌MMCB²┬Mм▀█LхLLM▄Lлх▄▄мM┐B²┬██LлHLLM▄LлхLMк██L┐B²┬██LлHLLM▄LлхLM▀██L┐B²┬██LлHLLM▄LлхMк▌нNB²┬██LлHLLM▄LлхN▌нNB²┬м▀█мMLLM▄LлхMк▌нNB²┬м▀█мMLLM▄LлхN▌нNB²┬н▌NLхLLM▄LлхMк▌нNB²┬мк▌NLхLLM▄LлхN▌нNB²┬н▌NLхLLM▄Lлх▄▄мM┐B²┬мк▌NLхLLM▄Lлх▄▄мM┐B²┬н▌NLхLLM▄LлхL█▌MMCB²┬мк▌NLхLLM▄LлхL█▌MMCB²┬н▌NLхLLM▄LлхLK█мLB²┬мк▌NLхLLM▄LлхLK█мLB²┬н▌NLхLLM▄LлхLM█M▄LцB²┬мк▌NLхLLM▄LлхLM█M▄LцB²┬н▌NLхLLM▄LлхLMк██LCB²┬мк▌NLхLLM▄LлхLM▀██LCB²┬м▀█мMLLM▄LлхLMк██LCB²┬м▀█мMLLM▄LлхLM▀██LCB²┬██LлHLLLк██л▄HLMк██L┐B²┬██LлHLLLк██л▄HMк▌нNB²┬м▀█мMLLLк██л▄HMк▌нNB²┬н▌NLхLLLк██л▄HMк▌нNB²┬н▌NLхLLLк██л▄H▄▄мM┐B²┬н▌NLхLLLк██л▄HL█▌MMCB²┬н▌NLхLLLк██л▄HLK█мLB²┬н▌NLхLLLк██л▄HLM█M▄LцB²┬н▌NLхLLLк██л▄HLMк██LCB²┬м▀█мMLLLк██л▄HLMк██LCB²┬██LлHLLM▄LлхLM█M▄LцB²┬██LлHLLM▄LлхLK█мLB²┬██LлHLLM▄LлхL█▌MMCB²┬██LлHLLM▄Lлх▄▄мM┐B²┬м▀█мMLLM▄LлхLM█M▄LцB²┬м▀█мMLLM▄LлхLK█мLB²┬м▀█мMLLM▄LлхL█▌MMCB²┬м▀█мMLLM▄Lлх▄▄мM┐B²┬MнK▄лHLLL▀▄мM┬Mк▌нNB²┬Mм▀█LхLLL▀▄мM┬Mк▌нNB²┬MнK▄лHLLL▀▄мM┬▄▄мM┐B²┬MнK▄лHLLL▀▄мM┬L█▌MMCB²┬MнK▄лHLLL▀▄мM┬LK█мLB²┬MнK▄лHLLL▀▄мM┬LM█M▄LцB²┬м▀█мMLLL▀▄мM┬Mк▌нNB²┬н▌NLхLLL▀▄мM┬Mк▌нNB²┬н▌NLхLLL▀▄мM┬▄▄мM┐B²┬н▌NLхLLL▀▄мM┬L█▌MMCB²┬н▌NLхLLL▀▄мM┬LM█M▄LцB²┬н▌NLхLLL▀▄мM┬LMк██LCB²┬м▀█мMLLL▀▄мM┬LMк██LCB²┬██LлHLLL▀▄мM┬LMк██L┐B²┬L██L▌HLLL▀▄LлхLMк██L┐B²┬L▄▌HLLL▀▄LлхLMк██L┐B²┬L▄▌HLLL▀▄LлхLM▀██L┐B²┬L██L▌HLLL▀▄LлхLM▀██L┐B²┬L▄▌HLLL▀▄LлхMк▌нNB²┬L██L▌HLLL▀▄LлхMк▌нNB²┬L██L▌HLLL▀▄LлхN▌нNB²┬L▄▌HLLL▀▄LлхN▌нNB²┬Mм▀█LхLLL▀▄LлхMк▌нNB²┬Mм▀█LхLLL▀▄LлхN▌нNB²┬MнK▄лHLLL▀▄LлхMк▌нNB²┬Mн▄лHLLL▀▄LлхN▌нNB²┬MнK▄лHLLL▀▄Lлх▄▄мM┐B²┬Mн▄лHLLL▀▄Lлх▄▄мM┐B²┬MнK▄лHLLL▀▄LлхL█▌MMCB²┬Mн▄лHLLL▀▄LлхL█▌MMCB²┬MнK▄лHLLL▀▄LлхLK█мLB²┬Mн▄лHLLL▀▄LлхLK█мLB²┬MнK▄лHLLL▀▄LлхLM█M▄LцB²┬Mн▄лHLLL▀▄LлхLM█M▄LцB²┬MнK▄лHLLL▀▄LлхLMк██LCB²┬Mн▄лHLLL▀▄LлхLM▀██LCB²┬Mм▀█LхLLL▀▄LлхLMк██LCB²┬Mм▀█LхLLL▀▄LлхLM▀██LCB²┬L██L▌HLLL▀▄мM┬LMк██L┐B²┬L▄▌HLLL▀▄мM┬LMк██L┐B²┬L▄▌HLLL▀▄мM┬Mк▌нNB²┬L██L▌HLLL▀▄мM┬Mк▌нNB²┬MнK▄лHLLL▀▄мM┬LMк██LCB²┬Mм▀█LхLLL▀▄мM┬LMк██LCB²┬L██L▌HLLL▀▄LлхLM█M▄LцB²┬L▄▌HLLL▀▄LлхLM█M▄LцB²┬L▄▌HLLL▀▄LлхLK█мLB²┬L██L▌HLLL▀▄LлхLK█мLB²┬L▄▌HLLL▀▄LлхL█▌MMCB²┬L██L▌HLLL▀▄LлхL█▌MMCB²┬L▄▌HLLL▀▄Lлх▄▄мM┐B²┬L██L▌HLLL▀▄Lлх▄▄мM┐B²┬Mм▀█LхLLL▀▄LлхLM█M▄LцB²┬Mм▀█LхLLL▀▄LлхLK█мLB²┬Mм▀█LхLLL▀▄LлхL█▌MMCB²┬Mм▀█LхLLL▀▄Lлх▄▄мM┐B²┬██LлHLLL▀▄LлхLMк██L┐B²┬██LлHLLL▀▄LлхLM▀██L┐B²┬██LлHLLL▀▄LлхN▌нNB²┬██LлHLLL▀▄LлхMк▌нNB²┬м▀█мMLLL▀▄LлхN▌нNB²┬м▀█мMLLL▀▄LлхMк▌нNB²┬мк▌NLхLLL▀▄LлхN▌нNB²┬н▌NLхLLL▀▄LлхMк▌нNB²┬мк▌NLхLLL▀▄Lлх▄▄мM┐B²┬н▌NLхLLL▀▄Lлх▄▄мM┐B²┬мк▌NLхLLL▀▄LлхL█▌MMCB²┬н▌NLхLLL▀▄LлхL█▌MMCB²┬мк▌NLхLLL▀▄LлхLK█мLB²┬н▌NLхLLL▀▄LлхLK█мLB²┬мк▌NLхLLL▀▄LлхLM█M▄LцB²┬н▌NLхLLL▀▄LлхLM█M▄LцB²┬мк▌NLхLLL▀▄LлхLM▀██LCB²┬н▌NLхLLL▀▄LлхLMк██LCB²┬м▀█мMLLL▀▄LлхLM▀██LCB²┬м▀█мMLLL▀▄LлхLMк██LCB²┬██LлHLLL▀▄мM┬Mк▌нNB²┬н▌NLхLLL▀▄мM┬LK█мLB²┬██LлHLLL▀▄LлхLM█M▄LцB²┬██LлHLLL▀▄LлхLK█мLB²┬██LлHLLL▀▄LлхL█▌MMCB²┬██LлHLLL▀▄Lлх▄▄мM┐B²┬м▀█мMLLL▀▄LлхLM█M▄LцB²┬м▀█мMLLL▀▄LлхLK█мLB²┬м▀█мMLLL▀▄LлхL█▌MMCB²┬м▀█мMLLL▀▄Lлх▄▄мM┐B┬хMл┬≥\²Xы\цB┐B²⌡┬▄LK▄L▄B²⌡┬▄▄K▄B²⌡┬▄▄LK▄B²⌡┬LK▄▄L▄B²⌡┬L▄▄K▄B²⌡┬L▄▄LK▄B²⌡┬K▄▄L▄B²⌡┬▄L▄LK▄B²⌡┬▄K▄L▄B┬хH≥\²^⌡э⌡X[цB┐B≥хь ≥Xщ█CB²\ы[]з\≥Wл▄█▄┐B°хы≥┐B≥┬█NKклMмL█NLклMмL█NLKклMмL█NL▀клMмLB≥┬█NLкклMмL█NMклMмL█NMKклMмL█NM▀клMмLB≥┬█NM▀клMмL█NMKклMмL█NMкклMмL█NNклMмLB≥┬█NNклMмL█NMкклMмL█NNKклMмL█N▄клMмLB≥┬█N▄клMмL█NNKклMмL█N▄KклMмL█N▄▀клMмLB≥┬█N▄▀клMмL█N▄KклMмL█N▄кклMмL█N█клMмLB≥┬█N█клMмL█N▄кклMмL█N█KклMмL█N█▀клMмLB≥┬█N█▀клMмL█N█KклMмL█N█кклMмL█N▌клMмLB≥┬█N▌клMмL█N█кклMмL█N▌KклMмL█NлклMмLB≥┬█NлклMмL█N▌KклMмL█NлKклMмL█Nл▀клMмLB≥┬█Nл▀клMмL█NлKклMмL█NLклMмL█NKклMмLB≥┬█NL▀клMмLH█NлкклMмLH█NмклMмLH█NKклMмLHB≥┬█NM▀клMмL┬█NмKклMмL┬█Nм▀клMмL┬█NLкклMмL┬B≥┬█NNклMмL┬█NмкклMмL┬█NмKклMмL┬█NM▀клMмL┬B≥┬█N▄клMмL┬█NнклMмL┬█NмкклMмL┬█NNклMмL┬B≥┬█N▄▀клMмLх█NнKклMмLх█NнклMмLх█N▄клMмLхB≥┬█N█клMмLх█NклMмLх█NнKклMмLх█N▄▀клMмLхB≥┬█N█▀клMмLх█NKклMмLх█NклMмLх█N█клMмLхB≥┬█N▌клMмLх█N▀клMмLх█NKклMмLх█N█▀клMмLхB≥┬█NлклMмLх█NкклMмLх█N▀клMмLх█N▌клMмLхB≥┬█Nл▀клMмLH█NклMмLH█NкклMмLH█NлклMмLHB≥┬█NKклMмM█NмклMмM█NклMмM█Nл▀клMмMB≥┬█NKклMмL█N▀клMмL█NLKклMмL█NLклMмLB≥┬█NкклMмL█N▀клMмL█NKклMмL█NклMмLB≥┬█NKклMмL█NкклMмL█NклMмL█NLклMмLB≥┬█NLKклMмL█NL▀клMмL█NMKклMмL█NMклMмLB≥┬█NLKклMмL█NKклMмL█NLклMмL█NL▀клMмLB≥┬█NLкклMмL█NKклMмL█NLклMмL█NлKклMмLB≥┬█N█кклMмL█NLкклMмL█NлKклMмL█N▌KклMмLB≥┬█NклMмL█NKклMмL█NLкклMмL█NMклMмLB≥┬█NMклMмL█NLкклMмL█N█кклMмL█N█KклMмLB≥┬█NLклMмL█NклMмL█NMклMмL█NMKклMмLB≥┬█NMKклMмL█NMклMмL█N█KклMмL█N▄кклMмLB≥┬█NL▀клMмL█NLклMмL█NMKклMмL█NM▀клMмLB≥┬█NM▀клMмL█NMKклMмL█N▄кклMмL█N▄KклMмLB≥┬█NL▀клMмL█NM▀клMмL█NMкклMмL█NMKклMмLB≥┬█NNKклMмL█NMкклMмL█NM▀клMмL█N▄KклMмLB≥┬█NMкклMмL█NL▀клMмL█NLKклMмL█NNклMмLB≥┬█NLкклMмL█NNKклMмL█N▄клMмL█NMклMмLB≥┬█NNKклMмL█N▄KклMмL█N▄▀клMмL█N▄клMмLB≥┬█N▄KклMмL█N▄кклMмL█N█клMмL█N▄▀клMмLB≥┬█N▄кклMмL█N█KклMмL█N█▀клMмL█N█клMмLB≥┬█N█KклMмL█N█кклMмL█N▌клMмL█N█▀клMмLB≥┬█N█кклMмL█N▌KклMмL█NлклMмL█N▌клMмLB≥┬█N▌KклMмL█NлKклMмL█Nл▀клMмL█NлклMмLB≥┬█NлKклMмL█NлкклMмL█NмклMмL█Nл▀клMмLB≥┬█NлкклMмL█NмKклMмL█Nм▀клMмL█NмклMмLB≥┬█NмKклMмL█NMкклMмL█NNклMмL█Nм▀клMмLB≥┬█NL▀клMмLH█NMкклMмLH█NмкклMмLH█NлкклMмLHB≥┬█NNKклMмL┬█NLкклMмL┬█Nм▀клMмL┬█NнклMмL┬B≥┬█N▄KклMмMH█NNKклMмMH█NнклMмMH█NнKклMмMHB≥┬█N▄кклMмL┬█N▄KклMмL┬█NнKклMмL┬█NклMмL┬B≥┬█N█KклMмM┬█N▄кклMмM┬█NклMмM┬█NKклMмM┬B≥┬█N█кклMмM┬█N█KклMмM┬█NKклMмM┬█N▀клMмM┬B≥┬█N▌KклMмM┬█N█кклMмM┬█N▀клMмM┬█NкклMмM┬B≥┬█NлKклMмM┬█N▌KклMмM┬█NкклMмM┬█NклMмM┬B≥┬█NлкклMмM┬█NлKклMмM┬█NклMмM┬█NKклMмM┬B≥┬█NмKклMмLH█NлкклMмLH█NKклMмLH█N▀клMмLHB≥┬█NMкклMмLH█NмKклMмLH█N▀клMмLH█NмкклMмLHB≥┬█NкклMмL█NNклMмL█NLKклMмL█N▀клMмLB≥┬█NкклMмL█NклMмL█NкклMмL█N▀клMмLB≥┬█NKклMмL█NKклMмL█NклMмL█NкклMмLB≥┬█NLKклMмL█NMклMмL█N▄клMмL█NLклMмLB≥┬█NLKклMмL█NLклMмL█NKклMмL█NKклMмLB≥┬█NLKклMмL█Nм▀клMмL█NNклMмL█NкклMмLB≥┬█Nл▀клMмL█NмклMмL█Nм▀клMмL█NLKклMмLB≥┬█NклMмL█NL▀клMмL█NLKклMмL█NкклMмLB≥┬█NL▀клMмL█NлклMмL█Nл▀клMмL█NLKклMмLB≥┬█NKклMмL█NLкклMмL█NL▀клMмL█NклMмLB≥┬█NLкклMмL█N▌клMмL█NлклMмL█NL▀клMмLB≥┬█NLклMмL█NMклMмL█NLкклMмL█NKклMмLB≥┬█NMклMмL█N█▀клMмL█N▌клMмL█NLкклMмLB≥┬█NLклMмL█N▄клMмL█N▄▀клMмL█NMклMмLB≥┬█N█клMмL█N█▀клMмL█NMклMмL█N▄▀клMмLB≥┬█NмкклMмMх█NнклMмMх█NMKклMмMх█NM▀клMмMхB≥┬█NнклMмLх█NнKклMмLх█NMкклMмLх█NMKклMмLхB≥┬█NнKклMмLх█NклMмLх█NNклMмLх█NMкклMмLхB≥┬█NклMмLх█NKклMмLх█NNKклMмLх█NNклMмLхB≥┬█N▀клMмLх█NLклMмLх█NNKклMмLх█NKклMмLхB≥┬█NнKклMмMх█NLKклMмMх█NL▀клMмMх█NклMмMхB≥┬█NKклMмM┬█NклMмM┬█NL▀клMмM┬█NLкклMмM┬B≥┬█N▀клMмM┬█NKклMмM┬█NLкклMмM┬█NLклMмM┬B≥┬█NKклMмM┬█NклMмM┬█NLKклMмM┬█NL▀клMмM┬B≥┬█NмкклMмLH█N▀клMмLH█NLкклMмLH█NLклMмLHB≥┬█NLKклMмN█NLLклMмN█NLLKклMмN█NLL▀клMмNB≥┬█NLLкклMмN█NLMклMмN█NLMKклMмN█NLM▀клMмNB≥┬█NLMклMмN█NLMкклMмN█NLNклMмN█NLMKклMмNB≥┬█NLMкклMмN█NLNKклMмN█NL▄клMмN█NLNклMмNB≥┬█NLNKклMмN█NL▄KклMмN█NL▄▀клMмN█NL▄клMмNB≥┬█NL▄KклMмN█NL▄кклMмN█NL█клMмN█NL▄▀клMмNB≥┬█NL▄кклMмN█NL█KклMмN█NL█▀клMмN█NL█клMмNB≥┬█NL█KклMмN█NL█кклMмN█NL▌клMмN█NL█▀клMмNB≥┬█NL█кклMмN█NL▌KклMмN█NLлклMмN█NL▌клMмNB≥┬█NL▌KклMмN█NLлKклMмN█NLл▀клMмN█NLлклMмNB≥┬█NLлKклMмN█NLKклMмN█NLL▀клMмN█NLл▀клMмNB≥┬█NLLклMмLH█NLKклMмLH█NLлкклMмLH█NLмклMмLHB≥┬█NLMклMмL┬█NLLкклMмL┬█NLмKклMмL┬█NLм▀клMмL┬B≥┬█NLMкклMмL┬█NLMклMмL┬█NLм▀клMмL┬█NM▀клMмL┬B≥┬█NLNKклMмL┬█NLMкклMмL┬█NM▀клMмL┬█NMKклMмL┬B≥┬█NL▄KклMмLх█NLNKклMмLх█NMKклMмLх█NMкклMмLхB≥┬█NL▄кклMмLх█NL▄KклMмLх█NMкклMмLх█NNклMмLхB≥┬█NL█KклMмLх█NL▄кклMмLх█NNклMмLх█NNKклMмLхB≥┬█NL█кклMмLх█NL█KклMмLх█NNKклMмLх█NLклMмLхB≥┬█NL▌KклMмLх█NL█кклMмLх█NLклMмLх█NLмкклMмLхB≥┬█NLлKклMмLH█NL▌KклMмLH█NLмкклMмLH█NLнклMмLHB≥┬█NLKклMмM█NLлKклMмM█NLнклMмM█NLлкклMмMB≥┬█NLнKклMмN█NLL▀клMмN█NLLKклMмN█NMклMмNB≥┬█NMKклMмN█NM▀клMмN█NLнKклMмN█NMклMмNB≥┬█NMкклMмN█NMклMмN█NM▀клMмN█NMKклMмNB≥┬█NMKклMмN█NLM▀клMмN█NLMKклMмN█NM▀клMмNB≥┬█NMKклMмN█NM▀клMмN█NMклMмN█NMкклMмNB≥┬█NMкклMмN█NLл▀клMмN█NLL▀клMмN█NLнKклMмNB≥┬█NL▌клMмN█NLлклMмN█NLл▀клMмN█NMкклMмNB≥┬█NM▀клMмN█NMклMмN█NMкклMмN█NLнKклMмNB≥┬█NMклMмN█NL█▀клMмN█NL▌клMмN█NMкклMмNB≥┬█NMклMмN█NMKклMмN█NMклMмN█NM▀клMмNB≥┬█NMKклMмN█NL█клMмN█NL█▀клMмN█NMклMмNB≥┬█NM▀клMмN█NMLклMмN█NMKклMмN█NMклMмNB≥┬█NMLклMмN█NL▄▀клMмN█NL█клMмN█NMKклMмNB≥┬█NM▀клMмN█NLMKклMмN█NLNклMмN█NMLклMмNB≥┬█NL▄клMмN█NL▄▀клMмN█NMLклMмN█NLNклMмNB≥┬█NMLKклMмN█NML▀клMмN█NLLKклMмN█NLLклMмNB≥┬█NLLкклMмN█NLM▀клMмN█NMLкклMмN█NMMклMмNB≥┬█NMMклMмN█NMLкклMмN█NMMKклMмN█NMM▀клMмNB≥┬█NMM▀клMмN█NMMKклMмN█NMMкклMмN█NMNклMмNB≥┬█NMNклMмN█NMMкклMмN█NMNKклMмN█NM▄клMмNB≥┬█NM▄клMмN█NMNKклMмN█NM▄KклMмN█NM▄▀клMмNB≥┬█NM▄▀клMмN█NM▄KклMмN█NM▄кклMмN█NM█клMмNB≥┬█NM█клMмN█NM▄кклMмN█NM█KклMмN█NM█▀клMмNB≥┬█NM█▀клMмN█NM█KклMмN█NM█кклMмN█NM▌клMмNB≥┬█NM▌клMмN█NM█кклMмN█NM▌KклMмN█NMлклMмNB≥┬█NMлклMмN█NM▌KклMмN█NML▀клMмN█NMLKклMмNB≥┬█NLLклMмLH█NLмклMмLH█NLклMмLH█NMLKклMмLHB≥┬█NMMклMмL┬█NMлKклMмL┬█NLмKклMмL┬█NLLкклMмL┬B≥┬█NMM▀клMмMH█NLKклMмMH█NMлKклMмMH█NMMклMмMHB≥┬█NMNклMмL┬█NL▀клMмL┬█NLKклMмL┬█NMM▀клMмL┬B≥┬█NM▄клMмM┬█NLкклMмM┬█NL▀клMмM┬█NMNклMмM┬B≥┬█NM▄▀клMмM┬█NLклMмM┬█NLкклMмM┬█NM▄клMмM┬B≥┬█NM█клMмM┬█NMл▀клMмM┬█NLклMмM┬█NM▄▀клMмM┬B≥┬█NM█▀клMмM┬█NLKклMмM┬█NMл▀клMмM┬█NM█клMмM┬B≥┬█NM▌клMмM┬█NL▀клMмM┬█NLKклMмM┬█NM█▀клMмM┬B≥┬█NMлклMмLH█NLкклMмLH█NL▀клMмLH█NM▌клMмLHB≥┬█NMLKклMмLH█NLклMмLH█NLкклMмLH█NMлклMмLHB≥┬█NMлкклMмN█NMклMмN█NLLKклMмN█NML▀клMмNB≥┬█NMKклMмN█NMклMмN█NMлкклMмN█NMмклMмNB≥┬█NMкклMмN█NMKклMмN█NMмклMмN█NMмKклMмNB≥┬█NMKклMмN█NMм▀клMмN█NMLкклMмN█NLM▀клMмNB≥┬█NMKклMмN█NMкклMмN█NMмKклMмN█NMм▀клMмNB≥┬█NMмкклMмN█NMлкклMмN█NML▀клMмN█NM▌KклMмNB≥┬█NM█KклMмN█NMмкклMмN█NM▌KклMмN█NM█кклMмNB≥┬█NMмклMмN█NMлкклMмN█NMмкклMмN█NMнклMмNB≥┬█NMнклMмN█NMмкклMмN█NM█KклMмN█NM▄кклMмNB≥┬█NMмKклMмN█NMмклMмN█NMнклMмN█NMнKклMмNB≥┬█NMнKклMмN█NMнклMмN█NM▄кклMмN█NM▄KклMмNB≥┬█NMм▀клMмN█NMмKклMмN█NMнKклMмN█NNклMмNB≥┬█NNклMмN█NMнKклMмN█NM▄KклMмN█NMNKклMмNB≥┬█NMм▀клMмN█NNклMмN█NMMKклMмN█NMLкклMмNB≥┬█NMMкклMмN█NMMKклMмN█NNклMмN█NMNKклMмNB≥┬█NлкклMмLH█NLмклMмLH█NLлкклMмLH█NмклMмLHB≥┬█NмKклMмL┬█NLм▀клMмL┬█NLмKклMмL┬█Nм▀клMмL┬B≥┬█NмKклMмL┬█NмкклMмL┬█NM▀клMмL┬█NLм▀клMмL┬B≥┬█N▀клMмLх█NкклMмLх█NLмкклMмLх█NLклMмLхB≥┬█NклMмLH█NLнклMмLH█NLмкклMмLH█NкклMмLHB≥┬█NмклMмM█NLлкклMмM█NLнклMмM█NклMмMB≥┬█NмкклMмLH█NLклMмLH█NLмклMмLH█NлкклMмLHB≥┬█Nм▀клMмL┬█NLмKклMмL┬█NMлKклMмL┬█NнклMмL┬B≥┬█NнклMмMH█NMлKклMмMH█NLKклMмMH█NнKклMмMHB≥┬█N▀клMмM┬█NLклMмM┬█NMл▀клMмM┬█NкклMмM┬B≥┬█NкклMмM┬█NMл▀клMмM┬█NLKклMмM┬█NклMмM┬B≥┬█NKклMмLH█NL▀клMмLH█NLкклMмLH█N▀клMмLHB┬хMлшYшш°цB┐B┬цB┬хь ≥Xщь ≥Xщ▌B┬цB┐B²┬MмK▄HLLM█нL┬NK▌MлB²┬Mмк▌N┬LLM█нL┬NK▌MлB²┬Mмк▌N┬LLLк█мMMNK█▌B²┬MмK▄HLLLк█мMMNK█▌B²┬Mмк▌N┬LLLк▄л█л┬N█мLCB²┬MмK▄HLLLк▄л█л┬N█мLCB²┬Mмк▌N┬LLLк█мMMNк█MB²┬MмK▄HLLLк█мMMNк█MB²┬Mмк▌N┬LLM█нL┬N▀▌Mлл┐B²┬MмK▄HLLM█нL┬N▀▌Mлл┐B²┬Mмк▌N┬LLMK▌▄▌HNк█MB²┬MмK▄HLLMK▌▄▌HNк█MB²┬Mмк▌N┬LLM▀▄█LLHN█мLCB²┬MмK▄HLLM▀▄█LLHN█мLCB²┬Mмк▌N┬LLMK▌▄▌HNK█▌B²┬MмK▄HLLMK▌▄▌HNK█▌B²┬Mм▄NMNLLLк█мMMNK█▌B²┬Mм▄NMNLLM█нL┬NK▌MлB²┬Mн▌L▄▄HLLLк█мMMNK█▌B²┬Mн▌L▄▄HLLM█нL┬NK▌MлB²┬Mн▌M▄L┬LLM█нL┬NK▌MлB²┬Mн▌M▄L┬LLLк█мMMNK█▌B²┬Mм▄NMNLLLк▄л█л┬N█мLCB²┬Mн▌L▄▄HLLLк▄л█л┬N█мLCB²┬Mн▌M▄L┬LLLк▄л█л┬N█мLCB²┬Mм▄NMNLLLк█мMMNк█MB²┬Mн▌L▄▄HLLLк█мMMNк█MB²┬Mн▌M▄L┬LLLк█мMMNк█MB²┬Mм▄NMNLLM█нL┬N▀▌Mлл┐B²┬Mн▌L▄▄HLLM█нL┬N▀▌Mлл┐B²┬Mн▌M▄L┬LLM█нL┬N▀▌Mлл┐B²┬Mм▄NMNLLMK▌▄▌HNк█MB²┬Mн▌L▄▄HLLMK▌▄▌HNк█MB²┬Mн▌M▄L┬LLMK▌▄▌HNк█MB²┬Mм▄NMNLLM▀▄█LLHN█мLCB²┬Mн▌L▄▄HLLM▀▄█LLHN█мLCB²┬Mн▌M▄L┬LLM▀▄█LLHN█мLCB²┬Mм▄NMNLLMK▌▄▌HNK█▌B²┬Mн▌L▄▄HLLMK▌▄▌HNK█▌B²┬Mн▌M▄L┬LLMK▌▄▌HNK█▌B²┬Mм▄NMNLLLк█нLмхNK█л┐B²┬Mм▄NMNLLM█нL┬NK▌▌CB²┬Mм▄NMNLLLк▄нMN█мLCB²┬Mм▄NMNLLLк█нLмхNк█нM┐B²┬Mм▄NMNLLM█нL┬Nк▄█лцB²┬Mм▄NMNLLMK█нхNк█нM┐B²┬Mм▄NMNLLM▀▄NMлN█мLCB²┬Mм▄NMNLLMK█нхNK█л┐B²┬Mм▄NMNLLM█нL┬N█мLCB²┬Mмк▌N┬LLM█нL┬N▀▄LцB²┬Mмк▌N┬LLLк██нHNK█MMB²┬Mн▌L▄▄HLLLк██нHNK█MMB²┬Mн▌L▄▄HLLM█нL┬N▀▄LцB²┬Mмк▌N┬LLLк▄▄NLN█мLCB²┬Mн▌L▄▄HLLLк▄▄NLN█мLCB²┬Mмк▌N┬LLLк██нHNк▄л█B²┬Mн▌L▄▄HLLLк██нHNк▄л█B²┬Mмк▌N┬LLM█нL┬N▀▌█CB²┬Mн▌L▄▄HLLM█нL┬N▀▌█CB²┬Mмк▌N┬LLMK▌NMHNк▄л█B²┬Mн▌L▄▄HLLMK▌NMHNк▄л█B²┬Mмк▌N┬LLM▀▄мNMN█мLCB²┬Mн▌L▄▄HLLM▀▄мNMN█мLCB²┬Mмк▌N┬LLMK▌NMHNK█MMB²┬Mн▌L▄▄HLLMK▌NMHNK█MMB²┬Mм▄MNLLLк██нHNK█MMB²┬MмK▄HLLLк██нHNK█MMB²┬MмK▄HLLM█нL┬N▀▄LцB²┬Mм▄MNLLM█нL┬N▀▄LцB²┬Mн▌M▄L┬LLM█нL┬N▀▄LцB²┬Mн▌M▄L┬LLLк██нHNK█MMB²┬Mм▄MNLLLк▄▄NLN█мLCB²┬MмK▄HLLLк▄▄NLN█мLCB²┬Mн▌M▄L┬LLLк▄▄NLN█мLCB²┬Mм▄MNLLLк██нHNк▄л█B²┬MмK▄HLLLк██нHNк▄л█B²┬Mн▌M▄L┬LLLк██нHNк▄л█B²┬Mм▄MNLLM█нL┬N▀▌█CB²┬MмK▄HLLM█нL┬N▀▌█CB²┬Mн▌M▄L┬LLM█нL┬N▀▌█CB²┬Mм▄MNLLMK▌NMHNк▄л█B²┬MмK▄HLLMK▌NMHNк▄л█B²┬Mн▌M▄L┬LLMK▌NMHNк▄л█B²┬Mм▄MNLLM▀▄мNMN█мLCB²┬MмK▄HLLM▀▄мNMN█мLCB²┬Mн▌M▄L┬LLM▀▄мNMN█мLCB²┬Mм▄MNLLMK▌NMHNK█MMB²┬MмK▄HLLMK▌NMHNK█MMB²┬Mн▌M▄L┬LLMK▌NMHNK█MMB²┬Mм▄MNLLM█нL┬NK▌▌CB²┬Mм▄MNLLLк█нLмхNK█л┐B²┬Mм▄MNLLLк▄нMN█мLCB²┬Mм▄MNLLLк█нLмхNк█нM┐B²┬Mм▄MNLLM█нL┬Nк▄█лцB²┬Mм▄MNLLMK█нхNк█нM┐B²┬Mм▄MNLLM▀▄NMлN█мLCB²┬Mм▄MNLLMK█нхNK█л┐B²┬Mм▄MNLLM█нL┬N█мLCB²┬Mн▌M▄L┬LLM█нL┬NK▌MLL┐B²┬Mн▌M▄L┬LLLк█лMл┬NK█LлCB²┬Mн▌M▄L┬LLLк▄█ллHN█мLCB²┬Mн▌M▄L┬LLLк█лMл┬Nк▄м▄лCB²┬Mн▌M▄L┬LLM█нL┬N▀▌LNLCB²┬Mн▌M▄L┬LLMK▌▄L┬Nк▄м▄лCB²┬Mн▌M▄L┬LLM▀▄лL┬N█мLCB²┬Mн▌M▄L┬LLMK▌▄L┬NK█LлCB²┬Mн▌нхLLLк██лMл█LNцB²┬Mн▌нхLLLк██лM▌K▄█цB²┬Mн▄▄┬LLLк██лM▌K▄█цB²┬Mн▄▄┬LLLк██лMл█LNцB²┬Mн▌нхLLLк██лM█K▄лLCB²┬Mн▄▄┬LLLк██лM█K▄лLCB²┬Mн▌нхLLM█нL┬M█K▄лLCB²┬Mн▄▄┬LLM█нL┬M█K▄лLCB²┬Mн▌нхLLMK▌LлMM█K▄лLCB²┬Mн▄▄┬LLMK▌LлMM█K▄лLCB²┬Mн▌нхLLMK▌LлMM▌K▄█цB²┬Mн▄▄┬LLMK▌LлMM▌K▄█цB²┬Mн▌нхLLMK▌LлMMл█LNцB²┬Mн▌нхLLMK▌LлMMм▄Lм▄B²┬Mн▄▄┬LLMK▌LлMMм▄Lм▄B²┬Mн▄▄┬LLMK▌LлMMл█LNцB²┬Mн▌нхLLM█нL┬Mм▄Lм▄B²┬Mн▄▄┬LLM█нL┬Mм▄Lм▄B²┬Mн▌нхLLLк██лMм▄Lм▄B²┬Mн▄▄┬LLLк██лMм▄Lм▄B²┬Mмк▌NHLLLк██лM▌K▄█цB²┬Mмк▌NHLLLк██лMл█LNцB²┬Mн▌M▄L┬LLLк██лMл█LNцB²┬Mн▌M▄L┬LLLк██лM▌K▄█цB²┬Mмк▌NHLLLк██лM█K▄лLCB²┬Mн▌M▄L┬LLLк██лM█K▄лLCB²┬Mмк▌NHLLM█нL┬M█K▄лLCB²┬Mн▌M▄L┬LLM█нL┬M█K▄лLCB²┬Mмк▌NHLLMK▌LлMM█K▄лLCB²┬Mн▌M▄L┬LLMK▌LлMM█K▄лLCB²┬Mмк▌NHLLMK▌LлMM▌K▄█цB²┬Mн▌M▄L┬LLMK▌LлMM▌K▄█цB²┬Mмк▌NHLLMK▌LлMMм▄Lм▄B²┬Mмк▌NHLLMK▌LлMMл█LNцB²┬Mн▌M▄L┬LLMK▌LлMMл█LNцB²┬Mн▌M▄L┬LLMK▌LлMMм▄Lм▄B²┬Mмк▌NHLLM█нL┬Mм▄Lм▄B²┬Mн▌M▄L┬LLM█нL┬Mм▄Lм▄B²┬Mмк▌NHLLLк██лMм▄Lм▄B²┬Mн▌M▄L┬LLLк██лMм▄Lм▄B²┬Mмк▌NHLLLк█▌MлM▌K▄█цB²┬Mмк▌NHLLLк█▌MлMл█LNцB²┬Mмк▌NHLLLк█▌MлM█K▄мMLCB²┬Mмк▌NHLLM█нL┬M█K▄мMLCB²┬Mмк▌NHLLMK▌MM█K▄мMLCB²┬Mмк▌NHLLMK▌MM▌K▄█цB²┬Mмк▌NHLLMK▌MMл█LNцB²┬Mмк▌NHLLMK▌MMм▄▄B²┬Mмк▌NHLLM█нL┬Mм▄▄B²┬Mмк▌NHLLLк█▌MлMм▄▄B²┬Mмк▌NHLLM█нL┬M▌K▄█цB²┬Mмк▌NHLLM█нL┬Mл█LNцB²┬Mн▄▄┬LLLк█MлM▌K▄█цB²┬Mн▌нхLLLк█MлM▌K▄█цB²┬Mн▌нхLLLк█MлMл█LNцB²┬Mн▄▄┬LLLк█MлMл█LNцB²┬Mн▄▄┬LLLк█MлM█K▄▄LCB²┬Mн▌нхLLLк█MлM█K▄▄LCB²┬Mн▄▄┬LLM█нL┬M█K▄▄LCB²┬Mн▌нхLLM█нL┬M█K▄▄LCB²┬Mн▄▄┬LLM▀▄лMM█K▄▄LCB²┬Mн▌нхLLM▀▄лMM█K▄▄LCB²┬Mн▄▄┬LLM▀▄лMM▌K▄█цB²┬Mн▌нхLLM▀▄лMM▌K▄█цB²┬Mн▄▄┬LLM▀▄лMMм▄▄м▄B²┬Mн▌нхLLM▀▄лMMм▄▄м▄B²┬Mн▌нхLLM▀▄лMMл█LNцB²┬Mн▄▄┬LLM▀▄лMMл█LNцB²┬Mн▄▄┬LLM█нL┬Mм▄▄м▄B²┬Mн▌нхLLM█нL┬Mм▄▄м▄B²┬Mн▄▄┬LLLк█MлMм▄▄м▄B²┬Mн▌нхLLLк█MлMм▄▄м▄B²┬Mмк█нNHLLLк█MлM▌K▄█цB²┬Mмк█нNHLLLк█MлMл█LNцB²┬Mн▌M▄L┬LLLк█MлMл█LNцB²┬Mн▌M▄L┬LLLк█MлM▌K▄█цB²┬Mмк█нNHLLLк█MлM█K▄▄LCB²┬Mн▌M▄L┬LLLк█MлM█K▄▄LCB²┬Mмк█нNHLLM█нL┬M█K▄▄LCB²┬Mн▌M▄L┬LLM█нL┬M█K▄▄LCB²┬Mмк█нNHLLM▀▄лMM█K▄▄LCB²┬Mн▌M▄L┬LLM▀▄лMM█K▄▄LCB²┬Mмк█нNHLLM▀▄лMM▌K▄█цB²┬Mн▌M▄L┬LLM▀▄лMM▌K▄█цB²┬Mмк█нNHLLM▀▄лMMм▄▄м▄B²┬Mмк█нNHLLM▀▄лMMл█LNцB²┬Mн▌M▄L┬LLM▀▄лMMл█LNцB²┬Mн▌M▄L┬LLM▀▄лMMм▄▄м▄B²┬Mмк█нNHLLM█нL┬Mм▄▄м▄B²┬Mн▌M▄L┬LLM█нL┬Mм▄▄м▄B²┬Mмк█нNHLLLк█MлMм▄▄м▄B²┬Mн▌M▄L┬LLLк█MлMм▄▄м▄B²┬Mмк█нNHLLLк█▌MлMл█LNцB²┬Mмк█нNHLLLк█▌MлM▌K▄█цB²┬Mмк█нNHLLLк█▌MлM█K▄мMLCB²┬Mмк█нNHLLM█нL┬M█K▄мMLCB²┬Mмк█нNHLLMK▌MM█K▄мMLCB²┬Mмк█нNHLLMK▌MM▌K▄█цB²┬Mмк█нNHLLMK▌MMл█LNцB²┬Mмк█нNHLLMK▌MMм▄▄B²┬Mмк█нNHLLM█нL┬Mм▄▄B²┬Mмк█нNHLLLк█▌MлMм▄▄B²┬Mмк█нNHLLM█нL┬M▌K▄█цB²┬Mмк█нNHLLM█нL┬Mл█LNцB²┬Mн▌M▄L┬LLLк█NMлMл█LNцB²┬Mн▌M▄L┬LLLк█NMлM▌K▄█цB²┬Mн▌M▄L┬LLLк█NMлM█K▄█MLCB²┬Mн▌M▄L┬LLM█нL┬M█K▄█MLCB²┬Mн▌M▄L┬LLMK▌NMM█K▄█MLCB²┬Mн▌M▄L┬LLMK▌NMM▌K▄█цB²┬Mн▌M▄L┬LLMK▌NMMл█LNцB²┬Mн▌M▄L┬LLMK▌NMMм▄N▄B²┬Mн▌M▄L┬LLM█нL┬Mм▄N▄B²┬Mн▌M▄L┬LLLк█NMлMм▄N▄B²┬Mн▌L▄LLM█нL┬MM▀▌M▄┐B²┬Mн▌L▄LLLк██▄хMM▀▌M▄┐B²┬Mн▄LLHLLLк██▄хMM▀▌M▄┐B²┬Mн▄LLHLLM█нL┬MM▀▌M▄┐B²┬Mн▌L▄LLLк██▄хML▀█LмNCB²┬Mн▄LLHLLLк██▄хML▀█LмNCB²┬Mн▌L▄LLLк██▄хM▄L█M┐B²┬Mн▄LLHLLLк██▄хM▄L█M┐B²┬Mн▌L▄LLM█нL┬M▄L█M┐B²┬Mн▄LLHLLM█нL┬M▄L█M┐B²┬Mн▌L▄LLMK▌Lл▄HM▄L█M┐B²┬Mн▄LLHLLMK▌Lл▄HM▄L█M┐B²┬Mн▌L▄LLMK▌Lл▄HML▀█LмNCB²┬Mн▄LLHLLMK▌Lл▄HML▀█LмNCB²┬Mн▌L▄LLMK▌Lл▄HMM▀▌M▄┐B²┬Mн▄LLHLLMK▌Lл▄HMM▀▌M▄┐B²┬Mн▄м┬LLLк██▄хMM▀▌M▄┐B²┬Mн▄м┬LLM█нL┬MM▀▌M▄┐B²┬Mн▌M▄L┬LLM█нL┬MM▀▌M▄┐B²┬Mн▌M▄L┬LLLк██▄хMM▀▌M▄┐B²┬Mн▄м┬LLLк██▄хML▀█LмNCB²┬Mн▌M▄L┬LLLк██▄хML▀█LмNCB²┬Mн▄м┬LLLк██▄хM▄L█M┐B²┬Mн▌M▄L┬LLLк██▄хM▄L█M┐B²┬Mн▄м┬LLM█нL┬M▄L█M┐B²┬Mн▌M▄L┬LLM█нL┬M▄L█M┐B²┬Mн▄м┬LLMK▌Lл▄HM▄L█M┐B²┬Mн▌M▄L┬LLMK▌Lл▄HM▄L█M┐B²┬Mн▄м┬LLMK▌Lл▄HML▀█LмNCB²┬Mн▌M▄L┬LLMK▌Lл▄HML▀█LмNCB²┬Mн▄м┬LLMK▌Lл▄HMM▀▌M▄┐B²┬Mн▌M▄L┬LLMK▌Lл▄HMM▀▌M▄┐B²┬Mн▄м┬LLLк█▌M▄хMM▀▌M▄┐B²┬Mн▄м┬LLM█нL┬MM▀▌M▄┐B²┬Mн▄м┬LLLк█▌M▄хML▀█LмNCB²┬Mн▄м┬LLLк█▌M▄хM▄MмM┐B²┬Mн▄м┬LLM█нL┬M▄MмM┐B²┬Mн▄м┬LLMK▌▄HM▄MмM┐B²┬Mн▄м┬LLMK▌▄HML▀█LмNCB²┬Mн▄м┬LLMK▌▄HMM▀▌M▄┐B²┬Mн▄м┬LLM█нL┬ML▀█LмNCB²┬Mн▄LLHLLLк█M▄хMMк▄▄┐B²┬Mн▌L▄LLLк█M▄хMMк▄▄┐B²┬Mн▌L▄LLM█нL┬MMк▄▄┐B²┬Mн▄LLHLLM█нL┬MMк▄▄┐B²┬Mн▄LLHLLLк█M▄хML▀█LмNCB²┬Mн▌L▄LLLк█M▄хML▀█LмNCB²┬Mн▄LLHLLLк█M▄хM▄█M┐B²┬Mн▌L▄LLLк█M▄хM▄█M┐B²┬Mн▄LLHLLM█нL┬M▄█M┐B²┬Mн▌L▄LLM█нL┬M▄█M┐B²┬Mн▄LLHLLM▀▄л▄HM▄█M┐B²┬Mн▌L▄LLM▀▄л▄HM▄█M┐B²┬Mн▄LLHLLM▀▄л▄HML▀█LмNCB²┬Mн▌L▄LLM▀▄л▄HML▀█LмNCB²┬Mн▄LLHLLM▀▄л▄HMMк▄▄┐B²┬Mн▌L▄LLM▀▄л▄HMMк▄▄┐B²┬Mмк▌Lм┬LLLк█M▄хMMк▄▄┐B²┬Mмк▌Lм┬LLM█нL┬MMк▄▄┐B²┬Mн▌M▄L┬LLM█нL┬MMк▄▄┐B²┬Mн▌M▄L┬LLLк█M▄хMMк▄▄┐B²┬Mмк▌Lм┬LLLк█M▄хML▀█LмNCB²┬Mн▌M▄L┬LLLк█M▄хML▀█LмNCB²┬Mмк▌Lм┬LLLк█M▄хM▄█M┐B²┬Mн▌M▄L┬LLLк█M▄хM▄█M┐B²┬Mмк▌Lм┬LLM█нL┬M▄█M┐B²┬Mн▌M▄L┬LLM█нL┬M▄█M┐B²┬Mмк▌Lм┬LLM▀▄л▄HM▄█M┐B²┬Mн▌M▄L┬LLM▀▄л▄HM▄█M┐B²┬Mмк▌Lм┬LLM▀▄л▄HML▀█LмNCB²┬Mн▌M▄L┬LLM▀▄л▄HML▀█LмNCB²┬Mмк▌Lм┬LLM▀▄л▄HMMк▄▄┐B²┬Mн▌M▄L┬LLM▀▄л▄HMMк▄▄┐B²┬Mмк▌Lм┬LLM█нL┬MM▀▌M▄┐B²┬Mмк▌Lм┬LLLк█▌M▄хMM▀▌M▄┐B²┬Mмк▌Lм┬LLLк█▌M▄хML▀█LмNCB²┬Mмк▌Lм┬LLLк█▌M▄хM▄MмM┐B²┬Mмк▌Lм┬LLM█нL┬M▄MмM┐B²┬Mмк▌Lм┬LLMK▌▄HM▄MмM┐B²┬Mмк▌Lм┬LLMK▌▄HML▀█LмNCB²┬Mмк▌Lм┬LLMK▌▄HMM▀▌M▄┐B²┬Mмк▌Lм┬LLM█нL┬ML▀█LмNCB²┬Mн▌M▄L┬LLM█нL┬MM▀▌NM▄┐B²┬Mн▌M▄L┬LLLк█NM▄хMM▀▌NM▄┐B²┬Mн▌M▄L┬LLLк█NM▄хML▀█LмNCB²┬Mн▌M▄L┬LLLк█NM▄хM▄мM┐B²┬Mн▌M▄L┬LLM█нL┬M▄мM┐B²┬Mн▌M▄L┬LLMK▌N▄HM▄мM┐B²┬Mн▌M▄L┬LLMK▌N▄HML▀█LмNCB²┬Mн▌M▄L┬LLMK▌N▄HMM▀▌NM▄┐B²┬LMн▌L▄▄┬LLLк██L┬N█мLCB²┬LMн▌L▄▄┬LLLк██L┬N▀▄▌CB²┬LMн▄▄▄хLLLк██L┬N▀▄▌CB²┬LMн▄▄▄хLLLк██L┬N█мLCB²┬LMн▌L▄▄┬LLM█нL┬N▀▄▌CB²┬LMн▄▄▄хLLM█нL┬N▀▄▌CB²┬LMн▌L▄▄┬LLMK▌Lлл┬N▀▄▌CB²┬LMн▄▄▄хLLMK▌Lлл┬N▀▄▌CB²┬LMн▌L▄▄┬LLMK▌Lлл┬N█мLCB²┬LMн▄▄▄хLLMK▌Lлл┬N█мLCB²┬LMн▌L▄▄┬LLMK▌Lлл┬N▀█NLMцB²┬LMн▄▄▄хLLMK▌Lлл┬N▀█NLMцB²┬LMн▌L▄▄┬LLMK▌Lлл┬Mн▌MмMB²┬LMн▌L▄▄┬LLMK▌Lлл┬Mмк▄Mл█┐B²┬LMн▄▄▄хLLMK▌Lлл┬Mмк▄Mл█┐B²┬LMн▄▄▄хLLMK▌Lлл┬Mн▌MмMB²┬LMн▌L▄▄┬LLM█нL┬Mмк▄Mл█┐B²┬LMн▄▄▄хLLM█нL┬Mмк▄Mл█┐B²┬LMн▌L▄▄┬LLLк██L┬Mмк▄Mл█┐B²┬LMн▄▄▄хLLLк██L┬Mмк▄Mл█┐B²┬LMн▌L▄▄┬LLLк██L┬N█м█MB²┬LMн▌L▄▄┬LLLк██L┬N▀█NLMцB²┬LMн▄▄▄хLLLк██L┬N▀█NLMцB²┬LMн▄▄▄хLLLк██L┬N█м█MB²┬LMн▌L▄▄┬LLLк██L┬Mн▌MмMB²┬LMн▄▄▄хLLLк██L┬Mн▌MмMB²┬LMн▌L▄▄┬LLMK▌Lлл┬N█м█MB²┬LMн▄▄▄хLLMK▌Lлл┬N█м█MB²┬LMн▄MNLLLк██L┬N▀▄▌CB²┬LMн▄MNLLLк██L┬N█мLCB²┬LMн▌M▄MLLLк██L┬N█мLCB²┬LMн▌M▄MLLLк██L┬N▀▄▌CB²┬LMн▄MNLLM█нL┬N▀▄▌CB²┬LMн▌M▄MLLM█нL┬N▀▄▌CB²┬LMн▄MNLLMK▌Lлл┬N▀▄▌CB²┬LMн▌M▄MLLMK▌Lлл┬N▀▄▌CB²┬LMн▄MNLLMK▌Lлл┬N█мLCB²┬LMн▌M▄MLLMK▌Lлл┬N█мLCB²┬LMн▄MNLLMK▌Lлл┬N▀█NLMцB²┬LMн▌M▄MLLMK▌Lлл┬N▀█NLMцB²┬LMн▄MNLLMK▌Lлл┬Mмк▄Mл█┐B²┬LMн▄MNLLMK▌Lлл┬Mн▌MмMB²┬LMн▌M▄MLLMK▌Lлл┬Mн▌MмMB²┬LMн▌M▄MLLMK▌Lлл┬Mмк▄Mл█┐B²┬LMн▄MNLLM█нL┬Mмк▄Mл█┐B²┬LMн▌M▄MLLM█нL┬Mмк▄Mл█┐B²┬LMн▄MNLLLк██L┬Mмк▄Mл█┐B²┬LMн▌M▄MLLLк██L┬Mмк▄Mл█┐B²┬LMн▄MNLLLк██L┬N▀█NLMцB²┬LMн▄MNLLLк██L┬N█м█MB²┬LMн▌M▄MLLLк██L┬N█м█MB²┬LMн▌M▄MLLLк██L┬N▀█NLMцB²┬LMн▄MNLLLк██L┬Mн▌MмMB²┬LMн▌M▄MLLLк██L┬Mн▌MмMB²┬LMн▄MNLLMK▌Lлл┬N█м█MB²┬LMн▌M▄MLLMK▌Lлл┬N█м█MB²┬LMн▄MNLLLк█▌ML┬NK▌MнCB²┬LMн▄MNLLLк█▌ML┬N█мLCB²┬LMн▄MNLLM█нL┬NK▌MнCB²┬LMн▄MNLLMK▌л┬NK▌MнCB²┬LMн▄MNLLMK▌л┬N█мLCB²┬LMн▄MNLLMK▌л┬N▀█NLMцB²┬LMн▄MNLLMK▌л┬N█м█MB²┬LMн▄MNLLMK▌л┬Mн▌MмMB²┬LMн▄MNLLMK▌л┬Mмк▄▄▄█┐B²┬LMн▄MNLLM█нL┬Mмк▄▄▄█┐B²┬LMн▄MNLLLк█▌ML┬Mмк▄▄▄█┐B²┬LMн▄MNLLLк█▌ML┬Mн▌MмMB²┬LMн▄MNLLLк█▌ML┬N█м█MB²┬LMн▄MNLLLк█▌ML┬N▀█NLMцB²┬LMн▄MNLLM█нL┬N█мLCB²┬LMн▄MNLLM█нL┬N▀█NLMцB²┬LMн▄MNLLM█нL┬N█м█MB²┬LMн▄MNLLM█нL┬Mн▌MмMB²┬LMн▄▄▄хLLLк█ML┬N▀▄L▌CB²┬LMн▌L▄▄┬LLLк█ML┬N▀▄L▌CB²┬LMн▌L▄▄┬LLLк█ML┬N█мLCB²┬LMн▄▄▄хLLLк█ML┬N█мLCB²┬LMн▄▄▄хLLM█нL┬N▀▄L▌CB²┬LMн▌L▄▄┬LLM█нL┬N▀▄L▌CB²┬LMн▄▄▄хLLM▀▄лл┬N▀▄L▌CB²┬LMн▌L▄▄┬LLM▀▄лл┬N▀▄L▌CB²┬LMн▄▄▄хLLM▀▄лл┬N█мLCB²┬LMн▌L▄▄┬LLM▀▄лл┬N█мLCB²┬LMн▄▄▄хLLM▀▄лл┬N▀█NLMцB²┬LMн▌L▄▄┬LLM▀▄лл┬N▀█NLMцB²┬LMн▄▄▄хLLM▀▄лл┬Mмк▄л█┐B²┬LMн▌L▄▄┬LLM▀▄лл┬Mмк▄л█┐B²┬LMн▌L▄▄┬LLM▀▄лл┬Mн▌MмMB²┬LMн▄▄▄хLLM▀▄лл┬Mн▌MмMB²┬LMн▄▄▄хLLM█нL┬Mмк▄л█┐B²┬LMн▌L▄▄┬LLM█нL┬Mмк▄л█┐B²┬LMн▄▄▄хLLLк█ML┬Mмк▄л█┐B²┬LMн▌L▄▄┬LLLк█ML┬Mмк▄л█┐B²┬LMн▄▄▄хLLLк█ML┬N▀█NLMцB²┬LMн▌L▄▄┬LLLк█ML┬N▀█NLMцB²┬LMн▌L▄▄┬LLLк█ML┬N█м█MB²┬LMн▄▄▄хLLLк█ML┬N█м█MB²┬LMн▄▄▄хLLLк█ML┬Mн▌MмMB²┬LMн▌L▄▄┬LLLк█ML┬Mн▌MмMB²┬LMн▌L▄▄┬LLM▀▄лл┬N█м█MB²┬LMн▄▄▄хLLM▀▄лл┬N█м█MB²┬LMн▄NLLLк█ML┬N▀▄L▌CB²┬LMн▄NLLLк█ML┬N█мLCB²┬LMн▌M▄MLLLк█ML┬N█мLCB²┬LMн▌M▄MLLLк█ML┬N▀▄L▌CB²┬LMн▄NLLM█нL┬N▀▄L▌CB²┬LMн▌M▄MLLM█нL┬N▀▄L▌CB²┬LMн▄NLLM▀▄лл┬N▀▄L▌CB²┬LMн▌M▄MLLM▀▄лл┬N▀▄L▌CB²┬LMн▄NLLM▀▄лл┬N█мLCB²┬LMн▌M▄MLLM▀▄лл┬N█мLCB²┬LMн▄NLLM▀▄лл┬N▀█NLMцB²┬LMн▌M▄MLLM▀▄лл┬N▀█NLMцB²┬LMн▄NLLM▀▄лл┬Mмк▄л█┐B²┬LMн▄NLLM▀▄лл┬Mн▌MмMB²┬LMн▌M▄MLLM▀▄лл┬Mн▌MмMB²┬LMн▌M▄MLLM▀▄лл┬Mмк▄л█┐B²┬LMн▄NLLM█нL┬Mмк▄л█┐B²┬LMн▌M▄MLLM█нL┬Mмк▄л█┐B²┬LMн▄NLLLк█ML┬Mмк▄л█┐B²┬LMн▌M▄MLLLк█ML┬Mмк▄л█┐B²┬LMн▄NLLLк█ML┬N▀█NLMцB²┬LMн▄NLLLк█ML┬N█м█MB²┬LMн▌M▄MLLLк█ML┬N█м█MB²┬LMн▌M▄MLLLк█ML┬N▀█NLMцB²┬LMн▄NLLLк█ML┬Mн▌MмMB²┬LMн▌M▄MLLLк█ML┬Mн▌MмMB²┬LMн▄NLLM▀▄лл┬N█м█MB²┬LMн▌M▄MLLM▀▄лл┬N█м█MB²┬LMн▄NLLLк█▌ML┬N█мLCB²┬LMн▄NLLLк█▌ML┬NK▌MнCB²┬LMн▄NLLM█нL┬NK▌MнCB²┬LMн▄NLLMK▌л┬NK▌MнCB²┬LMн▄NLLMK▌л┬N█мLCB²┬LMн▄NLLMK▌л┬N▀█NLMцB²┬LMн▄NLLMK▌л┬N█м█MB²┬LMн▄NLLMK▌л┬Mн▌MмMB²┬LMн▄NLLMK▌л┬Mмк▄▄▄█┐B²┬LMн▄NLLM█нL┬Mмк▄▄▄█┐B²┬LMн▄NLLLк█▌ML┬Mмк▄▄▄█┐B²┬LMн▄NLLLк█▌ML┬Mн▌MмMB²┬LMн▄NLLLк█▌ML┬N█м█MB²┬LMн▄NLLLк█▌ML┬N▀█NLMцB²┬LMн▄NLLM█нL┬N█мLCB²┬LMн▄NLLM█нL┬N▀█NLMцB²┬LMн▄NLLM█нL┬N█м█MB²┬LMн▄NLLM█нL┬Mн▌MмMB²┬LMн▌M▄MLLLк█NML┬N█мLCB²┬LMн▌M▄MLLLк█NML┬N▀▄нCB²┬LMн▌M▄MLLM█нL┬N▀▄нCB²┬LMн▌M▄MLLMK▌Nл┬N▀▄нCB²┬LMн▌M▄MLLMK▌Nл┬N█мLCB²┬LMн▌M▄MLLMK▌Nл┬N▀█NLMцB²┬LMн▌M▄MLLMK▌Nл┬Mн▌MмMB²┬LMн▌M▄MLLMK▌Nл┬Mмк▄L▄█┐B²┬LMн▌M▄MLLM█нL┬Mмк▄L▄█┐B²┬LMн▌M▄MLLLк█NML┬Mмк▄L▄█┐B²┬LMн▌M▄MLLLк█NML┬N█м█MB²┬LMн▌M▄MLLLк█NML┬N▀█NLMцB²┬LMн▌M▄MLLLк█NML┬Mн▌MмMB²┬LMн▌M▄MLLMK▌Nл┬N█м█MB²┬LMн▌LLLLк█▄нHM█K▄MLCB²┬LMн▌LLLLк█▄нHM▌▌NLцB²┬LMн▄▄LLхLLLк█▄нHM▌▌NLцB²┬LMн▄▄LLхLLLк█▄нHM█K▄MLCB²┬LMн▌LLLM█нL┬M▌▌NLцB²┬LMн▄▄LLхLLM█нL┬M▌▌NLцB²┬LMн▌LLLMK▌LнMHM▌▌NLцB²┬LMн▄▄LLхLLMK▌LнMHM▌▌NLцB²┬LMн▌LLLMK▌LнMHM█K▄MLCB²┬LMн▄▄LLхLLMK▌LнMHM█K▄MLCB²┬LMн▌LLLMK▌LнMHM█▄MMнB²┬LMн▄▄LLхLLMK▌LнMHM█▄MMнB²┬LMн▌LLLMK▌LнMHM▄▄M▌LCB²┬LMн▄▄LLхLLMK▌LнMHM▄▄M▌LCB²┬LMн▌LLLM█нL┬M▄▄M▌LCB²┬LMн▄▄LLхLLM█нL┬M▄▄M▌LCB²┬LMн▌LLLLк█▄нHM▄▄M▌LCB²┬LMн▄▄LLхLLLк█▄нHM▄▄M▌LCB²┬LMн▌LLLLк█▄нHM█▄MMнB²┬LMн▄▄LLхLLLк█▄нHM█▄MMнB²┬LMн▄Lн┬LLLк█▄нHM▌▌NLцB²┬LMн▄Lн┬LLLк█▄нHM█K▄MLCB²┬LMн▌M▄MLLLк█▄нHM█K▄MLCB²┬LMн▌M▄MLLLк█▄нHM▌▌NLцB²┬LMн▄Lн┬LLM█нL┬M▌▌NLцB²┬LMн▌M▄MLLM█нL┬M▌▌NLцB²┬LMн▄Lн┬LLMK▌LнMHM▌▌NLцB²┬LMн▌M▄MLLMK▌LнMHM▌▌NLцB²┬LMн▄Lн┬LLMK▌LнMHM█K▄MLCB²┬LMн▌M▄MLLMK▌LнMHM█K▄MLCB²┬LMн▄Lн┬LLMK▌LнMHM█▄MMнB²┬LMн▌M▄MLLMK▌LнMHM█▄MMнB²┬LMн▄Lн┬LLMK▌LнMHM▄▄M▌LCB²┬LMн▌M▄MLLMK▌LнMHM▄▄M▌LCB²┬LMн▄Lн┬LLM█нL┬M▄▄M▌LCB²┬LMн▌M▄MLLM█нL┬M▄▄M▌LCB²┬LMн▄Lн┬LLLк█▄нHM▄▄M▌LCB²┬LMн▌M▄MLLLк█▄нHM▄▄M▌LCB²┬LMн▄Lн┬LLLк█▄нHM█▄MMнB²┬LMн▌M▄MLLLк█▄нHM█▄MMнB²┬LMн▄Lн┬LLLк█▌HM▌▌MцB²┬LMн▄Lн┬LLLк█▌HM█K▄MLCB²┬LMн▄Lн┬LLM█нL┬M▌▌MцB²┬LMн▄Lн┬LLMK▌MHM▌▌MцB²┬LMн▄Lн┬LLMK▌MHM█K▄MLCB²┬LMн▄Lн┬LLMK▌MHM█▄MMнB²┬LMн▄Lн┬LLMK▌MHM▄▄▄NLCB²┬LMн▄Lн┬LLM█нL┬M▄▄▄NLCB²┬LMн▄Lн┬LLLк█▌HM▄▄▄NLCB²┬LMн▄Lн┬LLLк█▌HM█▄MMнB²┬LMн▄Lн┬LLM█нL┬M█K▄MLCB²┬LMн▄Lн┬LLM█нL┬M█▄MMнB²┬LMн▄▄LLхLLLк█LнHM▌K▄LцB²┬LMн▌LLLLк█LнHM▌K▄LцB²┬LMн▌LLLLк█LнHM█K▄MLCB²┬LMн▄▄LLхLLLк█LнHM█K▄MLCB²┬LMн▄▄LLхLLM█нL┬M▌K▄LцB²┬LMн▌LLLM█нL┬M▌K▄LцB²┬LMн▄▄LLхLLM▀▄нMHM▌K▄LцB²┬LMн▌LLLM▀▄нMHM▌K▄LцB²┬LMн▄▄LLхLLM▀▄нMHM█K▄MLCB²┬LMн▌LLLM▀▄нMHM█K▄MLCB²┬LMн▄▄LLхLLM▀▄нMHM█▄MMнB²┬LMн▌LLLM▀▄нMHM█▄MMнB²┬LMн▄▄LLхLLM▀▄нMHM▄▄▌LCB²┬LMн▌LLLM▀▄нMHM▄▄▌LCB²┬LMн▄▄LLхLLM█нL┬M▄▄▌LCB²┬LMн▌LLLM█нL┬M▄▄▌LCB²┬LMн▄▄LLхLLLк█LнHM▄▄▌LCB²┬LMн▌LLLLк█LнHM▄▄▌LCB²┬LMн▄▄LLхLLLк█LнHM█▄MMнB²┬LMн▌LLLLк█LнHM█▄MMнB²┬LMн▄н┬LLLк█LнHM▌K▄LцB²┬LMн▄н┬LLLк█LнHM█K▄MLCB²┬LMн▌M▄MLLLк█LнHM█K▄MLCB²┬LMн▌M▄MLLLк█LнHM▌K▄LцB²┬LMн▄н┬LLM█нL┬M▌K▄LцB²┬LMн▌M▄MLLM█нL┬M▌K▄LцB²┬LMн▄н┬LLM▀▄нMHM▌K▄LцB²┬LMн▌M▄MLLM▀▄нMHM▌K▄LцB²┬LMн▄н┬LLM▀▄нMHM█K▄MLCB²┬LMн▌M▄MLLM▀▄нMHM█K▄MLCB²┬LMн▄н┬LLM▀▄нMHM█▄MMнB²┬LMн▌M▄MLLM▀▄нMHM█▄MMнB²┬LMн▄н┬LLM▀▄нMHM▄▄▌LCB²┬LMн▌M▄MLLM▀▄нMHM▄▄▌LCB²┬LMн▄н┬LLM█нL┬M▄▄▌LCB²┬LMн▌M▄MLLM█нL┬M▄▄▌LCB²┬LMн▄н┬LLLк█LнHM▄▄▌LCB²┬LMн▌M▄MLLLк█LнHM▄▄▌LCB²┬LMн▄н┬LLLк█LнHM█▄MMнB²┬LMн▌M▄MLLLк█LнHM█▄MMнB²┬LMн▄н┬LLLк█▌HM█K▄MLCB²┬LMн▄н┬LLLк█▌HM▌▌MцB²┬LMн▄н┬LLM█нL┬M▌▌MцB²┬LMн▄н┬LLMK▌MHM▌▌MцB²┬LMн▄н┬LLMK▌MHM█K▄MLCB²┬LMн▄н┬LLMK▌MHM█▄MMнB²┬LMн▄н┬LLMK▌MHM▄▄▄NLCB²┬LMн▄н┬LLM█нL┬M▄▄▄NLCB²┬LMн▄н┬LLLк█▌HM▄▄▄NLCB²┬LMн▄н┬LLLк█▌HM█▄MMнB²┬LMн▄н┬LLM█нL┬M█K▄MLCB²┬LMн▄н┬LLM█нL┬M█▄MMнB²┬LMн▌M▄MLLLк█NHM█K▄MLCB²┬LMн▌M▄MLLLк█NHM▌K▄цB²┬LMн▌M▄MLLM█нL┬M▌K▄цB²┬LMн▌M▄MLLMK▌NMM▌K▄цB²┬LMн▌M▄MLLMK▌NMM█K▄MLCB²┬LMн▌M▄MLLMK▌NMM█▄MMнB²┬LMн▌M▄MLLMK▌NMM▄▄LNLCB²┬LMн▌M▄MLLM█нL┬M▄▄LNLCB²┬LMн▌M▄MLLLк█NHM▄▄LNLCB²┬LMн▌M▄MLLLк█NHM█▄MMнB┬хN┬≥\²Xы\цB┐B²⌡┬▄L▄н█х▌L▄нCB²⌡┬▄L▌L▄нH▄н█цB²⌡┬▄L▌L▄нHL▄н█цB²⌡┬▄L▄н█хL▌L▄нCB²⌡┬▄▄н█хL▌L▄нCB²⌡┬▄▌L▄нHL▄н█цB²⌡┬▄▌L▄нH▄н█цB²⌡┬▄▄н█х▌L▄нCB²⌡┬L▄L▌L▄нHL▄н█цB²⌡┬L▄L▄н█хL▌L▄нCB²⌡┬L▄▌L▄нH▄н█цB²⌡┬L▄▄н█х▌L▄нCB²⌡┬K▄▄L▄B²⌡┬LK▄▄L▄B²⌡┬▄LK▄L▄B²⌡┬▄▄LK▄B²⌡┬▄K▄L▄B²⌡┬▄▄K▄B²⌡┬L▄K▄▄B²⌡┬▄LK▄▄B²⌡┬LK▄▄▄B²⌡┬▄K▄▄B┬х▄┬≥\²^⌡э⌡X[цB┐B≥хь ≥Xщ▌B²\ы[]з\≥Wл▄█▄┐B°хы≥┐B≥┬█NNKклMмNH█NN▀клMмNH█NNкклMмNH█NNклMмNHB≥┬█NNклMм▄█NNкклMм▄█NNKклMм▄█NN▀клMм▄B≥┬█NN▀клMм▄H█NNKклMм▄H█NNкклMм▄H█NNклMм▄HB≥┬█NNклMм▄┬█NNкклMм▄┬█NNKклMм▄┬█NNLклMм▄┬B≥┬█NNLклMм▄х█NNKклMм▄х█NNLKклMм▄х█NNL▀клMм▄хB≥┬█NNL▀клMм██NNLKклMм██NNLкклMм██NNMклMм█B≥┬█NNMклMм█H█NNLкклMм█H█NNMKклMм█H█NNM▀клMм█HB≥┬█NNM▀клMм█┬█NNMKклMм█┬█NN▀клMм█┬█NNKклMм█┬B≥┬█NNKклMмNH█NNклMмNH█NNMкклMмNH█NNNклMмNHB≥┬█NNNKклMмNH█▄клMмNH█▄KклMмNH█▄▀клMмNHB≥┬█NNклMм▄█NN▀клMм▄█▄кклMм▄█NNMкклMм▄B≥┬█▄клMм▄█NNNKклMм▄█▄▀клMм▄█▄KклMм▄B≥┬█NN▀клMм▄H█NNклMм▄H█▄▀клMм▄H█▄кклMм▄HB≥┬█▄кклMм█х█▄клMм█х█▄KклMм█х█▄клMм█хB≥┬█NNклMм▄┬█NNLклMм▄┬█▄KклMм▄┬█▄▀клMм▄┬B≥┬█▄LклMм▌█▄кклMм▌█▄клMм▌█▄LKклMм▌B≥┬█NNLклMм▄х█NNL▀клMм▄х█▄L▀клMм▄х█▄KклMм▄хB≥┬█▄LкклMм▄х█▄LклMм▄х█▄LKклMм▄х█▄MклMм▄хB≥┬█NNL▀клMм██NNMклMм██▄MKклMм██▄L▀клMм█B≥┬█▄M▀клMм██▄LкклMм██▄MклMм██▄MкклMм█B≥┬█NNMклMм▌H█NNM▀клMм▌H█▄NклMм▌H█▄MKклMм▌HB≥┬█▄NKклMм█H█▄M▀клMм█H█▄MкклMм█H█▄▄клMм█HB≥┬█NNM▀клMмл█NNKклMмл█NNNклMмл█▄NклMмлB≥┬█▄клMм█┬█▄NKклMм█┬█▄▄клMм█┬█▄KклMм█┬B≥┬█▄▄KклMмлH█▄▄▀клMмлH█NNNклMмлH█NNMкклMмлHB≥┬█▄▄кклMмлH█▄▄KклMмлH█NNMкклMмлH█▄кклMмлHB≥┬█▄█клMмлH█▄▄кклMмлH█▄кклMмлH█▄▀клMмлHB≥┬█▄█KклMмлH█▄█клMмлH█▄▀клMмлH█▄KклMмлHB≥┬█▄█▀клMмлH█▄█KклMмлH█▄KклMмлH█▄L▀клMмлHB≥┬█▄█кклMмлH█▄█▀клMмлH█▄L▀клMмлH█▄MKклMмлHB≥┬█▄▌клMмлH█▄█кклMмлH█▄MKклMмлH█▄NклMмлHB≥┬█▄▄▀клMмлH█▄▌клMмлH█▄NклMмлH█NNNклMмлHB≥┬█▄▌KклMмлH█▄▄кклMмлH█▄█клMмлH█▄█KклMмлHB≥┬█▄█▀клMмлH█▄█кклMмлH█▄▌KклMмлH█▄█KклMмлHB≥┬█▄▄KклMмлH█▄▄кклMмлH█▄▌KклMмлH█▄▄▀клMмлHB≥┬█▄▌KклMмлH█▄█кклMмлH█▄▌клMмлH█▄▄▀клMмлHB≥┬█▄лклMм▄х█▄лKклMм▄х█▄л▀клMм▄х█▄лкклMм▄хB≥┬█▄лKклMм██▄мклMм██▄мKклMм██▄л▀клMм█B≥┬█▄мклMм█H█▄м▀клMм█H█▄мкклMм█H█▄мKклMм█HB≥┬█▄м▀клMм█┬█▄нклMм█┬█▄нKклMм█┬█▄мкклMм█┬B≥┬█▄нклMмNH█▄клMмNH█▄KклMмNH█▄нKклMмNHB≥┬█▄клMм▄█▄▀клMм▄█▄кклMм▄█▄KклMм▄B≥┬█▄▀клMм▄H█▄клMм▄H█▄KклMм▄H█▄кклMм▄HB≥┬█▄клMм▄┬█▄лклMм▄┬█▄лкклMм▄┬█▄KклMм▄┬B≥┬█▄▀клMм▄х█▄кклMм▄х█▄клMм▄х█▄KклMм▄хB≥┬█▄LклMм▄х█▄лкклMм▄х█▄л▀клMм▄х█▄LKклMм▄хB≥┬█▄L▀клMм██▄LкклMм██▄кклMм██▄▀клMм█B≥┬█▄LKклMм██▄л▀клMм██▄мKклMм██▄MклMм█B≥┬█▄MKклMм█H█▄M▀клMм█H█▄LкклMм█H█▄L▀клMм█HB≥┬█▄MклMм█H█▄мKклMм█H█▄мкклMм█H█▄MкклMм█HB≥┬█▄NклMм█┬█▄NKклMм█┬█▄M▀клMм█┬█▄MKклMм█┬B≥┬█▄MкклMм█┬█▄мкклMм█┬█▄нKклMм█┬█▄▄клMм█┬B≥┬█▄▄KклMмNH█▄▄▀клMмNH█▄NKклMмNH█▄NклMмNHB≥┬█▄▄клMмNH█▄нKклMмNH█▄KклMмNH█▄▄кклMмNHB≥┬█▄█клMм▄█▄█KклMм▄█▄▄▀клMм▄█▄▄KклMм▄B≥┬█▄▄кклMм▄█▄KклMм▄█▄кклMм▄█▄█▀клMм▄B≥┬█▄█кклMм▄H█▄▌клMм▄H█▄█KклMм▄H█▄█клMм▄HB≥┬█▄█▀клMм▄H█▄кклMм▄H█▄KклMм▄H█▄▌KклMм▄HB≥┬█▄KклMм▄┬█▄клMм▄┬█▄▌клMм▄┬█▄█кклMм▄┬B≥┬█▄▌KклMм▄┬█▄KклMм▄┬█▄лкклMм▄┬█▄LклMм▄┬B≥┬█▄KклMмл┬█▄лклMмл┬█▄лKклMмл┬█▄▀клMмл┬B≥┬█▄▀клMмл┬█▄лKклMмл┬█▄л▀клMмл┬█▄L▀клMмл┬B≥┬█▄L▀клMмл┬█▄л▀клMмл┬█▄лкклMмл┬█▄MKклMмл┬B≥┬█▄MKклMмл┬█▄лкклMмл┬█▄мклMмл┬█▄NклMмл┬B≥┬█▄NклMмл┬█▄мклMмл┬█▄мKклMмл┬█▄▄KклMмл┬B≥┬█▄▄KклMмл┬█▄мKклMмл┬█▄м▀клMмл┬█▄█клMмл┬B≥┬█▄█клMмл┬█▄м▀клMмл┬█▄мкклMмл┬█▄█кклMмл┬B≥┬█▄█кклMмл┬█▄мкклMмл┬█▄лклMмл┬█▄KклMмл┬B≥┬█▄лкклMмл┬█▄л▀клMмл┬█▄нклMмл┬█▄мклMмл┬B≥┬█▄нклMмл┬█▄м▀клMмл┬█▄мKклMмл┬█▄мклMмл┬B≥┬█▄нклMмл┬█▄л▀клMмл┬█▄лKклMмл┬█▄лклMмл┬B≥┬█▄мкклMмл┬█▄м▀клMмл┬█▄нклMмл┬█▄лклMмл┬B°хCB≥┬█▄KклMмлH█▄нKклMмлH█▄клMмлH█▄▀клMмлHB≥┬█▄▀клMмлH█▄клMмлH█▄KклMмлH█▄KклMмлHB≥┬█▄KклMмлH█▄KклMмлH█▄▀клMмлH█▄клMмлHB≥┬█▄клMмлH█▄▀клMмлH█▄кклMмлH█▄LKклMмлHB≥┬█▄LKклMмлH█▄кклMмлH█▄клMмлH█▄MклMмлHB≥┬█▄MклMмлH█▄клMмлH█▄KклMмлH█▄MкклMмлHB≥┬█▄MкклMмлH█▄KклMмлH█▄▀клMмлH█▄▄клMмлHB≥┬█▄▄клMмлH█▄▀клMмлH█▄нKклMмлH█▄KклMмлHB≥┬█▄LклMмлH█▄LKклMмлH█▄клMмлH█▄нKклMмлHB≥┬█▄LKклMмлH█▄MклMмлH█▄KклMмлH█▄клMмлHB≥┬█▄MклMмлH█▄MкклMмлH█▄▀клMмлH█▄KклMмлHB≥┬█▄MкклMмлH█▄▄клMмлH█▄кклMмлH█▄▀клMмлHB≥┬█▄▄клMмлH█▄▄кклMмлH█▄клMмлH█▄кклMмлHB≥┬█▄▄кклMмлH█▄█▀клMмлH█▄KклMмлH█▄клMмлHB≥┬█▄█▀клMмлH█▄▌KклMмлH█▄▀клMмлH█▄KклMмлHB≥┬█▄▌KклMмлH█▄LклMмлH█▄нKклMмлH█▄▀клMмлHB°хы≥┐B≥┬█▄клMмNH█NNNKклMмNH█NNкклMмNH█NN▀клMмNHB≥┬█NNNKклMм▄█▄клMм▄█NNKклMм▄█NNкклMм▄B≥┬█▄клMм▄H█▄кклMм▄H█NNкклMм▄H█NNKклMм▄HB≥┬█▄кклMм▄┬█▄LклMм▄┬█NNKклMм▄┬█NNкклMм▄┬B≥┬█▄LклMм▄х█▄LкклMм▄х█NNLKклMм▄х█NNKклMм▄хB≥┬█▄LкклMм██▄M▀клMм██NNLкклMм██NNLKклMм█B≥┬█▄M▀клMм█H█▄NKклMм█H█NNMKклMм█H█NNLкклMм█HB≥┬█▄NKклMм█┬█▄клMм█┬█NN▀клMм█┬█NNMKклMм█┬B≥┬█▄клMм▄х█▄кклMм▄х█▄лKклMм▄х█▄лклMм▄хB≥┬█▄кклMм██▄LкклMм██▄мклMм██▄лKклMм█B≥┬█▄LкклMм█H█▄M▀клMм█H█▄м▀клMм█H█▄мклMм█HB≥┬█▄M▀клMм█┬█▄NKклMм█┬█▄нклMм█┬█▄м▀клMм█┬B≥┬█▄NKклMмNH█▄▄▀клMмNH█▄клMмNH█▄нклMмNHB≥┬█▄▄▀клMм▄█▄█KклMм▄█▄▀клMм▄█▄клMм▄B≥┬█▄█KклMм▄H█▄▌клMм▄H█▄клMм▄H█▄▀клMм▄HB≥┬█▄▌клMм▄┬█▄клMм▄┬█▄лклMм▄┬█▄клMм▄┬B≥┬█▄кклMмлх█▄клMмлх█▄KклMмлх█▄LклMмлхB≥┬█▄клMмлх█▄LKклMмлх█▄L▀клMмлх█▄KклMмлхB≥┬█▄LKклMмм█▄LкклMмм█▄MклMмм█▄L▀клMммB≥┬█▄LкклMмм█▄MKклMмм█▄M▀клMмм█▄MклMммB≥┬█▄MKклMммH█▄MкклMммH█▄NклMммH█▄M▀клMммHB≥┬█▄NKклMммH█▄LклMммH█▄LKклMммH█▄L▀клMммHB≥┬█▄LклMмм┬█▄LкклMмм┬█▄LклMмм┬█▄LKклMмм┬B≥┬█▄LкклMмм┬█▄LKклMмм┬█▄L▀клMмм┬█▄LклMмм┬B≥┬█▄LKклMмлх█▄кклMмлх█▄LклMмлх█▄L▀клMмлхB≥┬█▄MкклMммH█▄NKклMммH█▄L▀клMммH█▄NклMммHB≥┬█▄LклMмлх█▄KклMмлх█▄LкклMмлх█▄LклMмлхB≥┬█▄клMмлх█▄кклMмлх█▄LKклMмлх█▄LLклMмлхB≥┬█▄KклMмлх█▄L▀клMмлх█▄LLKклMмлх█▄LкклMмлхB≥┬█▄LKклMмлх█▄клMмлх█▄LLклMмлх█▄LL▀клMмлхB≥┬█▄L▀клMмм█▄MклMмм█▄LLкклMмм█▄LLKклMммB≥┬█▄LкклMмм█▄LKклMмм█▄LL▀клMмм█▄LMклMммB≥┬█▄MклMмм█▄M▀клMмм█▄LMKклMмм█▄LLкклMммB≥┬█▄MKклMмм█▄LкклMмм█▄LMклMмм█▄LM▀клMммB≥┬█▄M▀клMммх█▄NклMммх█▄LMкклMммх█▄LMKклMммхB≥┬█▄MкклMммH█▄MKклMммH█▄LM▀клMммH█▄LNклMммHB≥┬█▄L▀клMммH█▄LKклMммH█▄LNKклMммH█▄L▄клMммHB≥┬█▄LклMммH█▄NKклMммH█▄L▄KклMммH█▄L▄▀клMммHB≥┬█▄LKклMмм┬█▄LклMмм┬█▄L▄кклMмм┬█▄LNKклMмм┬B≥┬█▄LкклMмм┬█▄LклMмм┬█▄L▄▀клMмм┬█▄L█клMмм┬B≥┬█▄LклMмм┬█▄L▀клMмм┬█▄L█KклMмм┬█▄L▄кклMмм┬B≥┬█▄LKклMмм┬█▄LкклMмм┬█▄L█клMмм┬█▄L█▀клMмм┬B≥┬█▄L▀клMмн█▄LклMмн█▄LклMмн█▄L█KклMмнB≥┬█▄кклMмлх█▄LKклMмлх█▄L█▀клMмлх█▄LKклMмлхB≥┬█▄NклMммH█▄L▀клMммH█▄L▄клMммH█▄LMкклMммHB≥┬█▄NKклMммH█▄MкклMммH█▄LNклMммH█▄L▄KклMммHB≥┬█▄L█кклMмлH█▄L▌клMмлH█▄LклMмлH█▄LкклMмлHB≥┬█▄L▌KклMмлH█▄L█кклMмлH█▄LкклMмлH█▄LLKклMмлHB≥┬█▄LлклMмлH█▄L▌KклMмлH█▄LLKклMмлH█▄LLкклMмлHB≥┬█▄LлKклMмлH█▄LлклMмлH█▄LLкклMмлH█▄LMKклMмлHB≥┬█▄Lл▀клMмлH█▄LлKклMмлH█▄LMKклMмлH█▄LMкклMмлHB≥┬█▄LлкклMмлH█▄Lл▀клMмлH█▄LMкклMмлH█▄L▄клMмлHB≥┬█▄LмклMмлH█▄LлкклMмлH█▄L▄клMмлH█▄LNKклMмлHB≥┬█▄LмKклMмлH█▄LмклMмлH█▄LNKклMмлH█▄L▄кклMмлHB≥┬█▄Lм▀клMмлH█▄LмKклMмлH█▄L▄кклMмлH█▄L█KклMмлHB≥┬█▄L▌клMмлH█▄Lм▀клMмлH█▄L█KклMмлH█▄LклMмлHB≥┬█▄Lл▀клMмлH█▄LмкклMмлH█▄LлклMмлH█▄LлKклMмлHB≥┬█▄LмкклMмлH█▄L█кклMмлH█▄L▌KклMмлH█▄LлклMмлHB≥┬█▄LлкклMмлH█▄LнклMмлH█▄LмкклMмлH█▄Lл▀клMмлHB≥┬█▄LнклMмлH█▄L▌клMмлH█▄L█кклMмлH█▄LмкклMмлHB≥┬█▄LнклMмлH█▄LлкклMмлH█▄LмклMмлH█▄LмKклMмлHB≥┬█▄L▌клMмлH█▄LнклMмлH█▄LмKклMмлH█▄Lм▀клMмлHB≥┬█▄LнKклMммH█▄MклMммH█▄MKклMммH█▄M▀клMммHB≥┬█▄MкклMммH█▄MклMммH█▄MклMммH█▄LнKклMммHB≥┬█▄MKклMмм┬█▄M▀клMмм┬█▄MклMмм┬█▄MкклMмм┬B≥┬█▄MкклMмм┬█▄MклMмм┬█▄M▀клMмм┬█▄MKклMмм┬B≥┬█▄MKклMмлх█▄MLклMмлх█▄MклMмлх█▄MкклMмлхB≥┬█▄MLKклMмлх█▄ML▀клMмлх█▄MLкклMмлх█▄MMклMмлхB≥┬█▄MMKклMмм█▄MM▀клMмм█▄ML▀клMмм█▄MLKклMммB≥┬█▄MMкклMмм█▄MNклMмм█▄MM▀клMмм█▄MMKклMммB≥┬█▄M▀клMммH█▄MKклMммH█▄MNклMммH█▄MMкклMммHB≥┬█▄MMклMмлх█▄MLкклMмлх█▄MLклMмлх█▄MKклMмлхB≥┬█▄MNKклMммH█▄LнKклMммH█▄M▀клMммH█▄M▄клMммHB≥┬█▄M▄KклMммH█▄MKклMммH█▄MклMммH█▄M▄▀клMммHB≥┬█▄M▄кклMммH█▄MкклMммH█▄LнKклMммH█▄MNKклMммHB≥┬█▄M▄▀клMммH█▄MклMммH█▄MклMммH█▄M█клMммHB≥┬█▄M█KклMмм┬█▄MKклMмм┬█▄MкклMмм┬█▄M▄кклMмм┬B≥┬█▄M█клMмм┬█▄MклMмм┬█▄M▀клMмм┬█▄M█▀клMмм┬B≥┬█▄M█кклMмм┬█▄MкклMмм┬█▄MKклMмм┬█▄M█KклMмм┬B≥┬█▄M█▀клMмм┬█▄M▀клMмм┬█▄MклMмм┬█▄M▌клMмм┬B≥┬█▄M▌KклMмлх█▄MKклMмлх█▄MкклMмлх█▄M█кклMмлхB≥┬█▄M▌клMмлх█▄MклMмлх█▄MLклMмлх█▄MлклMмлхB≥┬█▄MлKклMмлх█▄MLKклMмлх█▄MMклMмлх█▄Mл▀клMмлхB≥┬█▄MлкклMмлх█▄MLкклMмлх█▄ML▀клMмлх█▄MмклMмлхB≥┬█▄MмKклMмм█▄MMKклMмм█▄MLKклMмм█▄MлKклMммB≥┬█▄MмклMмм█▄ML▀клMмм█▄MM▀клMмм█▄Mм▀клMммB≥┬█▄MмкклMмм█▄MMкклMмм█▄MMKклMмм█▄MмKклMммB≥┬█▄Mм▀клMмм█▄MM▀клMмм█▄MNклMмм█▄MнклMммB≥┬█▄M▄клMммH█▄M▀клMммH█▄MMкклMммH█▄MмкклMммHB≥┬█▄MнклMммH█▄MNклMммH█▄MKклMммH█▄M▄KклMммHB≥┬█▄Mл▀клMмлх█▄MMклMмлх█▄MKклMмлх█▄M▌KклMмлхB≥┬█▄MлклMмлх█▄MLклMмлх█▄MLкклMмлх█▄MлкклMмлхB≥┬█▄M▄клMмл┬█▄MнKклMмл┬█▄NклMмл┬█▄MNKклMмл┬B≥┬█▄MNKклMмл┬█▄NклMмл┬█▄NKклMмл┬█▄M▄кклMмл┬B≥┬█▄M▄кклMмл┬█▄NKклMмл┬█▄N▀клMмл┬█▄M█KклMмл┬B≥┬█▄M█KклMмл┬█▄N▀клMмл┬█▄NкклMмл┬█▄M█кклMмл┬B≥┬█▄M█кклMмл┬█▄NкклMмл┬█▄NклMмл┬█▄M▌KклMмл┬B≥┬█▄M▌KклMмл┬█▄NклMмл┬█▄NKклMмл┬█▄Mл▀клMмл┬B≥┬█▄Mл▀клMмл┬█▄NKклMмл┬█▄N▀клMмл┬█▄MлKклMмл┬B≥┬█▄MлKклMмл┬█▄N▀клMмл┬█▄NкклMмл┬█▄MмKклMмл┬B≥┬█▄MмKклMмл┬█▄NкклMмл┬█▄NклMмл┬█▄MмкклMмл┬B≥┬█▄MмкклMмл┬█▄NклMмл┬█▄MнKклMмл┬█▄M▄клMмл┬B≥┬█▄N▀клMмл┬█▄NKклMмл┬█▄NклMмл┬█▄NкклMмл┬B≥┬█▄NKклMмл┬█▄NклMмл┬█▄NKклMмл┬█▄N▀клMмл┬B≥┬█▄NKклMмл┬█▄NLклMмл┬█▄NKклMмл┬█▄NклMмл┬B≥┬█▄NклMмл┬█▄MнKклMмл┬█▄NLклMмл┬█▄NKклMмл┬B≥┬█▄N▀клMмл┬█▄NKклMмл┬█▄NLклMмл┬█▄NкклMмл┬B≥┬█▄NкклMмл┬█▄NLклMмл┬█▄MнKклMмл┬█▄NклMмл┬B°хCB≥┬█▄LKклMмлH█▄NLKклMмлH█▄NL▀клMмлH█▄LLклMмлHB≥┬█▄LL▀клMмлH█▄LLклMмлH█▄NL▀клMмлH█▄NLкклMмлHB≥┬█▄LL▀клMмлH█▄NLкклMмлH█▄NMклMмлH█▄LMклMмлHB≥┬█▄LM▀клMмлH█▄LMклMмлH█▄NMклMмлH█▄NMKклMмлHB≥┬█▄LM▀клMмлH█▄NMKклMмлH█▄NM▀клMмлH█▄LNклMмлHB≥┬█▄L▄▀клMмлH█▄L▄KклMмлH█▄NMкклMмлH█▄NNклMмлHB≥┬█▄L▄▀клMмлH█▄NNклMмлH█▄NNKклMмлH█▄L█клMмлHB≥┬█▄L█▀клMмлH█▄L█клMмлH█▄NNKклMмлH█▄▄клMмлHB≥┬█▄L█▀клMмлH█▄▄клMмлH█▄NLKклMмлH█▄LKклMмлHB≥┬█▄LNклMмлH█▄NM▀клMмлH█▄NMкклMмлH█▄L▄KклMмлHB≥┬█▄M▄KклMмлH█▄M▄▀клMмлH█▄NL▀клMмлH█▄NLKклMмлHB≥┬█▄M▄▀клMмлH█▄M█клMмлH█▄NLкклMмлH█▄NL▀клMмлHB≥┬█▄NLкклMмлH█▄M█клMмлH█▄M█▀клMмлH█▄NMклMмлHB≥┬█▄M█▀клMмлH█▄M▌клMмлH█▄NMKклMмлH█▄NMклMмлHB≥┬█▄NMKклMмлH█▄M▌клMмлH█▄MлклMмлH█▄NM▀клMмлHB≥┬█▄MлкклMмлH█▄MмклMмлH█▄NNклMмлH█▄NMкклMмлHB≥┬█▄NNклMмлH█▄MмклMмлH█▄Mм▀клMмлH█▄NNKклMмлHB≥┬█▄Mм▀клMмлH█▄MнклMмлH█▄▄клMмлH█▄NNKклMмлHB≥┬█▄▄клMмлH█▄MнклMмлH█▄M▄KклMмлH█▄NLKклMмлHB≥┬█▄MлклMмлH█▄MлкклMмлH█▄NMкклMмлH█▄NM▀клMмлHB°хы≥┐B≥┬█▄▄KклMмм┬█▄▄▀клMмм┬█▄▄кклMмм┬█▄▄клMмм┬B≥┬█▄▄▀клMмлх█▄▄KклMмлх█▄▄▀клMмлх█▄▄кклMмлхB≥┬█▄▄KклMмлх█▄▄кклMмлх█▄▄клMмлх█▄▄▀клMмлхB≥┬█▄▄кклMмм█▄▄KклMмм█▄▄LклMмм█▄▄клMммB≥┬█▄▄KклMмм█▄▄LKклMмм█▄▄L▀клMмм█▄▄LклMммB≥┬█▄▄LKклMммH█▄▄LкклMммH█▄▄MклMммH█▄▄L▀клMммHB≥┬█▄▄LкклMммH█▄▄MKклMммH█▄▄M▀клMммH█▄▄MклMммHB≥┬█▄▄MKклMмм┬█▄▄KклMмм┬█▄▄клMмм┬█▄▄M▀клMмм┬B≥┬█▄▄клMмм┬█▄▄кклMмм┬█▄▄MкклMмм┬█▄▄NклMмм┬B≥┬█▄▄▀клMмм┬█▄▄KклMмм┬█▄▄NKклMмм┬█▄▄▄клMмм┬B≥┬█▄▄кклMмлх█▄▄▀клMмлх█▄▄▄KклMмлх█▄▄MкклMмлхB≥┬█▄▄KклMмлх█▄▄▀клMмлх█▄▄▄клMмлх█▄▄▄▀клMмлхB≥┬█▄▄▀клMмлх█▄▄клMмлх█▄▄▄кклMмлх█▄▄▄KклMмлхB≥┬█▄▄кклMмлх█▄▄KклMмлх█▄▄▄▀клMмлх█▄▄█клMмлхB≥┬█▄▄клMмм█▄▄LклMмм█▄▄█KклMмм█▄▄▄кклMммB≥┬█▄▄KклMмм█▄▄кклMмм█▄▄█клMмм█▄▄█▀клMммB≥┬█▄▄LклMмм█▄▄L▀клMмм█▄▄█кклMмм█▄▄█KклMммB≥┬█▄▄LKклMмм█▄▄KклMмм█▄▄█▀клMмм█▄▄▌клMммB≥┬█▄▄L▀клMммH█▄▄MклMммH█▄▄▌KклMммH█▄▄█кклMммHB≥┬█▄▄LкклMммH█▄▄LKклMммH█▄▄▌клMммH█▄▄лклMммHB≥┬█▄▄MклMммH█▄▄M▀клMммH█▄▄лKклMммH█▄▄▌KклMммHB≥┬█▄▄MKклMммH█▄▄LкклMммH█▄▄лклMммH█▄▄л▀клMммHB≥┬█▄▄M▀клMмм┬█▄▄клMмм┬█▄▄NклMмм┬█▄▄лKклMмм┬B≥┬█▄▄KклMмм┬█▄▄MKклMмм┬█▄▄л▀клMмм┬█▄▄NKклMмм┬B≥┬█▄▄лкклMмлH█▄▄мклMмлH█▄▄NклMмлH█▄▄MкклMмлHB≥┬█▄▄мKклMмлH█▄▄лкклMмлH█▄▄MкклMмлH█▄▄▄KклMмлHB≥┬█▄▄м▀клMмлH█▄▄мKклMмлH█▄▄▄KклMмлH█▄▄▄кклMмлHB≥┬█▄▄мкклMмлH█▄▄м▀клMмлH█▄▄▄кклMмлH█▄▄█KклMмлHB≥┬█▄▄нклMмлH█▄▄мкклMмлH█▄▄█KклMмлH█▄▄█кклMмлHB≥┬█▄▄нKклMмлH█▄▄нклMмлH█▄▄█кклMмлH█▄▄▌KклMмлHB≥┬█▄█клMмлH█▄▄нKклMмлH█▄▄▌KклMмлH█▄▄лKклMмлHB≥┬█▄▄мклMмлH█▄█клMмлH█▄▄лKклMмлH█▄▄NклMмлHB≥┬█▄█KклMмлH█▄▄мKклMмлH█▄▄м▀клMмлH█▄▄мкклMмлHB≥┬█▄▄нKклMмлH█▄█KклMмлH█▄▄мкклMмлH█▄▄нклMмлHB≥┬█▄▄мKклMмлH█▄█KклMмлH█▄▄мклMмлH█▄▄лкклMмлHB≥┬█▄█KклMмлH█▄▄нKклMмлH█▄█клMмлH█▄▄мклMмлHB≥┬█▄█▀клMмм█▄█кклMмм█▄█клMмм█▄█KклMммB≥┬█▄█▀клMммH█▄█кклMммH█▄█кклMммH█▄█▀клMммHB≥┬█▄█клMммH█▄█KклMммH█▄█кклMммH█▄█▀клMммHB≥┬█▄█LклMмм┬█▄█LKклMмм┬█▄█KклMмм┬█▄█клMмм┬B≥┬█▄█L▀клMмм┬█▄█LкклMмм┬█▄█LKклMмм┬█▄█LклMмм┬B≥┬█▄█MклMмлх█▄█MKклMмлх█▄█LкклMмлх█▄█L▀клMмлхB≥┬█▄█M▀клMмлх█▄█MкклMмлх█▄█MKклMмлх█▄█MклMмлхB≥┬█▄█KклMмм█▄█клMмм█▄█MкклMмм█▄█M▀клMммB≥┬█▄█NклMмм█▄█▀клMмм█▄█KклMмм█▄█NKклMммB≥┬█▄█▄клMмм█▄█клMмм█▄█кклMмм█▄█▄KклMммB≥┬█▄█▄▀клMммH█▄█▀клMммH█▄█▀клMммH█▄█NклMммHB≥┬█▄█▄KклMммH█▄█кклMммH█▄█кклMммH█▄█▄кклMммHB≥┬█▄██клMммH█▄█клMммH█▄█▀клMммH█▄█▄▀клMммHB≥┬█▄█▄кклMммH█▄█кклMммH█▄█KклMммH█▄██KклMммHB≥┬█▄██▀клMмм┬█▄█LклMмм┬█▄█клMмм┬█▄██клMмм┬B≥┬█▄██KклMмм┬█▄█KклMмм┬█▄█LKклMмм┬█▄██кклMмм┬B≥┬█▄█▌клMмм┬█▄█L▀клMмм┬█▄█LклMмм┬█▄██▀клMмм┬B≥┬█▄██кклMмм┬█▄█LKклMмм┬█▄█LкклMмм┬█▄█▌KклMмм┬B≥┬█▄█лклMмлх█▄█MклMмлх█▄█L▀клMмлх█▄█▌клMмлхB≥┬█▄█▌KклMмлх█▄█LкклMмлх█▄█MKклMмлх█▄█лKклMмлхB≥┬█▄█л▀клMмлх█▄█M▀клMмлх█▄█MклMмлх█▄█лклMмлхB≥┬█▄█лKклMмлх█▄█MKклMмлх█▄█MкклMмлх█▄█лкклMмлхB≥┬█▄█NKклMмм█▄█KклMмм█▄█M▀клMмм█▄█л▀клMммB≥┬█▄█лкклMмм█▄█MкклMмм█▄█клMмм█▄█▄клMммB≥┬█▄█NKклMмл┬█▄█мклMмл┬█▄█мKклMмл┬█▄█NклMмл┬B≥┬█▄█NклMмл┬█▄█мKклMмл┬█▄█м▀клMмл┬█▄█▄▀клMмл┬B≥┬█▄█▄▀клMмл┬█▄█м▀клMмл┬█▄█мкклMмл┬█▄██клMмл┬B≥┬█▄██клMмл┬█▄█мкклMмл┬█▄█нклMмл┬█▄██▀клMмл┬B≥┬█▄██▀клMмл┬█▄█нклMмл┬█▄█нKклMмл┬█▄█▌клMмл┬B≥┬█▄█▌клMмл┬█▄█нKклMмл┬█▄▌клMмл┬█▄█лклMмл┬B≥┬█▄█лклMмл┬█▄▌клMмл┬█▄▌KклMмл┬█▄█л▀клMмл┬B≥┬█▄█л▀клMмл┬█▄▌KклMмл┬█▄█мклMмл┬█▄█NKклMмл┬B≥┬█▄█мкклMмл┬█▄█м▀клMмл┬█▄▌▀клMмл┬█▄█нклMмл┬B≥┬█▄█нклMмл┬█▄▌▀клMмл┬█▄▌клMмл┬█▄█нKклMмл┬B≥┬█▄█мклMмл┬█▄▌▀клMмл┬█▄█м▀клMмл┬█▄█мKклMмл┬B≥┬█▄▌KклMмл┬█▄▌клMмл┬█▄▌▀клMмл┬█▄█мклMмл┬B°хCB≥┬█▄▄▄клMмлH█▄▄NKклMмлH█▄▌кклMмлH█▄▌клMмлHB≥┬█▄▄▄клMмлH█▄▌клMмлH█▄▌KклMмлH█▄▄▄▀клMмлHB≥┬█▄▄█клMмлH█▄▄▄▀клMмлH█▄▌KклMмлH█▄▌▀клMмлHB≥┬█▄▄█клMмлH█▄▌▀клMмлH█▄▌кклMмлH█▄▄█▀клMмлHB≥┬█▄▄▌клMмлH█▄▄█▀клMмлH█▄▌кклMмлH█▄▌клMмлHB≥┬█▄▄▌клMмлH█▄▌клMмлH█▄▌KклMмлH█▄▄лклMмлHB≥┬█▄▄л▀клMмлH█▄▄лклMмлH█▄▌KклMмлH█▄▌LклMмлHB≥┬█▄▄л▀клMмлH█▄▌LклMмлH█▄▌кклMмлH█▄▄NKклMмлHB≥┬█▄█▄клMмлH█▄█▄KклMмлH█▄▌клMмлH█▄▌кклMмлHB≥┬█▄▌клMмлH█▄█▄KклMмлH█▄█▄кклMмлH█▄▌KклMмлHB≥┬█▄█▄кклMмлH█▄██KклMмлH█▄▌▀клMмлH█▄▌KклMмлHB≥┬█▄▌▀клMмлH█▄██KклMмлH█▄██кклMмлH█▄▌кклMмлHB≥┬█▄██кклMмлH█▄█▌KклMмлH█▄▌клMмлH█▄▌кклMмлHB≥┬█▄▌клMмлH█▄█▌KклMмлH█▄█лKклMмлH█▄▌KклMмлHB≥┬█▄█лKклMмлH█▄█лкклMмлH█▄▌LклMмлH█▄▌KклMмлHB≥┬█▄▌LклMмлH█▄█лкклMмлH█▄█▄клMмлH█▄▌кклMмлHB°хы≥┐B≥┬█▄▌LKклMмлх█▄▌L▀клMмлх█▄▌LкклMмлх█▄▌MклMмлхB≥┬█▄▌L▀клMмм┬█▄▌MKклMмм┬█▄▌M▀клMмм┬█▄▌LкклMмм┬B≥┬█▄▌MKклMмм┬█▄▌MкклMмм┬█▄▌NклMмм┬█▄▌M▀клMмм┬B≥┬█▄▌MкклMммH█▄▌NKклMммH█▄лклMммH█▄▌NклMммHB≥┬█▄▌NKклMммH█▄лKклMммH█▄л▀клMммH█▄лклMммHB≥┬█▄лкклMммH█▄лклMммH█▄лKклMммH█▄л▀клMммHB≥┬█▄лклMмм█▄лкклMмм█▄лклMмм█▄лKклMммB≥┬█▄лкклMмм█▄лKклMмм█▄лLклMмм█▄лклMммB≥┬█▄лLKклMмлх█▄лL▀клMмлх█▄лLкклMмлх█▄лMклMмлхB≥┬█▄лL▀клMмлх█▄▌LKклMмлх█▄▌MклMмлх█▄лLкклMмлхB≥┬█▄лKклMмлх█▄лMKклMмлх█▄лM▀клMмлх█▄лLклMмлхB≥┬█▄лMкклMммH█▄лкклMммH█▄л▀клMммH█▄лNклMммHB≥┬█▄лMKклMмлх█▄лLKклMмлх█▄лMклMмлх█▄лM▀клMмлхB≥┬█▄лKклMммH█▄лMкклMммH█▄лNклMммH█▄л▀клMммHB≥┬█▄▌MклMмлх█▄▌LкклMмлх█▄лNKклMмлх█▄л▄клMмлхB≥┬█▄▌L▀клMмлх█▄▌LKклMмлх█▄л▄KклMмлх█▄л▄▀клMмлхB≥┬█▄▌LкклMмм┬█▄▌M▀клMмм┬█▄л▄кклMмм┬█▄лNKклMмм┬B≥┬█▄▌MKклMмм┬█▄▌L▀клMмм┬█▄л▄▀клMмм┬█▄л█клMмм┬B≥┬█▄▌M▀клMмм┬█▄▌NклMмм┬█▄л█KклMмм┬█▄л▄кклMмм┬B≥┬█▄▌MкклMмм┬█▄▌MKклMмм┬█▄л█клMмм┬█▄л█▀клMмм┬B≥┬█▄▌NклMммH█▄лклMммH█▄л█кклMммH█▄л█KклMммHB≥┬█▄▌NKклMммH█▄▌MкклMммH█▄л█▀клMммH█▄л▌клMммHB≥┬█▄лклMммH█▄л▀клMммH█▄л▌KклMммH█▄л█кклMммHB≥┬█▄лKклMммH█▄▌NKклMммH█▄л▌клMммH█▄ллклMммHB≥┬█▄л▀клMммH█▄лKклMммH█▄ллKклMммH█▄лл▀клMммHB≥┬█▄лклMммH█▄лкклMммH█▄ллкклMммH█▄лмклMммHB≥┬█▄лKклMмм█▄лклMмм█▄лмKклMмм█▄ллKклMммB≥┬█▄лкклMмм█▄лклMмм█▄лмклMмм█▄лм▀клMммB≥┬█▄лклMмм█▄лLклMмм█▄лмкклMмм█▄лмKклMммB≥┬█▄лKклMмм█▄лкклMмм█▄лм▀клMмм█▄лнклMммB≥┬█▄лMклMмлх█▄лLкклMмлх█▄лнKклMмлх█▄мклMмлхB≥┬█▄лL▀клMмлх█▄лLKклMмлх█▄мKклMмлх█▄м▀клMмлхB≥┬█▄лLкклMмлх█▄▌MклMмлх█▄л▄клMмлх█▄лнKклMмлхB≥┬█▄▌LKклMмлх█▄лL▀клMмлх█▄м▀клMмлх█▄л▄KклMмлхB≥┬█▄лLклMмлх█▄лM▀клMмлх█▄мкклMмлх█▄лмкклMмлхB≥┬█▄лMKклMмлх█▄лKклMмлх█▄лнклMмлх█▄мклMмлхB≥┬█▄лNклMммH█▄л▀клMммH█▄лл▀клMммH█▄мKклMммHB≥┬█▄лкклMммH█▄лMкклMммH█▄м▀клMммH█▄ллкклMммHB≥┬█▄лM▀клMмлх█▄лMклMмлх█▄мклMмлх█▄мкклMмлхB≥┬█▄лLKклMмлх█▄лMKклMмлх█▄мклMмлх█▄мKклMмлхB≥┬█▄л▀клMммH█▄лNклMммH█▄мKклMммH█▄л▌KклMммHB≥┬█▄лMкклMммH█▄лKклMммH█▄ллклMммH█▄м▀клMммHB≥┬█▄мкклMмл┬█▄мклMмл┬█▄л▄клMмл┬█▄лNKклMмл┬B≥┬█▄мKклMмл┬█▄мкклMмл┬█▄лNKклMмл┬█▄л▄кклMмл┬B≥┬█▄мLклMмл┬█▄мKклMмл┬█▄л▄кклMмл┬█▄л█KклMмл┬B≥┬█▄мLKклMмл┬█▄мLклMмл┬█▄л█KклMмл┬█▄л█кклMмл┬B≥┬█▄мL▀клMмл┬█▄мLKклMмл┬█▄л█кклMмл┬█▄л▌KклMмл┬B≥┬█▄мLкклMмл┬█▄мL▀клMмл┬█▄л▌KклMмл┬█▄мKклMмл┬B≥┬█▄мMклMмнH█▄мLкклMмнH█▄мKклMмнH█▄лл▀клMмнHB≥┬█▄мMKклMмл┬█▄мMклMмл┬█▄лл▀клMмл┬█▄ллKклMмл┬B≥┬█▄мM▀клMмл┬█▄мMKклMмл┬█▄ллKклMмл┬█▄лмKклMмл┬B≥┬█▄мMкклMмл┬█▄мM▀клMмл┬█▄лмKклMмл┬█▄лмкклMмл┬B≥┬█▄мNклMмл┬█▄мMкклMмл┬█▄лмкклMмл┬█▄мкклMмл┬B≥┬█▄мNKклMмнH█▄мNклMмнH█▄мкклMмнH█▄мклMмнHB≥┬█▄м▄клMмл┬█▄мNKклMмл┬█▄мклMмл┬█▄лнKклMмл┬B≥┬█▄мклMмл┬█▄м▄клMмл┬█▄лнKклMмл┬█▄л▄клMмл┬B≥┬█▄мLKклMмл┬█▄м▄KклMмл┬█▄мKклMмл┬█▄мLклMмл┬B≥┬█▄м▄KклMмл┬█▄мклMмл┬█▄мкклMмл┬█▄мKклMмл┬B≥┬█▄мL▀клMмл┬█▄м▄▀клMмл┬█▄м▄KклMмл┬█▄мLKклMмл┬B≥┬█▄м▄▀клMмл┬█▄м▄клMмл┬█▄мклMмл┬█▄м▄KклMмл┬B≥┬█▄мLкклMмл┬█▄м▄кклMмл┬█▄м▄▀клMмл┬█▄мL▀клMмл┬B≥┬█▄м▄кклMмл┬█▄мNKклMмл┬█▄м▄клMмл┬█▄м▄▀клMмл┬B≥┬█▄мMклMмнH█▄м█клMмнH█▄м▄кклMмнH█▄мLкклMмнHB≥┬█▄м█клMмнH█▄мNклMмнH█▄мNKклMмнH█▄м▄кклMмнHB≥┬█▄м█клMмл┬█▄мMклMмл┬█▄мMKклMмл┬█▄мM▀клMмл┬B≥┬█▄мNклMмл┬█▄м█клMмл┬█▄мM▀клMмл┬█▄мMкклMмл┬B≥┬█▄м█KклMммH█▄м█▀клMммH█▄м█кклMммH█▄м▌клMммHB≥┬█▄м▌KклMмм█▄млклMмм█▄м█▀клMмм█▄м█KклMммB≥┬█▄млKклMмм█▄мл▀клMмм█▄млклMмм█▄м▌KклMммB≥┬█▄млкклMмлх█▄ммклMмлх█▄мл▀клMмлх█▄млKклMмлхB≥┬█▄ммKклMмлх█▄мм▀клMмлх█▄ммклMмлх█▄млкклMмлхB≥┬█▄ммкклMмлх█▄мнклMмлх█▄мнKклMмлх█▄нклMмлхB≥┬█▄нKклMмм┬█▄н▀клMмм┬█▄мнклMмм┬█▄ммкклMмм┬B≥┬█▄нкклMмм┬█▄нклMмм┬█▄н▀клMмм┬█▄нKклMмм┬B≥┬█▄нKклMммH█▄н▀клMммH█▄нкклMммH█▄нклMммHB≥┬█▄м▌клMммH█▄м█кклMммH█▄н▀клMммH█▄нKклMммHB≥┬█▄нKклMммH█▄нLклMммH█▄нклMммH█▄нкклMммHB≥┬█▄нклMмлх█▄мнKклMмлх█▄нLKклMмлх█▄нL▀клMмлхB≥┬█▄нклMммH█▄нкклMммH█▄нLклMммH█▄нKклMммHB≥┬█▄нL▀клMмлх█▄нLKклMмлх█▄мм▀клMмлх█▄ммKклMмлхB≥┬█▄нLкклMммH█▄м█KклMммH█▄м▌клMммH█▄нMклMммHB≥┬█▄нMKклMммH█▄м█кклMммH█▄м█▀клMммH█▄нM▀клMммHB≥┬█▄нMкклMмм█▄м▌KклMмм█▄м█KклMмм█▄нLкклMммB≥┬█▄нM▀клMмм█▄м█▀клMмм█▄млклMмм█▄нNклMммB≥┬█▄нNKклMмм█▄млKклMмм█▄м▌KклMмм█▄нMкклMммB≥┬█▄нNклMмм█▄млклMмм█▄мл▀клMмм██клMммB≥┬██KклMмлх█▄млкклMмлх█▄млKклMмлх█▄нNKклMмлхB≥┬██клMмлх█▄мл▀клMмлх█▄ммклMмлх██▀клMмлхB≥┬██кклMмлх█▄ммKклMмлх█▄млкклMмлх██KклMмлхB≥┬██▀клMмлх█▄ммклMмлх█▄мм▀клMмлх██клMмлхB≥┬██KклMмлх█▄ммкклMмлх█▄нклMмлх██▀клMмлхB≥┬██кклMмлх█▄мнKклMмлх█▄мнклMмлх██клMмлхB≥┬██KклMмм┬█▄нKклMмм┬█▄ммкклMмм┬██KклMмм┬B≥┬██клMмм┬█▄мнклMмм┬█▄н▀клMмм┬██LклMмм┬B≥┬██LKклMмм┬█▄нкклMмм┬█▄нKклMмм┬██KклMмм┬B≥┬██LклMмм┬█▄н▀клMмм┬█▄нклMмм┬██L▀клMмм┬B≥┬██LкклMммH█▄нKклMммH█▄нклMммH██MклMммHB≥┬██MKклMммH█▄нкклMммH█▄н▀клMммH██M▀клMммHB≥┬█▄нMклMммH█▄м▌клMммH█▄нKклMммH██LкклMммHB≥┬██M▀клMммH█▄н▀клMммH█▄м█кклMммH█▄нMKклMммHB≥┬██MкклMммH█▄нKклMммH█▄нкклMммH██LKклMммHB≥┬██L▀клMммH█▄нклMммH█▄нLклMммH██NклMммHB≥┬██▀клMмлх█▄нклMмлх█▄нL▀клMмлх██NKклMмлхB≥┬██▄клMмлх█▄нLKклMмлх█▄мнKклMмлх██кклMмлхB≥┬██MклMммH█▄нклMммH█▄нKклMммH██MкклMммHB≥┬██NклMммH█▄нLклMммH█▄нкклMммH██MKклMммHB≥┬██NKклMмлх█▄нL▀клMмлх█▄ммKклMмлх██кклMмлхB≥┬██клMмлх█▄мм▀клMмлх█▄нLKклMмлх██▄клMмлхB≥┬█▄нMклMмлH██▄KклMмлH██▄▀клMмлH█▄нLкклMмлHB≥┬█▄нLкклMмлH██▄▀клMмлH██▄кклMмлH█▄нMкклMмлHB≥┬█▄нMкклMмлH██▄кклMмлH███клMмлH█▄нNKклMмлHB≥┬█▄нNKклMмлH███клMмлH███KклMмлH██KклMмлHB≥┬██KклMмлH███KклMмлH███▀клMмлH██кклMмлHB≥┬██кклMмлH███▀клMмлH███кклMмлH██NKклMмлHB≥┬██NKклMмлH███кклMмлH██▌клMмлH██▀клMмлHB≥┬██▀клMмлH██▌клMмлH██▌KклMмлH██KклMмлHB≥┬██KклMмлH██▌KклMмлH██лклMмлH██KклMмлHB≥┬██KклMмлH██лклMмлH██лKклMмлH██LKклMмлHB≥┬██LKклMмлH██лKклMмлH██л▀клMмлH██MкклMмлHB≥┬██MкклMмлH██л▀клMмлH██лкклMмлH██MклMмлHB≥┬██MклMмлH██лкклMмлH██мклMмлH██LкклMмлHB≥┬██LкклMмлH██мклMмлH██▄KклMмлH█▄нMклMмлHB≥┬██▄кклMмлH██мKклMмлH███KклMмлH███клMмлHB≥┬██▄▀клMмлH██▄KклMмлH██мKклMмлH██▄кклMмлHB≥┬██мKклMмлH██м▀клMмлH███▀клMмлH███KклMмлHB≥┬██▄KклMмлH██мклMмлH██м▀клMмлH██мKклMмлHB≥┬██м▀клMмлH██мкклMмлH███кклMмлH███▀клMмлHB≥┬██мклMмлH██лкклMмлH██мкклMмлH██м▀клMмлHB≥┬██мкклMмлH██нклMмлH██▌клMмлH███кклMмлHB≥┬██лкклMмлH██л▀клMмлH██нклMмлH██мкклMмлHB≥┬██▌KклMмлH██▌клMмлH██нклMмлH██лклMмлHB≥┬██лклMмлH██нклMмлH██л▀клMмлH██лKклMмлHB°хCB≥┬█▄л▄▀клMмл┬█▄л▄KклMмл┬██нKклMмл┬██клMмл┬B≥┬█▄л▄▀клMмл┬██клMмл┬██KклMмл┬█▄л█клMмл┬B≥┬█▄л█▀клMмл┬█▄л█клMмл┬██KклMмл┬██▀клMмл┬B≥┬█▄л█▀клMмл┬██▀клMмл┬██кклMмл┬█▄л▌клMмл┬B≥┬█▄л▌клMмл┬██кклMмл┬██клMмл┬█▄ллклMмл┬B≥┬█▄лмклMмл┬█▄ллкклMмнH██KклMмнH██▀клMмл┬B≥┬█▄лмклMмл┬██▀клMмл┬██кклMмл┬█▄лм▀клMмл┬B≥┬█▄лнклMмл┬█▄лм▀клMмл┬██кклMмл┬██клMмл┬B≥┬█▄мKклMмнH██KклMмнH██LклMмл┬█▄м▀клMмл┬B≥┬█▄м▀клMмл┬██LклMмл┬██нKклMмл┬█▄л▄KклMмл┬B≥┬█▄лнклMмл┬██клMмл┬██LKклMмнH█▄мклMмнHB≥┬█▄м▀клMмнH██L▀клMмнH██KклMмнH█▄ллкклMмнHB≥┬█▄мклMмнH██LKклMмнH██KклMмнH█▄мKклMмнHB≥┬█▄ллклMмл┬██клMмл┬██L▀клMмнH█▄м▀клMмнHB≥┬█▄нMKклMмл┬█▄нM▀клMмл┬██клMмл┬██нKклMмл┬B≥┬██клMмл┬█▄нM▀клMмл┬█▄нNклMмл┬██KклMмл┬B≥┬█▄нNклMмл┬██клMмл┬██▀клMмл┬██KклMмл┬B≥┬██▀клMмл┬██клMмл┬██▀клMмл┬██кклMмл┬B≥┬██▀клMмл┬██клMмл┬██клMмл┬██кклMмл┬B≥┬██кклMмнH██клMмл┬██▀клMмл┬██KклMмнHB≥┬██▀клMмл┬██клMмл┬██LклMмл┬██кклMмл┬B≥┬██LклMмл┬██L▀клMмл┬██клMмл┬██кклMмл┬B≥┬██MKклMмнH██M▀клMмл┬██LклMмл┬██KклMмнHB≥┬██M▀клMмл┬█▄нMKклMмл┬██нKклMмл┬██LклMмл┬B≥┬██клMмл┬██L▀клMмл┬██NклMмнH██LKклMмнHB≥┬██▄клMмнH██кклMмнH██KклMмнH██L▀клMмнHB≥┬██NклMмнH██MKклMмнH██KклMмнH██LKклMмнHB≥┬██клMмл┬██▄клMмнH██L▀клMмнH██клMмл┬B°хы≥┐B≥┬██LкклMмлх██MклMмлх██MKклMмлх██M▀клMмлхB≥┬██MклMмм┬██MкклMмм┬██NклMмм┬██MKклMмм┬B≥┬██MкклMмм┬██NKклMмм┬██▄клMмм┬██NклMмм┬B≥┬██NKклMммH██▄KклMммH██▄▀клMммH██▄клMммHB≥┬██▄KклMммH██▄кклMммH███клMммH██▄▀клMммHB≥┬██▄кклMн███KклMн███▀клMн███клMнB≥┬███KклMмм███кклMмм██▌клMмм███▀клMммB≥┬███кклMмм██▌KклMмм██лклMмм██▌клMммB≥┬██▌KклMмлх██лKклMмлх██л▀клMмлх██лклMмлхB≥┬██лKклMмлх██LкклMмлх██M▀клMмлх██л▀клMмлхB≥┬██M▀клMмлх██MKклMмлх██лкклMмлх██мклMмлхB≥┬██MклMмлх██LкклMмлх██мKклMмлх██м▀клMмлхB≥┬██MKклMмм┬██NклMмм┬██мкклMмм┬██лкклMмм┬B≥┬██MкклMмм┬██MклMмм┬██м▀клMмм┬██нклMмм┬B≥┬██NклMмм┬██▄клMмм┬██нKклMмм┬██мкклMмм┬B≥┬██NKклMмм┬██MкклMмм┬██нклMмм┬██клMмм┬B≥┬██▄клMммH██▄▀клMммH██KклMммH██нKклMммHB≥┬██▄KклMммH██NKклMммH██клMммH██▀клMммHB≥┬██▄▀клMммH███клMммH██кклMммH██KклMммHB≥┬██▄кклMммH██▄KклMммH██▀клMммH██клMммHB≥┬███клMн███▀клMн██KклMн██кклMнB≥┬███KклMн██▄кклMн██клMн██▀клMнB≥┬███▀клMмм██▌клMмм██кклMмм██KклMммB≥┬███кклMмм███KклMмм██▀клMмм██клMммB≥┬██▌клMмм██лклMмм██KклMмм██кклMммB≥┬██▌KклMмм███кклMмм██клMмм██LклMммB≥┬██лклMмлх██л▀клMмлх██LKклMмлх██KклMмлхB≥┬██лKклMмлх██▌KклMмлх██LклMмлх██L▀клMмлхB≥┬██л▀клMмлх██M▀клMмлх██мклMмлх██LKклMмлхB≥┬██LкклMмлх██лKклMмлх██L▀клMмлх██мKклMмлхB≥┬██LкклMмл┬██MклMмл┬██мклMмл┬██лкклMмл┬B≥┬██MKклMмл┬██LкклMмл┬██лкклMмл┬██мкклMмл┬B≥┬██M▀клMмл┬██MKклMмл┬██мкклMмл┬██нKклMмл┬B≥┬██MкклMмл┬██M▀клMмл┬██нKклMмл┬██KклMмл┬B≥┬██NклMмл┬██MкклMмл┬██KклMмл┬██кклMмл┬B≥┬██NKклMмл┬██NклMмл┬██кклMмл┬██KклMмл┬B≥┬██LклMмл┬██NKклMмл┬██KклMмл┬██кклMмл┬B≥┬██LKклMмл┬██LклMмл┬██кклMмл┬██KклMмл┬B≥┬██L▀клMмл┬██LKклMмл┬██KклMмл┬██LKклMмл┬B≥┬██MклMмл┬██L▀клMмл┬██LKклMмл┬██мклMмл┬B≥┬██MкклMмл┬██LкклMмл┬██MKклMмл┬██M▀клMмл┬B≥┬██LкклMмл┬██MклMмл┬██LкклMмл┬██MKклMмл┬B≥┬██NклMмл┬██LклMмл┬██LкклMмл┬██MкклMмл┬B≥┬██LклMмл┬██L▀клMмл┬██MклMмл┬██LкклMмл┬B≥┬██LклMмл┬██NклMмл┬██NKклMмл┬██LклMмл┬B≥┬██L▀клMмл┬██LклMмл┬██LклMмл┬██LKклMмл┬B≥┬██LKклMммH██L▀клMммH██LкклMммH██LклMммHB≥┬██LKклMмм██LLклMмм██L▀клMмм██LKклMммB≥┬██LLKклMмм██LL▀клMмм██LLклMмм██LKклMммB≥┬██LLкклMмлх██LMклMмлх██LL▀клMмлх██LLKклMмлхB≥┬██LMKклMмлх██LM▀клMмлх██LMклMмлх██LLкклMмлхB≥┬██LMкклMмлх██LNклMмлх██LM▀клMмлх██LMKклMмлхB≥┬██LNKклMмм┬██L▄клMмм┬██LNклMмм┬██LMкклMмм┬B≥┬██L▄KклMмм┬██L▄▀клMмм┬██L▄клMмм┬██LNKклMмм┬B≥┬██L▄кклMммH██L█клMммH██L▄▀клMммH██L▄KклMммHB≥┬██LклMммH██LкклMммH██L█клMммH██L▄кклMммHB≥┬██L█KклMммH██LKклMммH██LклMммH██L█▀клMммHB≥┬██L█кклMммH██LкклMммH██L▀клMммH██L▌клMммHB≥┬██L▌KклMмм██LKклMмм██LKклMмм██L█KклMммB≥┬██L▌клMмм██L▀клMмм██LLклMмм██LлклMммB≥┬██LлKклMмм██LLKклMмм██LKклMмм██L▌KклMммB≥┬██LлклMмм██LLклMмм██LL▀клMмм██Lл▀клMммB≥┬██LлкклMмлх██LLкклMмлх██LLKклMмлх██LлKклMмлхB≥┬██Lл▀клMмлх██LL▀клMмлх██LMклMмлх██LмклMмлхB≥┬██LмKклMмлх██LMKклMмлх██LLкклMмлх██LлкклMмлхB≥┬██LмклMмлх██LMклMмлх██LM▀клMмлх██Lм▀клMмлхB≥┬██LмкклMмлх██LMкклMмлх██LMKклMмлх██LмKклMмлхB≥┬██Lм▀клMмлх██LM▀клMмлх██LNклMмлх██LнклMмлхB≥┬██LнKклMмм┬██LNKклMмм┬██LMкклMмм┬██LмкклMмм┬B≥┬██LнклMмм┬██LNклMмм┬██L▄клMмм┬██MклMмм┬B≥┬██MKклMмм┬██L▄KклMмм┬██LNKклMмм┬██LнKклMмм┬B≥┬██MклMмм┬██L▄клMмм┬██L▄▀клMмм┬██M▀клMмм┬B≥┬██MкклMммH██L▄кклMммH██L▄KклMммH██MKклMммHB≥┬██M▀клMммH██L▄▀клMммH██L█клMммH██MклMммHB≥┬██L█▀клMммH██LклMммH██L▄кклMммH██MкклMммHB≥┬██MклMммH██L█клMммH██LкклMммH██L█кклMммHB≥┬██L█▀клMмлH██MKклMмлH██M▀клMмлH██L█KклMмлHB≥┬██L█KклMмлH██M▀клMмлH██MкклMмлH██L▌KклMмлHB≥┬██L▌KклMмлH██MкклMмлH██MклMмлH██LлKклMмлHB≥┬██LлKклMмлH██MклMмлH██MKклMмлH██LлкклMмлHB≥┬██LлкклMмлH██MKклMмлH██MLклMмлH██LмKклMмлHB≥┬██LмKклMмлH██MLклMмлH██MLKклMмлH██LмкклMмлHB≥┬██LмкклMмлH██MLKклMмлH██ML▀клMмлH██LнKклMмлHB≥┬██LнKклMмлH██ML▀клMмлH██MLкклMмлH██MKклMмлHB≥┬██MKклMмлH██MLкклMмлH██MMклMмлH██MкклMмлHB≥┬██MкклMмлH██MMклMмлH██MKклMмлH██L█▀клMмлHB≥┬██MкклMмлH██MMKклMмлH██MKклMмлH██MклMмлHB≥┬██M▀клMмлH██MKклMмлH██MMKклMмлH██MкклMмлHB≥┬██MMKклMмлH██MM▀клMмлH██MLклMмлH██MKклMмлHB≥┬██MKклMмлH██MMклMмлH██MM▀клMмлH██MMKклMмлHB≥┬██MLKклMмлH██MLклMмлH██MM▀клMмлH██ML▀клMмлHB≥┬██ML▀клMмлH██MM▀клMмлH██MMклMмлH██MLкклMмлHB°хCB≥┬██м▀клMмл┬██мKклMмл┬██MMкклMмл┬██MNклMмл┬B≥┬██м▀клMмл┬██MNклMмл┬██MNKклMмл┬██нклMмл┬B≥┬██клMмл┬██нклMмл┬██MNKклMмл┬██M▄клMмл┬B≥┬██клMмл┬██M▄клMмл┬██M▄KклMмл┬██▀клMмл┬B≥┬██▀клMмл┬██M▄KклMмл┬██M▄▀клMмл┬██клMмл┬B≥┬██▀клMмл┬██клMмл┬██M▄▀клMмл┬██M▄кклMмл┬B≥┬██▀клMмл┬██M▄кклMмл┬██M█клMмл┬██клMмл┬B≥┬██LклMмл┬██клMмл┬██M█клMмл┬██M█KклMмл┬B≥┬██LклMмл┬██M█KклMмл┬██M█▀клMмл┬██L▀клMмл┬B≥┬██L▀клMмл┬██M█▀клMмл┬██MMкклMмл┬██мKклMмл┬B≥┬██L█кклMмл┬██L▌клMмл┬██MNклMмл┬██MMкклMмл┬B≥┬██MNклMмл┬██L▌клMмл┬██LлклMмл┬██MNKклMмл┬B≥┬██LлклMмл┬██Lл▀клMмл┬██M▄клMмл┬██MNKклMмл┬B≥┬██M▄клMмл┬██Lл▀клMмл┬██LмклMмл┬██M▄KклMмл┬B≥┬██LмклMмл┬██Lм▀клMмл┬██M▄▀клMмл┬██M▄KклMмл┬B≥┬██Lм▀клMмл┬██LнклMмл┬██M▄кклMмл┬██M▄▀клMмл┬B≥┬██M▄кклMмл┬██LнклMмл┬██MклMмл┬██M█клMмл┬B≥┬██MклMмл┬██M▀клMмл┬██M█KклMмл┬██M█клMмл┬B≥┬██M█KклMмл┬██M▀клMмл┬██MклMмл┬██M█▀клMмл┬B≥┬██MклMмл┬██L█кклMмл┬██MMкклMмл┬██M█▀клMмл┬B┬хMм┬шYшш°цB┐B